pred_precio_log,precio_pred,id
5.954765,385.59,18674
5.951742,384.42,23197
6.0177503,410.65,34981
3.621529,37.39,36763
5.2514315,190.84,40983
6.1139717,452.13,71520
5.237042,188.11,71553
4.4595003,86.44,71736
5.3895984,219.12,72436
5.293474,199.03,75411
5.275335,195.46,80004
5.52959,252.04,89776
5.2829967,196.96,110041
5.8820825,358.56,112538
5.4762573,238.95,135513
3.8714952,48.01,136670
4.2306147,68.76,144471
4.080173,59.16,144801
3.0449243,21.01,147275
5.3216968,204.73,171646
5.284373,197.23,171816
5.738473,310.59,174382
4.254688,70.43,183650
6.219253,502.33,188267
6.2458563,515.87,196021
6.2169814,501.19,198958
5.2702165,194.46,206122
5.1585264,173.91,206167
5.447734,232.23,209673
5.393257,219.92,234375
5.398609,221.1,252232
5.9779053,394.61,268017
5.8826685,358.77,268022
5.1871495,178.96,269467
6.0404644,420.09,272282
5.0977387,163.65,273229
5.507417,246.51,273932
5.529182,251.94,274156
5.822561,337.84,275336
5.8086624,333.17,275346
4.6546354,105.07,275350
5.425022,227.02,283231
4.373782,79.34,288034
4.9540806,141.75,290535
5.2460017,189.81,315769
5.257515,192.0,320506
5.3274984,205.92,330766
5.646751,283.37,330957
4.1599565,64.07,341563
5.4383745,230.07,343864
5.3755903,216.07,343866
5.229646,186.73,347824
5.8128014,334.56,351395
5.3952518,220.36,352772
5.527358,251.48,353640
5.6287084,278.3,357576
5.315775,203.52,359841
5.4444137,231.46,364030
5.702847,299.72,365911
4.814934,123.34,370665
5.4976077,244.11,373667
6.0749106,434.81,384063
5.835609,342.27,384464
5.178039,177.33,393717
5.1552095,173.33,399772
5.4930134,242.99,402369
5.455877,234.13,408599
5.6909833,296.18,424137
5.5033655,245.52,424294
6.3721156,585.29,425639
5.655001,285.72,432482
3.7566268,42.8,438102
5.3990493,221.2,439057
5.453335,233.54,443110
5.451309,233.06,443222
5.244139,189.45,449854
5.440074,230.46,449999
5.4554973,234.04,451758
5.909339,368.46,457195
4.496388,89.69,469157
5.7598844,317.31,469177
5.2658086,193.6,469710
5.762576,318.17,472062
5.7016754,299.37,473395
5.8075275,332.8,473459
5.56665,261.56,481739
5.2326083,187.28,487233
5.6392345,281.25,490517
5.6479616,283.71,490803
4.724985,112.73,502436
5.881558,358.37,503765
5.689613,295.78,504657
5.503406,245.53,508212
5.108037,165.35,510923
5.7640595,318.64,511739
5.6389217,281.16,512387
5.68637,294.82,512666
5.4371147,229.78,512737
5.905121,366.91,513825
6.124412,456.88,517407
4.1376395,62.65,519316
5.7672276,319.65,519494
5.9119115,369.41,519631
5.641248,281.81,520389
5.5635552,260.75,522705
6.0675254,431.61,531195
5.5485773,256.87,534410
6.030748,416.03,534550
5.368763,214.6,537176
5.7398844,311.03,548052
5.34693,209.96,548085
4.5036983,90.35,554955
5.341405,208.81,558886
4.0368977,56.65,562020
5.10327,164.56,563971
4.286859,72.74,567962
3.6299531,37.71,568129
3.582663,35.97,568185
5.282116,196.79,569610
4.1807146,65.41,572646
3.593755,36.37,576046
5.7338786,309.17,576550
6.356475,576.21,578558
5.886481,360.14,582364
5.7874174,326.17,584348
5.537796,254.12,585762
4.422211,83.28,585872
5.3967066,220.68,588268
5.399268,221.24,588996
5.387523,218.66,590503
5.5245576,250.78,594580
5.511732,247.58,598329
4.914822,136.3,600162
5.5913377,268.09,615381
4.431718,84.08,617704
5.518125,249.17,619728
5.898174,364.37,636702
5.3770328,216.38,639820
5.363865,213.55,645513
5.254295,191.39,659469
6.1018324,446.68,663096
5.5028276,245.38,667177
5.177216,177.19,670782
5.247989,190.18,671458
2.2702827,9.68,675175
6.639424,764.65,682808
5.359347,212.59,682871
3.518346,33.73,684639
3.385002,29.52,684643
5.221348,185.18,688527
5.2627926,193.02,688946
5.363656,213.5,698593
5.700299,298.96,699920
6.0006623,403.7,700150
5.1419997,171.06,715036
5.682674,293.73,721378
5.1612573,174.38,721470
5.28154,196.67,721471
5.564228,260.92,721473
5.7823257,324.51,721478
5.7517204,314.73,721479
5.878858,357.4,721504
5.4333863,228.92,721509
5.7030864,299.79,721510
5.7780347,323.12,721511
5.2725086,194.9,721512
5.496335,243.8,722742
4.532752,93.01,723462
5.211195,183.31,725009
5.934621,377.9,728480
5.3203487,204.46,729078
2.8624249,17.5,731049
5.5050125,245.92,739557
5.258119,192.12,742156
5.3098145,202.31,742241
5.4976835,244.13,743612
5.0023336,148.76,744153
5.9924254,400.38,745220
6.0935884,443.01,745275
5.2020593,181.65,746086
3.2643635,26.16,748693
5.2358236,187.88,750066
6.009434,407.25,753322
3.6532762,38.6,756588
5.624067,277.01,757149
5.662858,287.97,759769
4.4087996,82.17,760981
5.194616,180.3,764452
5.5500636,257.25,767596
5.626602,277.72,767889
5.481553,240.22,770175
5.471101,237.72,773886
5.2492013,190.41,775644
5.162705,174.64,775794
5.47476,238.59,776038
6.34154,567.67,777476
5.483811,240.76,777587
4.984828,146.18,790404
4.906683,135.19,790475
4.2526965,70.29,799240
5.3723063,215.36,800045
5.6947412,297.3,801237
5.3274016,205.9,804268
5.118075,167.01,811918
5.569098,262.2,814172
5.5951915,269.13,814177
5.6205935,276.05,814202
5.6083293,272.69,814226
4.2566643,70.57,820497
5.465617,236.42,821100
5.246292,189.86,821523
5.603352,271.33,823272
5.457198,234.44,824902
4.333576,76.22,827250
5.888277,360.78,832755
5.287994,197.95,839655
5.478948,239.59,842126
5.417898,225.4,842389
5.7049227,300.34,846423
5.3251786,205.45,847195
5.943702,381.34,852195
5.7865596,325.89,865191
5.408371,223.27,871899
5.4395304,230.33,875171
6.5975466,733.29,876101
5.703142,299.81,877884
5.0477667,155.67,883382
5.130682,169.13,884420
5.380922,217.22,886088
5.969614,391.35,887953
5.955445,385.85,888988
5.5011744,244.98,889575
5.575999,264.01,892906
5.355868,211.85,892922
5.701709,299.38,892949
5.156355,173.53,893052
5.517774,249.08,893399
5.9059815,367.23,895091
5.63064,278.84,896367
3.5738657,35.65,900045
5.9087424,368.24,902403
5.59563,269.25,903135
5.565982,261.38,904862
5.123491,167.92,906559
5.119394,167.23,912414
6.1287947,458.88,915823
5.7056007,300.55,916232
6.698565,811.24,917308
5.340173,208.55,918481
4.7641664,117.23,918907
5.48423,240.86,922906
5.2827063,196.9,922907
5.567941,261.89,925557
4.0318465,56.36,928725
5.585691,266.58,929663
6.141905,464.94,931437
4.879203,131.53,931756
5.708659,301.47,934979
4.9644337,143.23,936734
5.0594935,157.51,936781
5.5458083,256.16,936850
5.3033485,201.01,936900
5.8012915,330.73,937331
5.4237633,226.73,937657
5.5668006,261.6,939692
5.973572,392.91,939792
5.858097,350.06,940338
5.1950564,180.38,940374
5.5858693,266.63,942410
5.3737245,215.66,945007
5.5703115,262.52,945564
5.4859467,241.28,946122
6.0719337,433.52,947269
5.3913484,219.5,951364
5.4052815,222.58,956256
5.85665,349.55,956768
5.2429833,189.23,957402
5.224956,185.85,957657
5.860195,350.79,959089
5.2826643,196.89,961548
5.4566827,234.32,963289
6.106291,448.67,963533
5.5724087,263.07,965712
5.886468,360.13,965733
5.9045563,366.7,967346
5.1263614,168.4,973013
5.726337,306.84,976595
5.0921655,162.74,977631
5.20889,182.89,977745
5.219031,184.76,979073
5.9754496,393.64,982492
5.5532413,258.07,982915
4.955901,142.01,984985
5.629086,278.41,986015
5.2835546,197.07,986101
5.7407637,311.3,986639
5.4114156,223.95,986692
5.543927,255.68,986867
5.5201135,249.66,988755
5.440471,230.55,988917
5.489432,242.12,1002233
5.593615,268.71,1002372
5.1827073,178.16,1007939
6.4512124,633.47,1008717
5.302723,200.88,1011083
5.077024,160.3,1018647
5.5722885,263.04,1025707
5.707416,301.09,1026452
5.444405,231.46,1029587
5.7222276,305.58,1034761
5.588899,267.44,1034771
5.2815924,196.68,1039211
5.4776993,239.3,1041060
6.062947,429.64,1044130
5.1756463,176.91,1047089
5.547181,256.51,1060614
5.2095947,183.02,1061343
5.0536165,156.59,1064956
5.805348,332.07,1067338
5.439145,230.25,1068523
5.838522,343.27,1069572
3.5633457,35.28,1070322
6.1381598,463.2,1071740
5.3757787,216.11,1073748
5.659367,286.97,1074936
5.5701647,262.48,1075855
5.310763,202.5,1077851
5.211871,183.44,1078049
5.100678,164.13,1079887
4.0749774,58.85,1084712
5.1280694,168.69,1085376
5.184304,178.45,1091090
5.431477,228.49,1092780
5.2897277,198.29,1094548
7.086802,1196.08,1098894
5.2787876,196.13,1100121
5.4625516,235.7,1102498
5.9745393,393.29,1102747
5.2097616,183.05,1102856
3.6165257,37.21,1106433
4.8067627,122.33,1109610
5.4833536,240.65,1109989
5.7561774,316.14,1111412
5.439019,230.22,1111418
5.5814357,265.45,1112838
5.511939,247.63,1119598
5.867139,353.24,1125212
6.2623224,524.44,1129827
5.5962925,269.43,1136384
5.2872777,197.8,1139069
5.486084,241.31,1139849
4.517036,91.56,1140144
5.513109,247.92,1147333
5.1218543,167.65,1150062
5.010715,150.01,1150128
5.2416844,188.99,1154761
5.139565,170.64,1161417
6.302692,546.04,1165432
6.0180674,410.78,1169088
5.6291175,278.42,1169142
6.264107,525.37,1169191
5.3680706,214.45,1186442
5.312942,202.95,1186506
4.992837,147.35,1186521
5.176572,177.07,1186539
4.9857697,146.32,1186559
5.1890974,179.31,1190491
5.374952,215.93,1193162
5.5191135,249.41,1193842
6.4041533,604.35,1197169
5.9169683,371.28,1198074
5.570046,262.45,1199380
5.589102,267.5,1199382
5.396658,220.67,1199594
5.573811,263.44,1201871
5.3172297,203.82,1202829
5.5029244,245.41,1206052
5.644565,282.75,1207330
6.224292,504.87,1207407
5.3705587,214.98,1207452
5.0296917,152.89,1207471
6.0169606,410.33,1211274
5.5847015,266.32,1211499
6.224471,504.96,1213201
5.4145246,224.65,1215049
5.814486,335.12,1215451
5.319825,204.35,1216365
5.465004,236.28,1216600
5.0696936,159.13,1218611
5.0652194,158.42,1218626
5.407082,222.98,1225103
5.3224626,204.89,1229996
5.1193137,167.22,1234006
5.0320024,153.24,1235805
5.5029054,245.4,1240055
6.1206546,455.16,1241225
5.0958457,163.34,1242215
5.381075,217.26,1242470
5.482525,240.45,1242745
5.735527,309.68,1249641
5.787339,326.14,1255085
5.2407126,188.8,1258555
5.0902877,162.44,1260018
3.4436471,31.3,1261435
5.2189646,184.74,1266069
6.1729865,479.62,1266363
5.6245747,277.15,1266491
5.404198,222.34,1272804
5.4376073,229.89,1282669
5.152124,172.8,1290278
4.990795,147.05,1291971
5.403601,222.21,1293412
5.6835856,294.0,1295958
5.337578,208.01,1296121
5.2352533,187.78,1305640
5.125103,168.19,1310443
5.2766967,195.72,1320149
5.7230816,305.85,1328996
5.4036555,222.22,1329067
5.537996,254.17,1329993
4.60438,99.92,1330203
5.845678,345.74,1330353
4.3476954,77.3,1331957
5.2581615,192.13,1332929
5.414336,224.6,1334981
5.4943686,243.32,1337978
5.706798,300.91,1338049
5.397623,220.88,1338105
5.545253,256.02,1338121
5.3217173,204.74,1338956
5.3723564,215.37,1343256
5.1636634,174.8,1354875
6.3164263,553.59,1356472
5.1437383,171.36,1383728
5.790152,327.06,1385618
5.7197657,304.83,1387806
5.43469,229.22,1392132
5.402792,222.03,1395001
3.2359593,25.43,1395698
5.6049333,271.76,1396721
5.6620183,287.73,1397748
5.26681,193.8,1402772
5.2245812,185.78,1406069
5.7708526,320.81,1406121
5.927075,375.06,1406337
5.571283,262.77,1410802
5.2242746,185.73,1411945
5.578623,264.71,1418423
5.203137,181.84,1418456
5.306726,201.69,1424841
5.1070266,165.18,1426674
5.799339,330.08,1429809
5.4039483,222.28,1440247
5.820266,337.06,1446649
5.3134747,203.05,1447244
5.6287155,278.3,1448933
6.116362,453.21,1451882
5.483697,240.74,1454173
5.768389,320.02,1457218
5.9909267,399.78,1458524
4.1387663,62.73,1471893
5.793332,328.1,1472974
5.3422465,208.98,1474914
4.965957,143.45,1477381
4.9949226,147.66,1478299
5.353732,211.4,1480728
5.4574404,234.5,1481054
5.221258,185.17,1481221
5.300002,200.34,1482060
5.580852,265.3,1490933
5.5515084,257.63,1491111
5.624053,277.01,1505365
5.386284,218.39,1505984
4.7270517,112.96,1506324
5.484098,240.83,1520042
5.5491815,257.03,1523790
5.3531084,211.26,1523802
5.4712253,237.75,1524083
5.904358,366.63,1524681
5.851393,347.72,1527831
5.1097884,165.64,1529855
5.1002445,164.06,1530586
5.0387783,154.28,1531051
5.1596575,174.1,1554416
5.641867,281.99,1560631
5.6698365,289.99,1563402
5.642409,282.14,1563823
5.8121057,334.32,1569123
5.692733,296.7,1579898
5.6919184,296.46,1580396
5.6956587,297.57,1580437
5.7568464,316.35,1580504
5.4585705,234.76,1580522
5.1264567,168.42,1580586
5.501592,245.08,1580624
4.811954,122.97,1583837
5.0622964,157.95,1604559
3.0183299,20.46,1608746
5.8588014,350.3,1612980
6.1482162,467.88,1613942
5.34396,209.34,1614109
5.710357,301.98,1616453
5.694164,297.13,1620515
5.741913,311.66,1624014
4.148375,63.33,1630947
5.0491724,155.89,1635995
3.3300166,27.94,1642382
4.2787757,72.15,1642736
5.962592,388.62,1647351
5.630077,278.68,1648547
4.4273605,83.71,1653208
5.4200926,225.9,1659522
5.7201858,304.96,1661060
5.3233147,205.06,1670427
5.1729717,176.44,1672204
5.6036944,271.43,1677706
5.1846685,178.51,1678347
5.1955686,180.47,1681925
4.4383597,84.64,1691141
4.6375732,103.29,1695711
5.60702,272.33,1702721
4.2055416,67.06,1721486
5.0845275,161.5,1728329
5.093277,162.92,1737505
5.349022,210.4,1738660
5.213447,183.73,1739507
5.5069075,246.39,1744379
5.3827744,217.63,1756975
4.3843884,80.19,1776811
5.4739776,238.41,1790446
5.65458,285.6,1808631
5.8550763,349.0,1808891
5.7001505,298.91,1810923
5.410968,223.85,1823916
5.7095523,301.74,1823987
5.5430813,255.46,1825397
5.470117,237.49,1826858
5.237291,188.16,1830012
5.2436814,189.37,1830227
5.785536,325.56,1830917
6.196191,490.88,1831778
5.0287404,152.74,1834026
6.0404406,420.08,1839552
5.4147367,224.69,1853214
5.81179,334.22,1858192
5.3164735,203.66,1867951
5.259514,192.39,1868652
5.551056,257.51,1882669
6.062106,429.28,1882719
5.632962,279.49,1888498
7.130316,1249.27,1889121
5.872031,354.97,1899692
5.1584196,173.89,1899976
5.990567,399.64,1908257
5.3865876,218.46,1915617
5.730231,308.04,1915882
5.6818204,293.48,1920941
5.7804184,323.89,1926867
5.2219524,185.3,1933025
5.641267,281.82,1933923
4.2195144,68.0,1938408
5.433697,228.99,1957157
5.5583,259.38,1958839
5.690867,296.15,1966739
5.5456324,256.12,1978060
5.360098,212.75,1986412
5.4386134,230.12,1987048
7.034082,1134.65,1987633
5.5798683,265.04,1999268
5.6416135,281.92,2003407
5.2104454,183.18,2005972
5.2160883,184.21,2020743
5.3387704,208.26,2029507
5.3687377,214.59,2031134
5.5639977,260.86,2036662
5.846271,345.94,2045063
5.338066,208.11,2052300
5.269692,194.36,2054024
5.097202,163.56,2054538
5.861502,351.25,2058080
5.2830005,196.96,2059446
5.7394485,310.89,2065950
4.9493704,141.09,2068875
4.8289304,125.08,2069105
5.286904,197.73,2070094
5.351418,210.91,2073044
5.3250384,205.42,2077178
5.6677375,289.38,2077957
5.4735107,238.3,2078332
5.3798532,216.99,2082868
5.065846,158.51,2087178
5.83418,341.78,2091953
5.4702487,237.52,2096374
4.9817104,145.72,2097376
5.667667,289.36,2099757
5.647492,283.58,2111196
5.628718,278.31,2114892
5.8233747,338.11,2118473
5.6625924,287.89,2122261
5.004352,149.06,2130567
5.2276425,186.35,2131287
5.347741,210.13,2131496
5.6765237,291.93,2148858
5.4043007,222.36,2152440
5.6982503,298.34,2167544
5.309673,202.28,2177176
5.2218323,185.27,2180003
5.6356864,280.25,2184062
5.5822124,265.66,2186401
5.432229,228.66,2187751
5.1655235,175.13,2199431
5.01677,150.92,2204820
5.8475385,346.38,2207843
5.4222436,226.39,2220119
5.317407,203.85,2224719
5.2257833,186.01,2237750
5.5354285,253.52,2245593
5.693403,296.9,2248576
5.2957945,199.5,2263681
5.6276526,278.01,2265321
4.6063695,100.12,2268067
5.2633896,193.14,2282469
5.859499,350.55,2288221
5.4361672,229.56,2293777
5.0343585,153.6,2307905
5.789759,326.93,2308139
4.0612807,58.05,2311660
5.5306425,252.31,2319608
5.7148814,303.35,2324304
5.790423,327.15,2327444
5.7393384,310.86,2329405
5.300921,200.52,2333994
5.3924417,219.74,2342332
5.257672,192.03,2343336
5.1920033,179.83,2348604
5.5847893,266.34,2351233
5.913373,369.95,2362929
5.432807,228.79,2368976
5.4198365,225.84,2369067
5.3345757,207.38,2373057
5.238596,188.41,2376434
6.0016894,404.11,2376967
5.389069,219.0,2377543
5.4163294,225.05,2379004
5.412566,224.21,2382152
4.82804,124.97,2391858
5.147764,172.05,2394424
3.3263075,27.84,2401795
5.79152,327.51,2402365
5.6437263,282.51,2411106
5.6751347,291.53,2412835
5.537948,254.16,2417803
4.0178347,55.58,2424905
5.6995544,298.73,2428246
5.572465,263.08,2438814
5.7849255,325.36,2439285
5.249195,190.41,2439919
5.343146,209.17,2451930
5.410973,223.85,2456837
6.2538176,519.99,2457914
5.330513,206.54,2464488
5.0377297,154.12,2464498
5.8686237,353.76,2464761
5.479421,239.71,2469678
5.406829,222.92,2469747
5.2913446,198.61,2490660
5.1924047,179.9,2491989
5.7462792,313.02,2492876
5.3769336,216.36,2494484
5.6621943,287.78,2497307
5.7220187,305.52,2498424
5.4847827,241.0,2505126
5.3771586,216.41,2506445
5.340772,208.67,2512546
5.2829895,196.96,2528991
5.4524646,233.33,2536121
5.2812204,196.61,2536314
5.3732195,215.56,2538360
5.946741,382.5,2542510
5.5982695,269.96,2552286
5.865118,352.52,2555964
5.2294984,186.7,2557934
5.2700653,194.43,2563231
4.5388427,93.58,2568864
4.9411592,139.93,2576955
5.106219,165.05,2577644
5.450305,232.83,2588674
5.339731,208.46,2599849
4.5712967,96.67,2610473
4.5410705,93.79,2614577
5.9810176,395.84,2624310
5.533058,252.92,2626530
5.2538204,191.3,2634227
5.5160136,248.64,2643611
5.116268,166.71,2650947
5.273817,195.16,2669219
5.4979134,244.18,2670047
5.311218,202.6,2689106
5.642391,282.14,2698602
3.8062336,44.98,2704481
5.275012,195.39,2722884
5.576219,264.07,2725917
4.2887397,72.87,2726925
5.208473,182.81,2727935
5.580923,265.32,2729680
5.6387277,281.1,2736626
6.426449,617.98,2741544
5.5379844,254.17,2742376
5.266347,193.71,2743539
6.1989546,492.23,2743922
5.8045564,331.81,2744359
5.83488,342.02,2744849
5.2264333,186.13,2755738
5.524704,250.81,2758050
5.292294,198.8,2760787
5.171961,176.26,2761639
5.4779196,239.35,2762205
5.543673,255.62,2775642
5.834504,341.9,2779738
5.278664,196.11,2781640
5.390157,219.24,2786688
5.38858,218.89,2788377
5.6011796,270.75,2788720
5.5167503,248.83,2791159
5.8713584,354.73,2807247
4.355722,77.92,2809378
5.2665176,193.74,2814997
2.9438443,18.99,2824043
5.240524,188.77,2828143
5.558818,259.52,2843976
5.27277,194.96,2860194
5.4011536,221.66,2877579
5.666249,288.95,2884805
5.3190784,204.2,2885126
5.5319247,252.63,2896610
5.40283,222.03,2910491
5.886016,359.97,2911237
5.9019036,365.73,2926905
3.9412408,51.48,2930798
5.43056,228.28,2951974
6.664534,784.1,2952788
5.524397,250.74,2975838
5.670128,290.07,2978330
5.5604935,259.95,2981721
3.5553815,35.0,2984409
5.767105,319.61,2987539
5.595256,269.15,2991893
5.3145027,203.26,2992138
5.8022203,331.03,2996993
5.186597,178.86,3000013
5.1877875,179.07,3000464
5.4084587,223.29,3000888
5.1752453,176.84,3007161
5.5528593,257.97,3007327
5.269181,194.26,3008815
5.9767933,394.17,3016050
6.210615,498.01,3020664
3.5635402,35.29,3025649
5.523213,250.44,3027670
5.550554,257.38,3030563
5.783219,324.8,3036626
5.3358364,207.65,3045137
5.4657288,236.45,3046491
5.6577916,286.52,3059513
5.1197095,167.29,3082152
5.1158667,166.65,3082703
5.3396015,208.43,3089510
5.5916944,268.19,3097481
5.6658926,288.85,3099145
5.8066807,332.51,3110029
5.8533025,348.38,3110443
5.9651494,389.61,3110723
5.434317,229.14,3117453
5.314974,203.36,3118841
5.832959,341.37,3131114
5.5573306,259.13,3144104
4.0984693,60.25,3162501
5.511795,247.6,3163248
5.672553,290.78,3167271
5.2176795,184.51,3172803
5.290078,198.36,3174089
5.5985265,270.03,3184195
6.1525106,469.9,3187818
5.590408,267.84,3188342
5.832164,341.1,3189367
5.0334163,153.46,3189694
3.9442542,51.64,3202973
5.382087,217.48,3212167
5.179117,177.53,3218014
5.3479514,210.18,3218456
5.6929917,296.78,3219190
5.4921556,242.78,3221997
6.049769,424.02,3228260
5.691823,296.43,3236923
5.5611486,260.12,3242608
5.007267,149.5,3243398
5.195251,180.41,3244036
4.501118,90.12,3250179
5.662291,287.81,3257033
4.049412,57.36,3261417
5.6875825,295.18,3261538
5.799166,330.02,3281769
5.593879,268.78,3286722
5.273926,195.18,3290143
5.5640283,260.87,3292049
5.6951895,297.43,3296173
5.6804714,293.09,3314434
5.2059655,182.36,3318625
5.7362585,309.9,3328222
3.896911,49.25,3340178
5.366515,214.12,3340494
5.8958335,363.52,3346588
5.507423,246.52,3349453
5.0296035,152.87,3350180
5.6012983,270.78,3350190
5.160401,174.23,3358168
5.7324452,308.72,3367356
5.688736,295.52,3370188
4.480591,88.29,3374070
5.4260635,227.25,3374176
5.642013,282.03,3376510
5.4793053,239.68,3376885
5.3900647,219.22,3388218
5.491734,242.68,3389920
5.5418086,255.14,3393502
5.6024327,271.09,3393839
4.5211368,91.94,3400569
5.8165774,335.82,3404528
5.8498287,347.17,3419405
5.4519997,233.22,3427801
5.378591,216.72,3431564
5.705518,300.52,3454239
5.566413,261.49,3455823
5.580077,265.09,3474270
5.6441846,282.64,3475121
5.3988814,221.16,3480503
4.400223,81.47,3481102
6.6219773,751.43,3484819
5.710424,302.0,3491072
5.5436783,255.62,3491453
5.4950714,243.49,3495408
3.3219807,27.72,3496538
5.6832895,293.91,3496888
5.218084,184.58,3501634
5.3834357,217.77,3502018
5.440556,230.57,3505203
5.1094136,165.57,3507362
5.1142764,166.38,3508191
5.297639,199.86,3512999
5.70509,300.39,3525106
6.3486605,571.73,3528944
5.4575963,234.53,3536663
5.501855,245.15,3556913
5.38331,217.74,3561658
5.547053,256.48,3567044
4.435885,84.43,3586382
5.876122,356.42,3590912
5.693427,296.91,3604142
5.1934075,180.08,3636416
6.1596236,473.25,3645268
5.7831006,324.76,3652628
5.798615,329.84,3671014
4.915882,136.44,3684919
5.5796285,264.97,3716592
6.286658,537.35,3727916
5.4558396,234.12,3732820
5.3785486,216.71,3744235
5.578396,264.65,3744593
5.6634674,288.15,3753467
6.031875,416.5,3763933
5.3275323,205.93,3770072
5.1874704,179.02,3773767
5.3249054,205.39,3773985
5.258781,192.25,3778832
5.8447733,345.42,3796102
5.769846,320.49,3797102
5.7765183,322.63,3797696
5.8729954,355.31,3797831
5.6118097,273.64,3797915
5.8770833,356.77,3825239
5.0053525,149.21,3855119
5.6829524,293.82,3855575
5.378372,216.67,3864869
4.7746673,118.47,3871145
3.4457326,31.37,3879178
3.4692314,32.11,3879659
5.5928574,268.5,3886855
5.6219783,276.44,3921708
5.376133,216.18,3942375
5.3141584,203.19,3955338
5.9504957,383.94,3966264
5.2087708,182.87,3971574
5.44851,232.41,3996089
5.4124484,224.18,4004925
6.0704575,432.88,4009675
5.989588,399.25,4018686
6.3433604,568.7,4019119
5.717513,304.15,4021304
5.7064295,300.8,4021526
5.323535,205.11,4022947
5.78811,326.4,4026267
5.736575,310.0,4026343
5.6055026,271.92,4028518
5.409073,223.42,4029838
5.3614993,213.04,4035189
5.185159,178.6,4047378
5.848018,346.55,4051453
5.843146,344.86,4068098
5.8997803,364.96,4079030
5.096583,163.46,4080861
5.3433332,209.21,4090521
5.90804,367.98,4114081
5.160362,174.23,4116665
5.3233314,205.07,4117009
5.609871,273.11,4123242
5.150049,172.44,4139672
5.684567,294.29,4141367
5.314441,203.25,4147676
5.487926,241.76,4156094
7.4924603,1794.46,4200509
5.485587,241.19,4207444
5.47997,239.84,4207829
5.252712,191.08,4208435
5.120369,167.4,4216358
5.794852,328.6,4228483
5.3728347,215.47,4238751
5.618575,275.5,4238825
5.4049945,222.51,4274290
5.214507,183.92,4274545
5.8575478,349.87,4278322
5.131989,169.35,4282501
5.6869364,294.99,4301676
5.6281505,278.15,4310497
5.574625,263.65,4310503
5.73955,310.92,4344155
5.638813,281.13,4344263
5.846857,346.14,4344324
5.629155,278.43,4344370
5.613911,274.21,4344409
5.8888583,360.99,4344485
5.915788,370.85,4346136
5.9524755,384.7,4349376
5.8187275,336.54,4349572
5.381168,217.28,4376055
5.3484855,210.29,4382379
5.1161394,166.69,4383632
5.1927295,179.96,4392320
5.859033,350.39,4399271
4.70375,110.36,4400390
5.7205496,305.07,4400736
5.9824567,396.41,4409059
5.4450374,231.61,4415541
5.1193633,167.23,4415694
6.0915103,442.09,4416006
5.7749286,322.12,4419860
5.453697,233.62,4422386
3.393167,29.76,4463682
5.9729147,392.65,4486999
5.564779,261.07,4510598
4.393829,80.95,4515421
5.2268915,186.21,4528856
5.3519154,211.01,4529852
5.4118967,224.06,4529983
5.2941475,199.17,4530117
5.5618634,260.31,4539828
4.7660856,117.46,4542712
5.796533,329.16,4543132
5.7235556,305.99,4543168
5.785938,325.69,4553581
5.3528724,211.21,4572269
3.2231743,25.11,4586860
6.3716083,585.0,4610380
5.3287506,206.18,4618852
5.7603197,317.45,4629188
5.8813357,358.29,4657312
4.100578,60.38,4679251
5.2404,188.75,4683548
4.5408597,93.77,4691491
5.3209987,204.59,4697931
5.528899,251.87,4699752
3.8575532,47.35,4716339
5.6432385,282.38,4725070
5.5600476,259.84,4725296
5.308326,202.01,4749831
6.019575,411.4,4764274
5.8923182,362.24,4771858
5.9894056,399.18,4780532
5.5168777,248.86,4806720
5.368722,214.59,4831788
5.6221757,276.49,4834811
5.483505,240.69,4843329
5.242213,189.09,4864848
5.574405,263.59,4879700
5.9259386,374.63,4886587
6.8385315,933.12,4891343
5.3720164,215.3,4904743
5.3291397,206.26,4911075
5.338171,208.13,4914558
6.214197,499.79,4921267
5.2842565,197.21,4922877
5.247871,190.16,4930235
5.388344,218.84,4970715
5.8743477,355.79,4973692
6.490682,658.97,4992385
5.3641562,213.61,5008477
5.0476613,155.66,5008858
5.384725,218.05,5015728
5.1733274,176.5,5035944
5.271206,194.65,5037632
5.3639083,213.56,5049684
6.4926896,660.3,5053322
5.4586473,234.78,5064035
4.8372135,126.12,5068892
5.452617,233.37,5093591
5.720565,305.08,5097014
5.76103,317.68,5101904
5.2666097,193.76,5112386
5.691197,296.25,5124937
5.513286,247.96,5130426
5.2064495,182.45,5143895
6.2784057,532.94,5169542
6.217922,501.66,5170890
5.16449,174.95,5176876
5.689118,295.63,5178129
3.6360826,37.94,5179215
5.7078295,301.22,5180175
5.273163,195.03,5180662
5.89486,363.17,5180710
5.8440623,345.18,5181607
5.1902714,179.52,5197640
6.196738,491.14,5197752
5.502891,245.4,5198974
5.5220633,250.15,5228021
5.626889,277.8,5246095
5.1197867,167.3,5247783
5.3002453,200.39,5248481
5.203252,181.86,5248745
5.2641144,193.28,5249693
5.2366962,188.05,5256656
5.191052,179.66,5268514
5.381641,217.38,5275404
5.209543,183.01,5276663
5.4230824,226.58,5293741
5.212038,183.47,5311505
5.3062687,201.6,5312035
5.369773,214.81,5312339
5.890494,361.58,5313939
5.44944,232.63,5322583
5.6769886,292.07,5323760
5.268085,194.04,5328599
5.4745603,238.55,5332741
5.252384,191.02,5342961
5.833961,341.71,5345273
5.5498323,257.19,5350866
5.723722,306.04,5356477
5.580212,265.13,5357532
5.5546923,258.45,5357577
4.9217286,137.24,5392353
5.488924,242.0,5394263
6.083651,438.63,5398030
5.543339,255.53,5398314
5.328009,206.03,5399718
5.1857862,178.71,5411539
5.7949224,328.63,5413553
5.4539576,233.68,5418851
5.1387053,170.49,5421053
4.167009,64.52,5429860
5.36539,213.87,5437314
5.205836,182.33,5453956
5.123465,167.92,5453992
5.5956306,269.25,5454335
6.6485105,771.63,5463970
5.701751,299.39,5475163
5.314112,203.18,5483016
6.5214376,679.55,5494667
5.2481813,190.22,5495932
5.898139,364.36,5516844
3.8139367,45.33,5524663
3.7756467,43.63,5561974
6.136219,462.3,5566954
5.445424,231.7,5596629
3.5940917,36.38,5635693
5.3381853,208.13,5645973
5.4911914,242.55,5651004
5.4743643,238.5,5671013
5.2243695,185.74,5683218
5.732453,308.73,5688077
5.720986,305.21,5689004
5.161274,174.39,5704958
5.3311863,206.68,5715021
5.433432,228.93,5718505
5.813731,334.87,5723397
5.569957,262.42,5723926
5.4342465,229.12,5724813
5.1114316,165.91,5726243
3.40908,30.24,5764176
5.6688147,289.69,5768586
5.769073,320.24,5772154
4.9660625,143.46,5791017
5.346137,209.8,5791726
5.349088,210.42,5792576
5.3039026,201.12,5792851
7.574174,1947.25,5793703
6.903246,995.5,5793825
5.93681,378.72,5818871
5.641538,281.9,5837003
5.4290338,227.93,5837152
5.4442205,231.42,5845579
5.5787077,264.73,5856211
5.66049,287.29,5867271
6.284124,535.99,5901841
5.3589077,212.49,5911844
3.4177077,30.5,5926864
5.861643,351.3,5936979
5.4420958,230.93,5986105
5.572763,263.16,5997351
5.017782,151.08,6023676
5.5769253,264.26,6034571
5.7219205,305.49,6035889
3.3962207,29.85,6036674
5.0855937,161.68,6082313
5.390274,219.26,6088098
4.5273285,92.51,6096609
5.3085938,202.07,6118153
5.263051,193.07,6152624
3.2906513,26.86,6160553
3.4291708,30.85,6161452
4.3234096,75.45,6163177
5.5288424,251.85,6176958
4.574181,96.95,6178385
5.6194296,275.73,6190328
4.7542315,116.07,6218820
6.866459,959.54,6222502
5.089309,162.28,6267672
5.7794447,323.58,6325021
5.1086783,165.45,6333329
4.4311533,84.03,6382022
5.363032,213.37,6386338
3.3194885,27.65,6390297
5.700838,299.12,6395411
5.588482,267.33,6397672
5.325964,205.61,6398758
5.306923,201.73,6399512
6.2478743,516.91,6431465
5.639072,281.2,6442069
5.6499014,284.26,6442522
5.607762,272.53,6442604
4.2771816,72.04,6459592
5.580325,265.16,6461376
5.439752,230.39,6470751
4.1784387,65.26,6483225
5.220228,184.98,6487044
5.3942375,220.13,6507867
5.492764,242.93,6514745
5.366126,214.03,6521856
5.104342,164.74,6523347
3.8995204,49.38,6533299
5.4486694,232.45,6536977
5.2052317,182.22,6537473
4.7743855,118.44,6549890
6.2170033,501.2,6562503
4.40592,81.93,6564124
5.845386,345.64,6565751
5.4935923,243.13,6581639
5.650974,284.57,6585803
5.7516394,314.71,6587944
3.205376,24.66,6589538
5.8133183,334.73,6659629
7.0153017,1113.54,6666031
7.4054456,1644.92,6669821
7.4754133,1764.13,6670509
5.3625326,213.26,6709228
2.2898989,9.87,6715938
5.92048,372.59,6722829
5.0842743,161.46,6723758
5.5033717,245.52,6723889
5.706619,300.85,6733070
5.478437,239.47,6733340
5.415888,224.95,6735493
3.5077837,33.37,6757485
5.5838485,266.09,6760482
5.7585254,316.88,6776807
5.8493834,347.02,6794693
3.4707117,32.16,6803776
5.400699,221.56,6806270
5.8575807,349.88,6808901
3.5117123,33.51,6814489
5.726275,306.82,6819336
3.4494445,31.48,6828760
5.8366017,342.61,6842865
5.311243,202.6,6855516
5.7117057,302.39,6856056
3.811642,45.22,6866722
3.9367785,51.25,6869498
6.899273,991.55,6970615
3.2002928,24.54,6988770
5.618761,275.55,7003642
3.7548506,42.73,7034555
5.9278016,375.33,7044731
5.3640795,213.59,7045285
5.588906,267.44,7045286
5.309029,202.15,7066477
5.217806,184.53,7091925
4.066198,58.33,7109133
3.7213662,41.32,7120267
5.112468,166.08,7120827
5.433029,228.84,7125211
5.1812205,177.9,7125860
5.382049,217.47,7126261
5.0953555,163.26,7126414
5.70428,300.15,7137292
4.043218,57.01,7186328
5.837533,342.93,7187653
5.630005,278.66,7216651
5.129378,168.91,7219763
5.162588,174.62,7230117
5.7363796,309.94,7296618
6.4774456,650.31,7333404
5.8285904,339.88,7352954
3.5923443,36.32,7355769
5.7289243,307.64,7393513
5.5425696,255.33,7396202
5.3938804,220.06,7431940
3.4372954,31.1,7480152
4.5092063,90.85,7481555
5.489756,242.2,7488858
5.398007,220.97,7497227
4.5452285,94.18,7510453
5.8278866,339.64,7516073
5.330009,206.44,7521369
5.785188,325.44,7574593
5.246092,189.82,7586806
5.2539945,191.33,7589134
5.3207703,204.54,7589702
5.3246937,205.35,7625392
5.451173,233.03,7652799
5.6997957,298.81,7663286
5.3919654,219.63,7666563
5.80834,333.07,7668337
5.048289,155.76,7697720
6.012357,408.44,7729232
5.2105036,183.19,7736446
5.588658,267.38,7739287
5.659108,286.89,7742710
5.7644143,318.75,7774099
5.79116,327.39,7793542
5.8071966,332.69,7817372
5.719279,304.69,7849007
5.4707427,237.64,7852092
3.3965564,29.86,7878502
5.8113146,334.06,7917857
5.8052816,332.05,7944610
4.9641232,143.18,7953354
4.943099,140.2,7954069
5.519377,249.48,7977915
5.778368,323.23,7992057
5.33826,208.15,7998100
6.1752543,480.71,8011996
5.526552,251.28,8020706
5.6491218,284.04,8021692
5.3794837,216.91,8030534
5.255292,191.58,8044639
5.6162224,274.85,8058065
6.1110506,450.81,8075519
6.3965015,599.74,8075826
5.4753833,238.74,8096273
5.482448,240.43,8099214
3.5025523,33.2,8122193
5.6525664,285.02,8126804
3.6894834,40.02,8127016
5.2717795,194.76,8148676
5.6411595,281.79,8181239
5.428622,227.84,8181912
3.882509,48.55,8185162
5.278848,196.14,8221000
5.4736032,238.32,8262126
5.608833,272.83,8278517
5.5954514,269.2,8279661
4.664213,106.08,8288407
5.127584,168.61,8298702
5.110267,165.71,8299987
5.124689,168.12,8300001
5.39569,220.45,8303878
5.0324926,153.31,8346082
6.961417,1055.13,8350579
5.3186502,204.11,8352635
5.3991375,221.22,8378107
4.7348046,113.84,8403840
5.428237,227.75,8414793
5.5968065,269.56,8442239
5.3529167,211.22,8484828
4.4480033,85.46,8494006
3.2219195,25.08,8521963
4.215348,67.72,8553863
3.8137505,45.32,8567422
5.4535336,233.58,8568204
3.3691688,29.05,8609685
4.457606,86.28,8631929
5.551458,257.61,8647150
4.0950227,60.04,8661774
4.233571,68.96,8662474
3.8889515,48.86,8666413
5.2960625,199.55,8677938
5.4597144,235.03,8686952
5.491208,242.55,8687504
5.243066,189.25,8708285
4.373123,79.29,8747669
4.455361,86.09,8747799
4.8445168,127.04,8757334
5.4879026,241.75,8769293
5.3458734,209.74,8806993
5.4494305,232.63,8811813
5.1843185,178.45,8855219
5.173913,176.6,8877394
5.323099,205.02,8880938
5.4934144,243.09,8881364
5.3826256,217.59,8882078
5.653353,285.25,8895163
5.4206157,226.02,8905236
3.4123347,30.34,8905754
4.521044,91.93,8923214
6.1938457,489.73,8931118
5.5864105,266.78,9038526
5.2114635,183.36,9048372
6.2596726,523.05,9079017
4.995256,147.71,9105262
5.649623,284.18,9121459
5.3377094,208.04,9140899
3.8042545,44.89,9250135
6.430766,620.65,9251356
5.6568875,286.26,9270758
3.7757115,43.63,9289648
5.4031878,222.11,9292045
5.478149,239.4,9306147
4.557325,95.33,9309091
5.477388,239.22,9313510
5.7109184,302.15,9357521
5.512075,247.66,9362251
4.938544,139.57,9380158
7.194459,1332.03,9412798
3.1803432,24.06,9447591
5.5668693,261.61,9469705
4.2637277,71.07,9475174
5.8437514,345.07,9483720
5.982894,396.59,9487962
6.1846104,485.22,9488554
6.512082,673.23,9518537
5.5954227,269.19,9521249
5.2400274,188.68,9523853
5.5320015,252.65,9537761
5.917411,371.45,9601840
5.895301,363.33,9602167
5.4536276,233.6,9602216
5.420051,225.89,9602351
5.6280346,278.12,9602587
5.883158,358.94,9620968
5.8378863,343.05,9626098
5.776309,322.57,9659140
6.0118537,408.24,9661517
5.5465765,256.36,9661897
5.521227,249.94,9663802
5.55035,257.33,9684383
5.3996844,221.34,9701861
4.203908,66.95,9702103
3.7859514,44.08,9721011
5.1863923,178.82,9731830
5.8407993,344.05,9741613
5.4342356,229.12,9750334
5.378322,216.66,9767973
5.3958693,220.49,9768214
4.1905665,66.06,9772463
5.904705,366.76,9783502
3.826264,45.89,9804742
4.110681,60.99,9806352
3.8870442,48.77,9829299
5.2322655,187.22,9841823
2.2229302,9.23,9850272
5.622362,276.54,9892504
3.5651772,35.35,9895577
5.573113,263.25,9897617
5.7594895,317.19,9898380
5.8027754,331.22,9911528
5.6529465,285.13,9914165
4.1984134,66.58,9937100
4.2586355,70.71,9937559
5.513105,247.92,9956262
4.1924524,66.18,9966956
5.652881,285.11,9977956
5.786463,325.86,9996765
4.110387,60.97,9997240
5.318871,204.15,10009651
5.1786966,177.45,10031534
5.2976174,199.86,10038461
4.0679154,58.44,10078923
3.6368546,37.97,10081738
5.629544,278.54,10101846
3.8420508,46.62,10109984
5.5257497,251.07,10113300
5.582171,265.65,10114547
5.8414345,344.27,10132170
5.792509,327.83,10132419
3.8405209,46.55,10136354
5.68704,295.02,10146759
5.411373,223.94,10167887
5.857894,349.99,10170589
4.088645,59.66,10203916
5.381343,217.31,10205793
4.976638,144.99,10238081
4.681462,107.93,10244297
5.5734024,263.33,10276293
4.511737,91.08,10316476
3.8935642,49.09,10374992
5.461399,235.43,10411902
4.7220592,112.4,10419922
4.362684,78.47,10448398
5.5182996,249.21,10533422
5.795102,328.69,10543618
5.829473,340.18,10581101
5.5461373,256.25,10621483
5.691461,296.33,10642160
5.429648,228.07,10649499
5.555218,258.58,10663752
6.6073985,740.55,10668150
4.2551217,70.47,10668282
6.0327373,416.85,10689360
4.225911,68.44,10716366
5.3980384,220.97,10727331
5.4214516,226.21,10737758
3.5745313,35.68,10745984
3.798406,44.63,10770236
5.894482,363.03,10805338
5.193206,180.04,10832320
4.4660287,87.01,10846280
5.2102833,183.15,10869502
5.695488,297.52,10893207
5.561867,260.31,10897779
4.232536,68.89,10920265
5.3738847,215.7,10961519
5.470211,237.51,11004309
5.5420427,255.2,11008465
5.711481,302.32,11011610
3.2884927,26.8,11029651
5.092976,162.87,11039131
4.189838,66.01,11042861
5.5314407,252.51,11050889
5.9336023,377.51,11075687
3.2148354,24.9,11084174
5.567355,261.74,11101211
5.3309164,206.63,11108578
5.3321967,206.89,11108923
5.7560062,316.08,11110830
5.343706,209.29,11143244
5.622079,276.46,11160411
6.123179,456.31,11165818
5.886507,360.15,11203687
3.8418705,46.61,11208534
5.26279,193.02,11229581
3.88691,48.76,11269581
5.758337,316.82,11290289
5.521564,250.03,11295154
5.342498,209.03,11298610
5.7550135,315.77,11315455
5.6173983,275.17,11337442
4.492039,89.3,11350096
5.986051,397.84,11384848
4.0490313,57.34,11395302
5.3154936,203.46,11402824
4.8369007,126.08,11411750
3.5368059,34.36,11412567
5.613776,274.18,11445715
5.5203166,249.71,11447098
3.9541519,52.15,11489087
3.519831,33.78,11524615
4.2663593,71.26,11541309
4.11433,61.21,11550809
4.658568,105.48,11568230
5.8073015,332.72,11570056
5.8555365,349.16,11571334
5.6185784,275.5,11630284
6.015779,409.84,11684141
5.3865557,218.45,11685016
5.0316463,153.18,11728465
3.7194219,41.24,11729388
5.1908946,179.63,11737208
5.2769055,195.76,11755206
4.054402,57.65,11762804
5.3843293,217.96,11814469
6.106951,448.97,11832785
6.0841947,438.87,11835169
5.7267056,306.96,11856900
5.742567,311.86,11857023
4.1945553,66.32,11857224
5.7225127,305.67,11857408
5.35343,211.33,11862028
5.398772,221.13,11882029
5.1440234,171.4,11884918
5.604717,271.7,11885430
5.1524053,172.85,11895870
4.719878,112.15,11938945
5.6842647,294.2,12125552
5.8019824,330.96,12143899
5.4075146,223.08,12181980
3.5606635,35.19,12197695
3.4257329,30.75,12199121
3.5353532,34.31,12200436
3.247935,25.74,12202181
6.0478363,423.2,12207845
5.1934557,180.09,12236695
5.1926413,179.94,12256600
4.044776,57.1,12331497
3.9686546,52.91,12331794
3.682153,39.73,12331935
3.6324017,37.8,12332051
6.060369,428.53,12352555
5.51875,249.32,12356421
5.1736264,176.55,12373247
5.932552,377.12,12378302
5.2204084,185.01,12500607
4.750697,115.66,12503523
5.5700407,262.44,12506292
3.2674782,26.25,12528102
5.8611493,351.13,12556633
6.769981,871.3,12567485
5.754627,315.65,12587201
6.042224,420.83,12598046
5.6139765,274.23,12598354
5.9327507,377.19,12622252
5.7512007,314.57,12634537
4.912448,135.97,12636789
3.4663682,32.02,12673013
5.6164107,274.9,12693694
5.1042733,164.72,12694295
5.355332,211.73,12694296
5.867029,353.2,12744761
5.9816527,396.09,12745042
3.4058878,30.14,12749303
5.4955463,243.6,12791930
6.2228036,504.11,12816386
6.050752,424.43,12824656
4.570004,96.54,12843701
5.889273,361.14,12847820
5.4654903,236.39,12848625
4.613039,100.79,12854224
5.3966427,220.66,12858429
4.947211,140.78,12861579
5.800892,330.59,12863712
4.0561514,57.75,12867754
5.494675,243.39,12882521
5.456767,234.34,12894713
5.606109,272.08,12894714
5.8609567,351.06,12913113
3.6191082,37.3,12929522
5.4519176,233.2,12964386
5.498904,244.42,13009615
7.004372,1101.44,13017788
4.281374,72.34,13070531
5.8164263,335.77,13074903
5.517089,248.91,13106697
6.125693,457.46,13123272
5.6572638,286.36,13131181
5.545048,255.97,13131433
6.1807384,483.35,13160787
6.1052456,448.2,13161668
5.9345813,377.88,13165887
3.5904598,36.25,13197225
5.7275944,307.23,13213043
5.6505046,284.43,13246027
4.333907,76.24,13252833
4.0010786,54.66,13257154
4.157639,63.92,13257273
5.077406,160.36,13260441
5.4336762,228.99,13268414
5.8742313,355.75,13270031
4.4065495,81.99,13279313
4.0900154,59.74,13286692
3.4945903,32.94,13310529
3.7580175,42.86,13315719
4.8835855,132.1,13346360
5.531145,252.43,13352875
5.4001575,221.44,13393694
5.8156004,335.49,13405023
5.617968,275.33,13425112
5.607032,272.33,13425371
5.5868435,266.89,13425534
5.490406,242.36,13425603
5.2462125,189.85,13472480
4.6083207,100.32,13502848
3.3675563,29.01,13510804
5.848903,346.85,13517526
3.2231112,25.11,13522440
5.075751,160.09,13555213
5.139404,170.61,13571420
5.732085,308.61,13572127
5.5254836,251.01,13628415
4.418125,82.94,13639630
4.728654,113.14,13648568
6.343501,568.78,13651387
6.082882,438.29,13662290
6.213066,499.23,13663120
4.937034,139.36,13663333
5.9007106,365.3,13664910
5.5768256,264.23,13666612
6.646772,770.29,13666883
3.3917997,29.72,13669493
4.4018674,81.6,13703805
5.3350897,207.49,13739624
5.752535,314.99,13742696
5.6444883,282.73,13780544
5.7379484,310.43,13795161
5.523207,250.44,13806704
5.3763933,216.24,13807195
5.486094,241.31,13807778
4.5003877,90.05,13808970
5.732157,308.63,13810749
4.6872478,108.55,13811701
5.9433713,381.22,13811835
4.9503837,141.23,13820217
4.9994597,148.33,13820882
6.3183417,554.65,13824037
5.4955897,243.62,13824615
5.95831,386.96,13833685
4.876519,131.17,13835041
4.3201594,75.2,13853803
5.371851,215.26,13856102
4.0603027,57.99,13864187
3.3120399,27.44,13876657
5.3688455,214.61,13893057
5.348865,210.37,13893522
5.4358444,229.49,13894687
5.393187,219.9,13894945
4.330422,75.98,13913088
4.429574,83.9,13979120
4.443144,85.04,13992866
5.59661,269.51,14004632
4.70307,110.29,14006090
5.375992,216.15,14006736
5.94359,381.3,14010974
4.837031,126.09,14020724
5.6950316,297.39,14021579
5.5371394,253.95,14031869
3.6599412,38.86,14036933
6.0445733,421.82,14041469
4.431453,84.05,14052915
4.6638184,106.04,14107150
4.403451,81.73,14116020
3.346705,28.41,14132336
4.171084,64.79,14152120
3.840238,46.54,14157571
5.1134987,166.25,14164414
7.665384,2133.21,14171072
5.164303,174.92,14178375
3.9786823,53.45,14235583
4.084993,59.44,14235866
5.4403605,230.53,14332869
5.3183823,204.05,14346513
6.287307,537.7,14350142
5.341405,208.81,14352069
3.8277426,45.96,14365234
3.8304224,46.08,14365617
4.5393667,93.63,14371490
5.5068016,246.36,14387151
3.823197,45.75,14396580
4.2452426,69.77,14399845
5.3824496,217.55,14425781
3.6403644,38.11,14435096
3.430965,30.91,14436579
3.7051096,40.65,14439632
4.2692204,71.47,14462759
5.696897,297.94,14463163
5.5421557,255.23,14464474
5.582055,265.62,14482262
4.0799108,59.14,14492815
6.0199943,411.58,14498705
5.1679316,175.55,14565867
5.5717363,262.89,14623889
5.7473874,313.37,14667676
3.332777,28.02,14688266
5.6957545,297.6,14711942
4.143751,63.04,14714522
5.665259,288.66,14719647
4.17836,65.26,14723985
5.6311216,278.97,14765045
5.8672166,353.26,14792937
3.493678,32.91,14804782
4.31443,74.77,14838313
5.7979164,329.61,14923468
3.4587278,31.78,14931743
3.634611,37.89,14939544
4.2565513,70.57,14941403
4.2372994,69.22,14973389
5.787489,326.19,14983751
4.2299476,68.71,15000259
5.5033436,245.51,15025611
5.5198274,249.59,15035458
5.5125017,247.77,15045446
3.6212544,37.38,15054843
5.553772,258.21,15066805
5.6486554,283.91,15085509
3.679066,39.61,15095736
4.265495,71.2,15103148
5.85149,347.75,15124297
4.1487126,63.35,15153134
4.2903767,72.99,15153698
5.5711784,262.74,15160669
3.4121258,30.33,15169326
5.3371515,207.92,15175682
3.7239902,41.43,16306813
5.619237,275.68,15187915
4.6177163,101.26,15225357
5.7590075,317.03,15262802
4.3998694,81.44,15293599
3.3900669,29.67,15306390
4.442061,84.95,15325196
3.9577124,52.34,15341505
5.4450655,231.61,15367704
6.0399,419.85,15441217
5.21315,183.67,15459150
5.458688,234.79,15530332
5.784489,325.22,15534219
5.506449,246.28,15557828
5.6258583,277.51,15582843
5.6582184,286.64,15608461
4.211274,67.44,15632990
6.205526,495.48,15737782
5.556084,258.81,15762813
5.396771,220.69,15767841
5.690036,295.9,15784194
3.7124336,40.95,15790302
6.17581,480.97,15800641
3.2804866,26.59,15800817
5.7761717,322.52,15815550
3.9741662,53.21,15815958
4.207696,67.2,15872210
5.5771136,264.31,15881982
5.7325835,308.77,15897898
5.2420692,189.06,15935137
6.090303,441.56,15939484
4.0655246,58.3,15944795
5.5294175,252.0,15947390
4.227743,68.56,15952737
5.6164336,274.91,15953093
5.2886324,198.07,15958416
5.9138007,370.11,15996573
4.55245,94.86,16016650
5.4746666,238.57,16060546
5.9121304,369.49,16060688
5.9724007,392.45,16076152
6.1481237,467.84,16076627
6.980945,1075.93,16079084
5.7558765,316.04,16095185
5.164619,174.97,16116125
5.167574,175.49,16116126
5.1998563,181.25,16116128
5.4552674,233.99,16116131
5.421179,226.15,16116133
5.3941336,220.11,16116138
5.5423737,255.28,16121764
5.6210938,276.19,16126731
4.4560876,86.15,16131537
4.4185615,82.98,16170106
5.4989104,244.43,16176665
4.139222,62.75,16185704
5.31714,203.8,16211549
3.540231,34.47,16212783
6.1856265,485.72,16223518
4.122021,61.68,16247653
3.7943141,44.45,16249380
3.7066827,40.72,16266513
3.7289689,41.64,16266993
5.945145,381.89,16278781
5.051904,156.32,16279645
5.9686756,390.99,16292600
3.6697257,39.24,16306389
3.7279859,41.6,16306731
3.671428,39.31,16307165
3.7074835,40.75,16307967
3.670121,39.26,16308005
3.7726767,43.5,16308030
3.8972318,49.27,16308789
3.7673283,43.26,16310328
5.8303275,340.47,16377944
5.571151,262.74,16384420
5.5054116,246.02,16384978
5.5609827,260.08,16385602
5.918813,371.97,16386312
5.625979,277.54,16386645
4.7326035,113.59,16388020
5.558404,259.41,16390841
5.804759,331.88,16403800
5.171576,176.19,16424722
5.1959167,180.53,16425528
5.3594875,212.62,16449540
5.3281436,206.06,16449601
5.9032226,366.22,16462603
5.757364,316.51,16464240
5.0015855,148.65,16475404
6.0153775,409.68,16496029
5.042222,154.81,16543650
4.259084,70.75,16556943
4.2893195,72.92,16563363
5.7723083,321.28,16566571
3.086435,21.9,16591842
5.9306855,376.41,16592830
5.647096,283.47,16672021
5.0701876,159.2,16672707
4.414232,82.62,16673362
5.771658,321.07,16686593
4.2429113,69.61,16694720
5.7790895,323.46,16704193
4.230923,68.78,16705465
5.9224763,373.34,16730670
4.3172507,74.98,16762608
5.6786313,292.55,16773390
4.118739,61.48,16790826
4.180358,65.39,16802462
5.57086,262.66,16806770
5.5701375,262.47,16810008
5.687921,295.28,16869002
5.135978,170.03,16893987
5.1384044,170.44,16922226
6.532156,686.88,16935893
4.187707,65.87,16940946
6.562799,708.25,16950208
4.0183706,55.61,16951437
4.3676524,78.86,16973722
5.4292827,227.99,17019265
5.631054,278.96,17021004
5.7199273,304.88,17021973
5.63585,280.3,17026117
5.171079,176.1,17039201
5.429419,228.02,17039203
5.2809405,196.55,17039207
5.3289046,206.21,17039209
5.183361,178.28,17039210
5.156713,173.59,17039211
5.1141033,166.35,17039212
4.034696,56.53,17051287
5.9306784,376.41,17070772
5.784628,325.26,17101095
4.0282617,56.16,17107557
5.043516,155.01,17151368
5.072942,159.64,17151374
5.1571507,173.67,17151393
5.012669,150.31,17151406
5.0940676,163.05,17151410
5.0495586,155.95,17151411
5.124899,168.16,17151412
5.1229286,167.83,17151423
5.142845,171.2,17151552
5.1151733,166.53,17151977
5.1482916,172.14,17151979
5.3579597,212.29,17206089
4.9995527,148.35,17231660
5.569905,262.41,17249667
5.2181787,184.6,17252894
5.265974,193.63,17294887
5.74298,311.99,17296538
5.912763,369.73,17301253
5.3494945,210.5,17307598
4.4963226,89.69,17326005
5.795121,328.69,17343899
3.5497155,34.8,17345073
3.5979836,36.52,17365217
5.877309,356.85,17375977
5.551631,257.66,17384433
5.5138316,248.1,17400426
5.338532,208.21,17400650
5.74332,312.1,17426972
5.4560394,234.17,17431597
5.6056848,271.97,17433751
5.905173,366.93,17442647
3.2528303,25.86,17447286
5.4576507,234.55,17466637
5.8406696,344.01,17472277
3.7246063,41.45,17491259
3.7558782,42.77,17537306
3.7216249,41.33,17539687
3.765242,43.17,17539873
5.925823,374.59,17565775
3.6318192,37.78,17579772
3.7645056,43.14,17580211
3.73303,41.81,17580811
3.6514716,38.53,17581040
3.643666,38.23,17581160
3.755616,42.76,17581311
3.76406,43.12,17581441
5.881665,358.41,17582798
5.8245883,338.52,17594647
5.1943126,180.24,17596395
5.541091,254.96,17628425
5.9675684,390.55,17628666
5.589074,267.49,17632700
5.4358854,229.5,17672694
4.343976,77.01,17677133
5.4261146,227.26,17690720
4.8872037,132.58,17690765
5.5162964,248.71,17691490
5.3983717,221.05,17693680
6.134477,461.5,17711373
5.4505043,232.88,17713036
5.3327084,207.0,17726037
6.0580397,427.54,17726717
5.401107,221.65,17753817
4.1613827,64.16,17784677
3.3701468,29.08,17789197
4.2774425,72.06,17808668
5.280445,196.46,17831961
6.024307,413.36,17872800
4.594507,98.94,17916039
4.065199,58.28,17929979
3.653068,38.59,17935561
5.781558,324.26,17969324
5.8455825,345.7,17987719
6.002399,404.4,17989447
5.6275334,277.98,18030645
5.800932,330.61,18043684
5.840954,344.11,18049325
5.5652194,261.18,18053584
5.266746,193.78,18068224
3.5748844,35.69,18108783
3.576254,35.74,18121859
3.707128,40.74,18124601
5.0924797,162.79,18146433
4.376181,79.53,18153634
4.6012845,99.61,18154978
4.9013124,134.47,18167818
4.8287525,125.05,18185332
5.6682315,289.52,18196081
5.337348,207.96,18249861
5.3947544,220.25,18280255
6.0116644,408.16,18322249
5.6566677,286.19,18338221
3.3882372,29.61,18338508
5.2045226,182.09,18418085
5.6080456,272.61,18418904
5.8422174,344.54,18420426
5.9025455,365.97,18424324
5.8528914,348.24,18424456
5.718616,304.48,18438898
5.270664,194.55,18439011
5.9098425,368.65,18439708
5.9271803,375.1,18443653
5.827248,339.42,18459019
3.4256487,30.74,18521609
5.5977993,269.83,18530629
4.8425965,126.8,18531999
4.209114,67.3,18952363
4.500725,90.08,18549740
5.132319,169.41,18557074
5.1743746,176.69,18559064
6.6615834,781.79,18564914
5.324726,205.35,18572961
5.794398,328.45,18580179
5.6861577,294.76,18580775
5.380815,217.2,18580791
4.0269055,56.09,18594748
5.3386374,208.23,18643014
5.722484,305.66,18666614
4.5467463,94.32,18667060
5.824143,338.37,18672570
5.555116,258.56,18678273
5.656996,286.29,18679582
5.2491446,190.4,18703222
4.180734,65.41,18725178
4.6634555,106.0,18740765
5.4268584,227.43,18747430
5.044076,155.1,18762580
5.3864317,218.42,18765714
5.0384383,154.23,18770690
5.950249,383.85,18782153
5.8185635,336.49,18787543
5.495236,243.53,18801691
5.552595,257.91,18819367
5.97706,394.28,18819486
6.002363,404.38,18819488
5.741129,311.42,18819497
6.349532,572.22,18869363
6.056248,426.77,18869364
3.6223917,37.43,18869678
5.5970883,269.64,18871225
5.613595,274.13,18871228
3.384131,29.49,18873107
5.801903,330.93,18887616
4.1951118,66.36,18903875
5.607691,272.51,18918145
6.0405006,420.1,18918147
5.638163,280.95,18918152
5.8766675,356.62,18918153
5.451422,233.09,18918155
5.856386,349.46,18918159
5.5817156,265.53,18918161
5.8393493,343.56,18918162
5.65416,285.48,18918165
5.8807316,358.07,18918166
5.4164667,225.08,18918174
5.523932,250.62,18918183
5.4824142,240.43,18918186
5.4609284,235.32,18918190
4.0649886,58.26,18919038
3.284484,26.7,18920807
5.5263076,251.21,18942359
5.4947424,243.41,19011241
6.3031855,546.31,19028982
4.188215,65.91,19033335
5.924526,374.1,19043388
5.3912125,219.47,19053607
6.0423064,420.86,19060476
4.385118,80.25,19100319
4.2017074,66.8,19137740
7.0916038,1201.83,19147659
5.952962,384.89,19191171
6.054349,425.96,19193802
5.8173494,336.08,19239896
5.963723,389.06,19280134
5.568264,261.98,19288657
4.04818,57.29,19304849
5.0875573,161.99,19305430
5.3923326,219.72,19343873
4.3851085,80.25,19355007
3.920534,50.43,19432305
5.672274,290.69,19501925
5.9619145,388.35,19513173
6.01603,409.95,19536690
5.295188,199.38,19536692
5.6468277,283.39,19536693
5.6168203,275.01,19536695
5.7184496,304.43,19536698
5.7028346,299.72,19536699
5.6586294,286.76,19536700
5.7028546,299.72,19536701
5.552597,257.91,19536704
5.5583167,259.39,19536705
5.3855343,218.23,19536711
5.2507873,190.72,19536715
5.542529,255.32,19536717
5.3340635,207.28,19536718
5.3310833,206.66,19536720
5.5244174,250.74,19536721
4.095636,60.08,19553493
5.9123464,369.57,19559005
5.472783,238.12,19563158
4.21243,67.52,19572717
3.533014,34.23,19584104
3.2648773,26.18,19614710
5.780616,323.96,19652973
3.489823,32.78,19653211
3.8790452,48.38,19686811
3.7551022,42.74,19687412
3.8872662,48.78,19687798
5.8024087,331.1,19688249
5.9278216,375.34,19694387
5.4376273,229.9,19694964
4.2714925,71.63,19695273
4.4233336,83.37,19724815
3.686026,39.89,19725220
3.8790452,48.38,19725978
3.9073515,49.77,19726349
3.744805,42.3,19726433
4.855985,128.51,19735557
4.222345,68.19,19747988
5.3660173,214.01,19760228
5.2874,197.83,19765455
5.15331,173.0,19779264
5.139411,170.62,19779265
5.504028,245.68,19779311
5.505224,245.97,19779316
5.758661,316.92,19779318
3.7675467,43.27,19792228
5.49586,243.68,19799557
5.6070585,272.34,19817229
5.500088,244.71,19817403
5.406025,222.74,19839429
5.610454,273.27,19846038
5.6959467,297.66,19849434
5.7048764,300.33,19849859
3.7186944,41.21,19859737
5.804953,331.94,19865313
5.3858056,218.29,19865985
5.6606245,287.33,19866204
5.240693,188.8,19866423
5.0012283,148.6,19902564
4.2213936,68.13,19922686
4.771081,118.05,19936784
4.947253,140.79,19955807
5.627376,277.93,19958031
5.1326957,169.47,19962749
3.7525492,42.63,19968192
5.576868,264.24,19995748
5.6305714,278.82,20060181
5.165803,175.18,20061032
3.9001422,49.41,20066087
6.6284466,756.31,20066721
4.6273174,102.24,20074443
6.6385517,763.99,20183259
5.4444656,231.47,20203034
5.8382764,343.19,20226033
5.457407,234.49,20237190
5.750186,314.25,20239670
5.5457716,256.15,20291512
4.1927075,66.2,20291713
5.5958734,269.31,20303249
5.5824666,265.73,20309328
5.6895976,295.77,20353402
4.6294937,102.46,20357039
3.814363,45.35,20371070
5.411434,223.95,20388215
5.5108557,247.36,20423057
5.3994107,221.28,20433221
5.004455,149.08,20464646
7.2932935,1470.41,20472746
5.696274,297.76,20486543
5.879615,357.67,20486545
5.5153604,248.48,20486551
5.2841463,197.19,20486557
4.3053203,74.09,20534796
4.5019684,90.19,20567444
5.61251,273.83,20579430
5.7388716,310.71,20595369
4.3431945,76.95,20614422
5.8194814,336.8,20626518
5.5496764,257.15,20647444
5.5309,252.37,20649362
3.2807393,26.6,20671406
5.696127,297.71,20692509
3.386738,29.57,20743617
5.878598,357.31,20776827
5.226015,186.05,20793112
5.1466413,171.85,20812821
6.8314176,926.5,20847687
4.038453,56.74,20862382
3.7075517,40.75,20883020
3.9565568,52.28,20885917
5.3261604,205.65,20914955
5.667991,289.45,20939681
5.5986547,270.06,20966731
5.4092755,223.47,20981057
5.5837164,266.06,20996042
5.6927056,296.7,21002036
5.0160055,150.81,21006757
5.1532927,173.0,21050009
5.6931014,296.81,21057885
5.7550664,315.79,21064083
5.40097,221.62,21073225
3.8727922,48.08,21106255
5.5133786,247.99,21130203
5.7207866,305.14,21147407
4.5425267,93.93,21212975
5.1792216,177.54,21214815
4.829701,125.17,21223971
4.6508,104.67,21224065
5.424651,226.93,21224320
5.2954073,199.42,21237696
5.371752,215.24,21240447
3.5277038,34.05,21263321
5.6949105,297.35,21271067
5.4569693,234.39,21275294
5.658179,286.63,21307144
5.6125116,273.83,21307242
5.9814296,396.01,21334527
5.29158,198.66,21378611
5.742428,311.82,21380863
4.3662324,78.75,21388443
5.177454,177.23,21389251
5.725165,306.48,21390908
5.660181,287.2,21390911
5.699527,298.73,21390925
5.755154,315.81,21390929
5.9181805,371.73,21390932
5.8461194,345.89,21390934
5.7837763,324.98,21390935
5.6849127,294.39,21390937
5.443659,231.29,21390938
5.463856,236.01,21390945
5.247426,190.08,21390951
5.2300286,186.8,21390954
5.5083294,246.74,21393496
6.18102,483.48,21402130
5.3529863,211.24,21402659
4.2463245,69.85,21403737
5.1687093,175.69,21408803
3.8910139,48.96,21409342
5.3040595,201.15,21410162
5.3462048,209.81,21411086
5.8057914,332.22,21411730
4.938005,139.49,21420221
5.581672,265.52,21452721
4.142711,62.97,21464483
4.1722183,64.86,21464493
5.497265,244.02,21464595
5.5449433,255.94,21464614
5.4444637,231.47,21464686
3.7984333,44.63,21468414
4.091677,59.84,21479433
3.3342896,28.06,21486278
4.864857,129.65,21507995
4.2474737,69.93,21511919
4.3468122,77.23,21512135
4.282595,72.43,21512625
5.5737314,263.42,21521482
5.7980413,329.65,21527474
3.4378483,31.12,21538579
5.3943014,220.15,21559043
5.2498536,190.54,21571470
5.977493,394.45,21600508
5.860046,350.74,21600753
6.1647058,475.66,21601734
5.945874,382.17,21601949
4.369886,79.03,21629636
5.898142,364.36,21653679
5.3245296,205.31,21653684
5.2970176,199.74,21653693
5.37085,215.05,21653699
5.2931933,198.98,21653703
5.3389306,208.29,21653707
5.3278894,206.0,21653709
5.7490554,313.89,21654365
5.606042,272.07,21658683
5.1701555,175.94,21670806
4.1356754,62.53,21672361
4.3603797,78.29,21674501
5.208652,182.85,21688118
5.47476,238.59,21690567
5.3843102,217.96,21719962
5.2351074,187.75,21721001
5.299389,200.21,21721013
5.3753185,216.01,21721023
5.7827935,324.66,21721070
5.701595,299.34,21721122
5.429913,228.13,21721133
5.282355,196.83,21721152
6.3971133,600.11,21721154
5.6252522,277.34,21721170
5.5625205,260.48,21721252
5.6596107,287.04,21721312
5.52892,251.87,21721317
5.6272345,277.89,21721356
5.280359,196.44,21721514
5.4766073,239.03,21721525
5.222441,185.39,21721543
5.5968823,269.58,21721553
5.514924,248.37,21721586
5.3409514,208.71,21721664
5.27877,196.13,21721702
5.4104495,223.73,21721716
5.334335,207.33,21721717
5.4524045,233.32,21721730
5.4304457,228.25,21721747
5.762917,318.28,21721760
5.5046434,245.83,21721800
5.4522777,233.29,21721812
5.304464,201.23,21721851
5.3137045,203.1,21721888
5.4980097,244.21,21721983
5.3772907,216.44,21721985
5.261721,192.81,21721986
5.301694,200.68,21721987
5.2590156,192.29,21721989
5.292225,198.79,21721990
5.4549265,233.91,21721996
6.055752,426.56,21722004
5.296661,199.67,21722008
5.6109324,273.4,21722021
5.135129,169.89,21722053
5.505382,246.01,21722081
5.4982815,244.27,21722082
5.186741,178.88,21722085
5.3806143,217.16,21722132
5.6062307,272.12,21722138
5.3113055,202.61,21722153
6.2183046,501.85,21722173
5.418407,225.52,21753927
5.705352,300.47,21754157
5.8068,332.55,21754331
5.5322447,252.71,21761757
5.397867,220.93,21762984
5.032417,153.3,21791772
5.501537,245.07,21813230
3.8405633,46.55,21890919
5.9236517,373.77,21909088
3.353403,28.6,21909641
5.360562,212.84,21926686
5.6799974,292.95,21963275
4.8005924,121.58,21969660
5.6799917,292.95,21971059
5.613696,274.16,21993053
5.440074,230.46,21993691
5.23049,186.88,21995015
5.14814,172.11,22005332
4.9305267,138.45,22005342
4.338165,76.57,22039238
5.1805544,177.78,22094381
5.5857577,266.6,22101214
4.9660316,143.46,22141782
5.3689375,214.63,22142518
5.066356,158.6,22154964
5.0434628,155.01,22155702
5.041119,154.64,22156189
5.59311,268.57,22170061
4.0318027,56.36,22196835
5.3875175,218.66,22219831
5.5032654,245.49,22234830
5.5327125,252.83,22235245
5.405555,222.64,22235396
5.3629827,213.36,22235502
5.442347,230.98,22235675
5.4153385,224.83,22235775
5.4249105,226.99,22235897
5.320034,204.39,22236051
4.3570056,78.02,22236190
5.131673,169.3,22306310
6.4640403,641.65,22313479
5.4771867,239.17,22330913
4.527245,92.5,22342208
5.7548623,315.72,22353005
5.2510886,190.77,22367248
4.5337152,93.1,22374774
4.970638,144.12,22375401
5.2207828,185.08,22375564
4.545023,94.16,22375775
5.4433856,231.22,22396050
5.4807134,240.02,22396061
4.1345887,62.46,22452714
5.2683234,194.09,22453174
4.448489,85.5,22458687
5.8222265,337.72,22463569
5.886051,359.98,22474807
5.720659,305.11,22475001
5.7368097,310.07,22475072
6.0264325,414.23,22475121
6.2204695,502.94,22477276
5.9600086,387.61,22488537
5.652587,285.03,22537657
5.60091,270.67,22548858
5.6844006,294.24,22556484
5.5633316,260.69,22595319
5.330564,206.55,22604862
3.4608245,31.84,22629847
3.3475163,28.43,22665692
5.009318,149.8,22729222
5.407205,223.01,22767740
5.3226385,204.92,22770039
2.7825193,16.16,22770282
5.429022,227.93,22772084
4.861385,129.2,22807948
4.33756,76.52,22836980
4.6349983,103.03,22838124
5.87195,354.94,22878815
5.358999,212.51,22881017
5.5835996,266.03,22949272
5.4930406,242.99,22949939
4.0495987,57.37,22954891
5.5473356,256.55,22967713
5.338716,208.25,22978545
5.4207363,226.05,22991301
5.348625,210.32,22991302
5.546688,256.39,22994186
5.797477,329.47,22998247
5.379605,216.94,23001940
6.2959433,542.37,23012707
5.490057,242.27,23031576
5.4690056,237.22,23031619
5.234726,187.68,23033374
6.1340117,461.28,23050270
6.109936,450.31,23051086
4.687557,108.59,23071309
5.0611324,157.77,23114905
5.565589,261.28,23160400
4.4712677,87.47,23173279
5.535292,253.48,23192971
5.5110397,247.41,23193022
5.481267,240.15,23193027
5.5201435,249.67,23193038
4.190008,66.02,23249384
3.7256052,41.5,23258844
5.264157,193.28,23262282
5.080463,160.85,23263002
5.513951,248.13,23269806
5.3232293,205.04,23278873
5.2129045,183.63,23284398
5.0759916,160.13,23284399
5.5642195,260.92,23292197
5.590227,267.8,23292573
5.618956,275.6,23292833
5.636712,280.54,23316067
5.30326,200.99,23320015
5.0895777,162.32,23334103
5.96367,389.04,23374935
5.442624,231.05,23396273
5.641734,281.95,23433992
5.5746746,263.66,23452436
5.3174434,203.86,23463004
5.1712947,176.14,23463007
3.6259744,37.56,23481476
5.745263,312.71,23492339
3.855135,47.23,23504187
5.3271074,205.84,23511046
5.5944886,268.94,23512897
5.630178,278.71,23517823
5.4343,229.13,23533196
5.361275,213.0,23533455
3.9317153,50.99,23572241
5.439365,230.3,23586517
5.3601165,212.75,23586943
5.6166086,274.96,23621398
6.0399528,419.87,23641987
5.5040007,245.67,23645698
5.314285,203.22,23661273
5.843153,344.87,23664180
4.429778,83.91,23674529
5.9518723,384.47,23681623
5.887994,360.68,23685724
6.2405186,513.12,23690277
4.315734,74.87,23690532
5.37528,216.0,23691762
5.6880136,295.31,23692077
7.184436,1318.75,23694336
5.541849,255.15,23737826
5.481247,240.15,23761904
4.412813,82.5,23791776
5.357562,212.21,23804730
4.4419627,84.94,23814528
5.229287,186.66,23814991
4.9865513,146.43,23836924
4.2615576,70.92,23865960
4.3325377,76.14,23866376
5.404653,222.44,23874036
5.578809,264.76,23887963
5.6765757,291.95,24448299
5.4980216,244.21,23931051
5.319081,204.2,23931083
5.5286174,251.8,23931086
5.213814,183.79,23931124
5.4516068,233.13,23931152
5.6705647,290.2,23931201
5.354015,211.46,23931258
5.14731,171.97,23931327
5.45627,234.22,23931360
5.140915,170.87,23931452
5.0876827,162.01,23931481
5.5309834,252.39,23931498
5.5363326,253.75,23964555
5.383931,217.88,23971317
5.129795,168.98,23990630
5.1172047,166.87,23990807
5.212195,183.5,23992269
5.286513,197.65,24025489
5.6354527,280.19,24033028
5.2903395,198.41,24054263
4.5670485,96.26,24077062
4.229808,68.7,24077307
4.320666,75.24,24077510
5.2319155,187.15,24077783
5.470246,237.52,24109664
4.2405443,69.45,24133214
4.7538605,116.03,24138826
7.557707,1915.45,24167970
4.1518526,63.55,24169610
5.5874467,267.05,24196638
6.1002088,445.95,24217669
5.25745,191.99,24238187
5.126563,168.44,24238588
5.5123935,247.74,24239102
3.973051,53.15,24257237
4.065636,58.3,24274635
3.7236443,41.42,24310385
4.43601,84.44,24323325
4.9754148,144.81,24324089
5.2006197,181.38,24324367
5.48139,240.18,24333231
5.0920157,162.72,24343358
5.1394906,170.63,24343601
5.246575,189.91,24344024
4.9360647,139.22,24346762
6.1002374,445.96,24369154
5.2154884,184.1,24398073
5.3319774,206.85,24437496
5.1445436,171.49,24448279
6.072152,433.61,24448286
5.808224,333.03,24448292
5.3957095,220.46,24448871
5.6102962,273.23,24448873
5.322447,204.88,24448886
4.6016283,99.65,24464487
4.2992115,73.64,24465326
4.5342617,93.15,24465371
4.275804,71.94,24465403
4.5522404,94.84,24465422
5.456561,234.29,24465924
6.105223,448.19,24485279
5.3647404,213.74,24486669
4.204366,66.98,24493534
5.8002305,330.38,24520554
4.425419,83.55,24533436
4.773539,118.34,24534785
5.516538,248.77,24589082
5.035517,153.78,24589494
5.4302297,228.2,24589526
5.492526,242.87,24590001
5.317822,203.94,24590016
4.9652987,143.35,24590131
3.8878257,48.8,24619175
4.0891094,59.69,24686801
5.4912705,242.57,24694493
5.4147086,224.69,24722608
5.4969115,243.94,24722855
5.31031,202.41,24747541
5.151622,172.71,24747942
5.084577,161.51,24796633
5.4312916,228.44,24797878
5.393897,220.06,24826720
5.567785,261.85,24840696
4.010221,55.16,24935741
4.691413,109.01,24956546
5.3725204,215.41,24957190
5.3999634,221.4,24974193
5.0931435,162.9,24978503
4.9127617,136.01,24978618
5.0135837,150.44,24978663
5.0904484,162.46,25025836
5.503569,245.57,25061570
3.6996021,40.43,25066990
3.8039818,44.88,25074504
5.289223,198.19,25118224
6.2180896,501.74,25118567
4.676416,107.38,25121122
4.754856,116.15,25122279
5.8600144,350.73,25124052
4.5928526,98.78,25162119
4.328279,75.81,25173870
5.9471498,382.66,25204415
4.6046596,99.95,25229363
6.0821967,437.99,25233509
3.9458296,51.72,25241008
4.127308,62.01,25323112
5.67139,290.44,25329519
5.6297045,278.58,25330725
4.6376185,103.3,25342863
5.835872,342.36,25351451
3.3683472,29.03,25353828
5.0796876,160.72,25363675
5.0274825,152.55,25364321
5.684884,294.38,25387196
5.3606563,212.86,25390910
5.281251,196.62,25438476
4.6433268,103.89,25453308
5.3986483,221.11,25466336
3.752834,42.64,25467406
5.3405423,208.63,25523861
3.9963894,54.4,25527218
4.0883927,59.64,25528952
4.209934,67.35,25541322
4.8976965,133.98,25543821
5.400123,221.43,25562552
5.2119765,183.46,25702608
4.0685487,58.47,25703861
4.4099693,82.27,25705281
3.934145,51.12,25706139
4.0550237,57.69,25707148
4.062086,58.1,25711522
3.9700706,52.99,25711983
5.8023834,331.09,25715089
4.1292562,62.13,25755341
5.3000383,200.34,25759221
4.5492215,94.56,25809648
6.0662956,431.08,25828168
3.3953652,29.83,25831839
5.5849967,266.4,25856449
5.3700495,214.87,25927223
5.132375,169.42,25928900
5.625089,277.3,25959485
4.4981723,89.85,26008844
4.0604267,58.0,26015555
4.9786696,145.28,26024567
4.4972544,89.77,26025102
5.0791492,160.64,26025302
3.824736,45.82,26030842
5.590131,267.77,26043915
5.424259,226.84,26105054
5.008072,149.62,26114542
4.9604044,142.65,26114578
5.241819,189.01,26114727
4.7576346,116.47,26141985
5.401346,221.7,26181888
4.272131,71.67,26212962
4.387147,80.41,26228944
5.8666596,353.07,26347176
5.769666,320.43,26373550
5.9724984,392.48,26375868
5.04822,155.75,26387235
5.490319,242.33,26400467
5.4839783,240.8,26426826
4.34481,77.08,26436956
3.7011113,40.49,26448253
3.1628203,23.64,26468420
5.68268,293.74,26468577
4.85617,128.53,26519990
4.856913,128.63,26545851
5.297131,199.76,26546943
4.821039,124.09,26550311
4.2594976,70.77,26550368
4.8203874,124.01,26551159
4.892406,133.27,26551614
5.230189,186.83,26560602
4.033431,56.45,26560638
5.2191277,184.77,26561889
4.000302,54.61,26562206
5.4940953,243.25,26575574
5.8577557,349.94,26576725
5.8120813,334.31,26588642
3.603025,36.71,26591367
4.2781296,72.11,26600666
4.036487,56.63,26631768
5.0108314,150.03,26697015
3.8138547,45.32,26716372
5.745634,312.82,26741961
5.32834,206.1,26766150
3.8694458,47.92,26791542
5.4842906,240.88,26800509
4.7621346,117.0,26809311
5.4949236,243.45,26811798
5.1977515,180.87,26826875
5.46232,235.64,26828180
5.716761,303.92,26828346
4.395813,81.11,26840994
5.7910624,327.36,26855092
5.416021,224.98,26862103
5.51486,248.36,26883321
4.9109397,135.77,26916773
5.186522,178.85,26916997
5.486525,241.42,26920348
5.434937,229.28,26940439
4.7522354,115.84,26940546
4.1763024,65.12,26942581
6.4155736,611.29,26966765
5.443434,231.23,26969209
5.435054,229.31,26970125
4.8536825,128.21,26976011
4.8620853,129.29,26976071
4.8975544,133.96,26976115
5.754455,315.59,27011219
5.3349247,207.46,27011225
5.8237615,338.24,27013203
5.2547765,191.48,27021820
3.3706615,29.1,27030097
4.071201,58.63,27049403
5.5253587,250.98,27051661
5.6821847,293.59,27053084
5.4721127,237.96,27079140
4.0004315,54.62,27095636
5.7517953,314.76,27147771
5.4301586,228.19,27151343
3.904335,49.62,27183708
5.6356454,280.24,27189168
5.277003,195.78,27191542
4.212672,67.54,27195234
5.6288357,278.34,27211794
5.4138584,224.5,27212042
4.058726,57.9,27217399
5.6470256,283.45,27270668
5.670473,290.17,27270687
5.968133,390.78,27293948
5.7586684,316.93,27400786
4.3584285,78.13,27418999
4.1306953,62.22,27421341
4.291259,73.06,27524491
3.7432268,42.23,27540566
5.825869,338.96,27592098
5.7847595,325.3,27643962
5.841073,344.15,27643967
5.8516994,347.82,27643975
6.288422,538.3,27643976
5.7763286,322.57,27643977
5.498364,244.29,27644071
5.7015285,299.32,27644081
5.773037,321.51,27644098
5.4218764,226.3,27644115
5.749445,314.02,27644158
3.7691064,43.34,27651638
3.3588798,28.76,27662195
3.5360272,34.33,27688070
5.9706674,391.77,27715334
5.214691,183.95,27724507
5.475115,238.68,27738503
5.635362,280.16,27743172
5.748548,313.73,27743825
5.569253,262.24,27761751
5.544962,255.94,27791245
5.473908,238.39,27797794
5.4624796,235.68,27797995
5.562786,260.55,27823920
4.6526604,104.86,27869387
5.1778092,177.29,27942031
5.447335,232.14,27943950
5.808641,333.17,27978908
3.3181748,27.61,28054697
4.5334463,93.08,28065344
3.255583,25.93,28075682
5.5816526,265.51,28167451
5.690144,295.94,28212696
4.8182216,123.74,28214293
3.9148817,50.14,28223209
4.235167,69.07,28268154
5.4088073,223.37,28276809
3.1593843,23.56,28322033
5.5705166,262.57,28325817
4.7162194,111.74,28326845
5.5284576,251.76,28327254
5.455573,234.06,28348651
5.4691367,237.26,28349493
4.7702017,117.94,28409094
5.3047266,201.29,28534218
5.9980836,402.66,28534419
5.671564,290.49,28534534
5.368059,214.45,28534799
3.8110795,45.2,28554053
5.2958565,199.51,28554820
3.2821445,26.63,28573232
3.7642758,43.13,28585450
5.2612677,192.73,28597367
5.038734,154.27,28597705
5.602347,271.06,28630105
3.193251,24.37,28662864
5.6132574,274.04,28688045
4.8181033,123.73,28754017
4.493228,89.41,28806354
5.2031655,181.85,28830732
4.427019,83.68,28850487
3.8715289,48.02,28853622
5.28254,196.87,28859035
5.4717975,237.89,28859799
5.4454913,231.71,28923740
5.2593117,192.35,28925776
3.8264308,45.9,28971441
4.0543265,57.65,28981685
4.6675525,106.44,29004856
5.9888926,398.97,29026668
5.7221885,305.57,29047393
5.4896665,242.18,29047395
5.8160276,335.64,29047430
5.2742133,195.24,29047445
5.646919,283.42,29047459
5.641056,281.76,29047473
5.7279816,307.35,29047487
3.4409413,31.22,29052866
5.4618473,235.53,29053195
5.5397696,254.62,29058916
4.6405215,103.6,29071362
5.5006824,244.86,29077423
5.722566,305.69,29087411
5.1091337,165.53,29115192
5.2347507,187.68,29115367
5.5370545,253.93,29115387
5.1003942,164.09,29115399
5.093243,162.92,29115445
5.039496,154.39,29115483
5.0964875,163.45,29115543
5.5415587,255.08,29115607
5.1728477,176.42,29115636
5.540384,254.78,29119333
4.94912,141.05,29119342
5.2149663,184.01,29119662
5.520575,249.78,29149684
5.5058913,246.14,29154977
5.7169456,303.98,29168321
5.7171316,304.03,29168355
5.7603106,317.45,29168380
5.29221,198.78,29170517
5.3532696,211.3,29171393
4.1352572,62.51,29177296
4.251739,70.23,29179544
5.336493,207.78,29184270
4.5142593,91.31,29235420
4.016853,55.53,29250749
3.6473856,38.37,29268414
5.5304275,252.25,29274945
5.782092,324.44,29276461
4.3403606,76.74,29280143
3.7136226,41.0,29281264
3.6644983,39.04,29282011
3.7582586,42.87,29296805
3.766533,43.23,29300189
5.5660863,261.41,29309442
4.210615,67.4,29350078
3.8369274,46.38,29364846
5.5290504,251.9,29406208
5.544255,255.76,29406276
5.9466543,382.47,29407337
4.9677477,143.7,29407338
4.272748,71.72,29473763
5.82161,337.52,29478802
4.9009457,134.42,29480096
5.5278463,251.6,29488646
5.706859,300.92,29536130
4.7647247,117.3,29541297
4.772694,118.24,29558824
6.112915,451.65,29560648
5.8925667,362.33,29562795
5.641853,281.98,29642165
5.311651,202.68,29649635
5.6625814,287.89,29669709
5.9900937,399.45,29696685
6.573841,716.12,29697224
5.4370356,229.76,29699972
3.752671,42.63,29730539
5.7321167,308.62,29790364
4.2960973,73.41,29821418
5.484074,240.83,29841287
5.5673823,261.75,29841719
3.8309822,46.11,29874105
5.5008693,244.9,29879141
5.9034123,366.29,29889535
5.5988607,270.12,29941662
4.5497336,94.61,29952574
5.5804048,265.18,29954662
4.098041,60.22,29959756
4.247629,69.94,29980781
3.9504206,51.96,30007618
5.765885,319.22,30010355
5.7447867,312.56,30015010
5.8921514,362.18,30103979
4.4645653,86.88,30104060
5.696252,297.75,30107470
5.709867,301.83,30140705
5.17289,176.42,30143898
6.1400185,464.06,30150814
4.206565,67.13,30166327
5.613922,274.22,30216509
4.0874023,59.58,30223189
5.7540846,315.48,30241987
5.277252,195.83,30247780
3.1617177,23.61,30262990
4.059346,57.94,30304482
4.183635,65.6,30310506
5.3640795,213.59,30361540
5.308288,202.0,30366030
4.7889833,120.18,30414062
4.129747,62.16,30466100
4.1998973,66.68,30488093
7.0447288,1146.8,30494183
5.50096,244.93,30516930
5.393142,219.89,30517887
5.5557323,258.72,30517904
5.944795,381.76,30522015
4.1748486,65.03,30545904
5.5194454,249.5,30552006
4.194652,66.33,30553787
5.8347306,341.97,30587399
4.2681894,71.39,30638815
5.197911,180.89,30687407
5.4425206,231.02,30725528
4.0582595,57.87,30728888
3.7454839,42.33,30755787
5.6473203,283.53,30757362
5.388415,218.86,30757752
5.5123286,247.73,30759793
5.48955,242.15,30760234
5.643497,282.45,30760852
5.757819,316.66,30762828
4.4441357,85.13,30763893
6.152339,469.82,30781647
5.1836452,178.33,30782224
6.118983,454.4,30787688
5.5494776,257.1,30789223
6.053619,425.65,30840983
5.4849906,241.05,30842084
5.6548047,285.66,30843660
3.8474085,46.87,30844072
4.0590253,57.92,30850304
4.2150903,67.7,30886732
4.2034564,66.92,30947869
5.4684505,237.09,30949668
6.2005587,493.02,30954814
5.290932,198.53,31011845
5.7334948,309.05,31022924
6.0211864,412.07,31034341
5.75691,316.37,31046919
5.7510395,314.52,31046927
5.7794514,323.58,31046970
3.5992403,36.57,31135781
4.296094,73.41,31170630
3.7711713,43.43,31182721
2.7503483,15.65,31195615
2.6992843,14.87,31202791
2.528616,12.54,31203362
2.6581674,14.27,31203670
2.827954,16.91,31203879
3.7763143,43.65,31219990
2.731978,15.36,31249193
4.4058523,81.93,31252070
4.8276763,124.92,31273922
5.219703,184.88,31276161
5.6663265,288.97,31278230
5.7026243,299.65,31278389
5.8376093,342.96,31280883
5.6212597,276.24,31283935
5.443678,231.29,31298905
5.469619,237.37,31301774
5.5100565,247.17,31301926
5.492245,242.8,31301994
5.5012364,244.99,31302086
5.49323,243.04,31302139
5.4778614,239.33,31302256
5.465918,236.49,31302323
5.4557343,234.1,31302389
5.266613,193.76,31302514
5.625963,277.54,31328173
4.303007,73.92,31329380
5.337761,208.05,31355278
4.7785463,118.93,31356027
4.4153094,82.71,31356036
4.4274917,83.72,31395757
5.3455424,209.67,31397584
5.0501614,156.05,31399622
5.352067,211.04,31400628
5.419818,225.84,31400940
4.366068,78.73,31427528
3.7421799,42.19,31435883
3.7675636,43.27,31459895
3.6934297,40.18,31462421
3.715169,41.07,31463354
3.8160121,45.42,31464073
3.439671,31.18,31466407
5.2300086,186.79,31479637
5.2380676,188.31,31479778
5.329051,206.24,31479950
5.2685933,194.14,31480547
5.3123636,202.83,31480839
5.293042,198.95,31480956
4.2307653,68.77,31481384
3.7243402,41.44,31481732
5.173388,176.51,31482550
3.7418518,42.18,31482616
5.1614795,174.42,31482730
3.752671,42.63,31487338
3.7647505,43.15,31487723
3.8375304,46.41,31488721
3.8209383,45.65,31549149
3.7691064,43.34,31549575
5.3178697,203.95,31550517
3.7931778,44.4,31550583
3.623883,37.48,31551205
3.6168015,37.22,31551988
3.650448,38.49,31552495
3.8515756,47.07,31553351
3.7531404,42.65,31576196
3.7868497,44.12,31576503
5.147916,172.07,31578706
4.6601305,105.65,31579102
4.083144,59.33,31603686
3.2102141,24.78,31612174
5.359136,212.54,31668723
4.2780433,72.1,31739420
5.5438895,255.67,31741549
5.123059,167.85,31758760
5.3008494,200.51,31781604
4.1307406,62.22,31794317
5.6976094,298.15,31817976
5.268518,194.13,31818050
5.5799313,265.05,31842989
5.6714706,290.46,31857600
5.6093674,272.97,31872068
5.207708,182.67,31913452
5.6248693,277.24,31938846
5.3942018,220.13,31943932
5.1040807,164.69,31968252
5.2525115,191.05,31977869
5.4518237,233.18,32028479
5.5080123,246.66,32030157
5.2929463,198.93,32030360
5.340355,208.59,32052836
5.8646817,352.37,32053221
5.662355,287.83,32053606
5.431716,228.54,32053840
4.0294104,56.23,32057454
6.5933986,730.26,32088715
4.4381113,84.61,32096177
4.238539,69.31,32097021
5.543176,255.49,32118599
5.7754498,322.29,32121674
4.059784,57.96,32129828
4.4252977,83.54,32135099
4.265008,71.17,32150427
4.322062,75.34,32175751
5.5028744,245.4,32200318
5.6569343,286.27,32203753
5.564068,260.88,32207394
6.006974,406.25,32210549
6.4467697,630.66,32210550
4.7929516,120.66,32231801
5.6359754,280.33,32299387
3.97642,53.33,32302298
4.834684,125.8,32305182
4.9506297,141.26,32305209
4.4548,86.04,32305216
5.857843,349.97,32320950
5.5099187,247.13,32330651
5.3597884,212.68,32338168
3.8977711,49.29,32351823
5.2423253,189.11,32393656
5.6798306,292.9,32400098
4.694671,109.36,32417958
5.36745,214.32,32454174
5.215745,184.15,32457366
5.310187,202.39,32462139
4.8542714,128.29,32485771
5.5225353,250.27,32514581
4.8954887,133.69,32536135
3.7255588,41.49,32536664
5.1270847,168.53,32536671
3.7146215,41.04,32537049
3.8082001,45.07,32537242
3.8299,46.06,32537550
3.7422886,42.19,32537758
4.6758304,107.32,32561248
4.703813,110.37,32561520
4.463323,86.78,32564135
5.588334,267.29,32572789
4.6730056,107.02,32600746
5.2262764,186.1,32626419
4.4347925,84.33,32637007
5.4814954,240.21,32678957
5.356361,211.95,32679428
5.4810567,240.1,32680404
5.430796,228.33,32680591
5.4803796,239.94,32680710
5.5045686,245.81,32680842
5.455608,234.07,32680971
5.4887776,241.96,32681074
5.119664,167.28,32704893
5.1156955,166.62,32704997
5.2955084,199.44,32732510
5.200421,181.35,32807989
4.1598806,64.06,32812628
4.811947,122.97,32816014
5.4658365,236.47,32904909
4.574392,96.97,32905825
4.7888794,120.17,32906782
5.513772,248.09,32910755
5.3933916,219.95,32930000
4.4958053,89.64,32931242
5.1392922,170.59,32931496
5.1268735,168.49,32932107
4.463933,86.83,32962153
4.429631,83.9,32973652
5.641293,281.83,33062227
5.964902,389.51,33062383
5.6209936,276.16,33067556
4.8957477,133.72,33131569
3.8597376,47.45,33137031
5.337189,207.93,33147215
6.2566314,521.46,33156816
5.0263834,152.38,33179901
4.9557977,142.0,33179902
6.165034,475.82,33182611
6.2692385,528.08,33184108
6.255857,521.06,33185850
4.529701,92.73,33188102
5.455138,233.96,33192456
6.7421217,847.36,33208395
5.9519787,384.51,33209198
5.861819,351.36,33209678
5.7943187,328.43,33212737
4.5156446,91.44,33216922
4.449724,85.6,33223919
3.6920688,40.13,33259417
5.790276,327.1,33281345
3.4941008,32.92,33287630
5.5740614,263.5,33292312
3.6225722,37.43,33337699
5.077981,160.45,33385364
5.0654144,158.45,33385561
5.1720943,176.28,33385698
5.1102366,165.71,33385782
5.5010133,244.94,33411076
5.815633,335.5,33413157
5.308437,202.03,33423422
3.9144797,50.12,33451687
4.753515,115.99,33482801
6.143056,465.47,33508652
4.25653,70.56,33515317
5.050401,156.09,33541032
5.551165,257.54,33602520
5.4501367,232.79,33610373
3.6001587,36.6,33680591
6.0974627,444.73,33682220
6.174871,480.52,33682692
5.4346776,229.22,33697199
5.031531,153.17,33698168
6.164003,475.33,33703229
3.2531264,25.87,33711326
5.7440243,312.32,33727898
5.47751,239.25,33734214
4.195292,66.37,33735182
3.9841745,53.74,33735847
4.5245337,92.25,33738040
5.2147307,183.96,33746032
4.0953918,60.06,33746732
3.3531857,28.59,33755050
5.887468,360.49,33762391
5.401194,221.67,33764163
5.363998,213.58,33771133
4.523527,92.16,33790592
6.534323,688.37,33797183
5.3557334,211.82,33816957
5.7787323,323.35,33820070
3.7659514,43.2,33820361
3.767647,43.28,33820774
3.858211,47.38,33821130
3.8874297,48.79,33823020
3.7427533,42.21,33823232
4.4636235,86.8,33826880
3.946831,51.77,33831366
4.4770985,87.98,33897132
4.550131,94.64,33898095
4.6801386,107.78,33899460
4.3060203,74.14,33906973
4.7495174,115.53,33925020
4.495724,89.63,33932131
3.588673,36.19,33962404
6.389065,595.3,33984534
5.730573,308.15,33986160
3.654879,38.66,33991419
4.1257396,61.91,34038956
5.354903,211.64,34105182
5.316346,203.64,34105202
5.486846,241.49,34105210
5.459605,235.0,34133454
5.806383,332.41,34134281
5.851454,347.74,34135594
5.702956,299.75,34136135
3.719688,41.25,34158979
3.6104183,36.98,34162126
3.4077675,30.2,34162520
3.5722978,35.6,34162968
5.8213806,337.44,34170515
3.519828,33.78,34175313
5.527919,251.62,34191394
5.2605405,192.59,34191633
3.6389136,38.05,34193287
5.541376,255.03,34194215
5.525329,250.97,34222206
5.0848894,161.56,34248969
6.5824575,722.31,34254426
5.3701825,214.9,34272000
5.6703844,290.15,34272589
5.621652,276.35,34273688
5.965767,389.85,34274651
5.4286723,227.85,34275181
5.742869,311.96,34276094
5.54647,256.33,34279029
4.5974083,99.23,34279951
6.796532,894.74,34298556
5.912341,369.57,34298679
5.7188287,304.55,34302718
5.4944544,243.34,34303018
5.5975003,269.75,34303605
6.0104856,407.68,34304002
5.951311,384.26,34304675
6.156978,472.0,34304976
5.996164,401.88,34305195
6.2289624,507.23,34305408
5.056052,156.97,34321060
5.084393,161.48,34321474
5.061458,157.82,34321677
4.920428,137.06,34337041
6.763572,865.73,34358181
5.9285545,375.61,34358699
4.129197,62.13,34364498
3.9132624,50.06,34366695
5.5806756,265.25,34378812
6.1927114,489.17,34380019
5.7430162,312.0,34380983
5.6709256,290.3,34466420
6.3319697,562.26,34492738
3.7177508,41.17,34492989
6.1241045,456.74,34493046
5.4874954,241.65,34494181
5.594008,268.81,34495209
5.6687517,289.67,34496675
5.0506277,156.12,34523402
5.3763275,216.23,34524484
6.137858,463.06,34525397
5.656179,286.05,34533087
4.4940696,89.48,34550942
5.716794,303.93,34552880
7.314252,1501.55,34561786
5.390798,219.38,34564384
5.649915,284.27,34564909
4.523869,92.19,34631898
4.909392,135.56,34663431
5.610586,273.3,34670261
4.552233,94.84,34675738
5.1481667,172.12,34694701
4.9545264,141.82,34705600
7.2132144,1357.25,34708362
5.384431,217.99,34729414
5.7971506,329.36,34729581
5.4097757,223.58,34730133
5.428829,227.88,34730498
5.4234467,226.66,34770183
5.778368,323.23,34777605
5.4641566,236.08,34797717
5.880714,358.06,34855635
5.592203,268.33,34865881
6.0658164,430.87,34879242
6.101649,446.59,34879625
6.0282016,414.97,34879643
5.263078,193.07,34893410
4.6485724,104.44,34897610
5.2421017,189.07,34918913
5.534572,253.3,34918917
5.300912,200.52,34918973
4.714073,111.51,34919339
3.886043,48.72,34921951
4.3229074,75.41,34954011
5.403766,222.24,34957866
6.083405,438.52,34959345
4.677316,107.48,34973476
3.3706,29.1,34987524
4.9811826,145.65,34991010
4.2702394,71.54,35107809
4.0046115,54.85,35108886
3.541484,34.52,35118858
5.8841357,359.29,35119554
3.1262817,22.79,35121401
5.364177,213.62,35135971
5.4964375,243.82,35138586
5.4858546,241.26,35142124
5.4916935,242.67,35143035
4.1302357,62.19,35143784
5.817507,336.13,35144410
5.860227,350.8,35145106
4.7850857,119.71,35145954
5.4562497,234.22,35153558
5.2747035,195.33,35155986
2.9772093,19.63,35191677
5.3951607,220.34,35212944
4.8418856,126.71,35218637
5.278485,196.07,35238219
4.109795,60.93,35249175
5.8983593,364.44,35255592
5.1765733,177.07,35260093
5.541215,254.99,35262482
5.11931,167.22,35274477
5.134771,169.83,35278875
6.110169,450.41,35279429
5.2314677,187.07,35296629
5.209274,182.96,35297062
5.061774,157.87,35297162
5.1630054,174.69,35297256
5.0737257,159.77,35297382
5.1556134,173.4,35310398
5.0743647,159.87,35312384
5.6028037,271.19,35331849
3.6867275,39.91,35336914
5.2526555,191.07,35376060
3.3011458,27.14,35377935
4.820935,124.08,35414199
5.4221554,226.37,35436949
5.608643,272.77,35450813
5.6147366,274.44,35454437
5.591989,268.27,35454439
3.2245457,25.14,35455583
3.2434049,25.62,35455764
3.3271887,27.86,35455815
5.644751,282.8,35477075
4.7644086,117.26,35487025
5.191456,179.73,35488866
5.505976,246.16,35502265
5.7232504,305.9,35502833
4.5580826,95.4,35523560
6.220058,502.73,35564173
4.5197763,91.82,35564626
5.4439254,231.35,35597125
4.3259945,75.64,35599099
4.2958426,73.39,35600390
5.2675033,193.93,35605066
4.327216,75.73,35606852
4.865343,129.72,35627790
4.694815,109.38,35627835
4.6815195,107.93,35627884
4.964661,143.26,35627926
4.086752,59.55,35636033
4.8942165,133.52,35665444
4.727056,112.96,35665656
4.443669,85.09,35682578
4.571528,96.69,35782737
4.5598392,95.57,35784158
4.361947,78.41,35787391
4.478346,88.09,35788054
3.8483887,46.92,35798080
5.1768064,177.12,35832249
5.0024924,148.78,35853948
5.6167254,274.99,35925229
4.078727,59.07,35926563
4.9054184,135.02,35987107
5.888441,360.84,36022888
5.7311153,308.31,36032969
4.3543487,77.82,36060049
4.180745,65.41,36085506
5.828577,339.87,36090145
5.3268404,205.79,36092614
4.3798723,79.83,36102374
3.6940613,40.21,36124019
3.8317845,46.14,36125340
4.2624254,70.98,36125690
3.8269882,45.92,36126058
3.7024496,40.55,36126357
3.6731641,39.38,36128368
3.6746063,39.43,36128647
3.811943,45.24,36128825
3.8275783,45.95,36129095
3.7198489,41.26,36129345
4.0799346,59.14,36131908
5.793252,328.08,36219134
5.3877974,218.72,36272241
5.157711,173.77,36290716
5.24505,189.63,36291359
3.1375864,23.05,36309056
3.8214698,45.67,36324702
5.243701,189.37,36332511
5.3266454,205.75,36370182
4.4579244,86.31,36379798
5.8960924,363.61,36413831
6.0861793,439.74,36421175
6.0906234,441.7,36501458
5.504978,245.91,36504978
5.338539,208.21,36514389
5.3125644,202.87,36515152
3.7947316,44.47,36542451
5.176866,177.13,36563289
5.4619145,235.55,36563466
5.5914855,268.13,36563695
2.9939113,19.96,36575390
5.005923,149.29,36579000
4.1977077,66.53,36591624
4.293683,73.24,36592039
4.2299385,68.71,36592722
4.4105573,82.32,36620765
5.504326,245.75,36622270
4.64923,104.5,36625968
4.317343,74.99,36672507
4.135163,62.5,36689717
5.502303,245.26,36717874
4.501876,90.19,36748618
4.5531683,94.93,36749678
5.4372277,229.8,36761317
3.485243,32.63,36764720
5.808538,333.13,36793797
5.286973,197.74,36823966
4.2849326,72.6,36824206
4.333055,76.18,36824749
4.505744,90.54,36824913
4.374695,79.42,36859384
5.2277985,186.38,36860853
5.3662333,214.06,36901199
6.067055,431.41,36936488
3.2423987,25.6,36957914
5.020409,151.47,36962698
4.3889422,80.56,36972276
4.3545227,77.83,37003901
4.959703,142.55,37065883
5.5986238,270.05,37068370
5.738871,310.71,37071260
5.5672817,261.72,37071332
5.7057266,300.58,37071600
5.3895926,219.11,37071663
5.519679,249.55,37110259
5.412056,224.09,37110943
4.5641284,95.98,37139019
3.9259753,50.7,37139242
4.0024114,54.73,37139262
3.2605543,26.06,37169147
5.2051167,182.2,37169516
4.6702056,106.72,37175952
5.455783,234.11,37201753
5.9601946,387.69,37229893
5.381435,217.33,37241528
4.4810333,88.33,37272558
5.5762715,264.09,37276332
5.4467335,232.0,37278016
5.494475,243.34,37278198
5.501091,244.96,37278347
5.569162,262.21,37278466
5.9473286,382.73,37278579
4.2758737,71.94,37308209
4.3989925,81.37,37311580
4.207174,67.17,37344482
5.432935,228.82,37345707
5.7535295,315.3,37420408
5.3709617,215.07,37476671
5.1306705,169.13,37477673
5.180151,177.71,37480608
5.45058,232.89,37481784
3.5481787,34.75,37511037
4.223724,68.29,37548150
4.342231,76.88,37550734
5.7415133,311.54,37578825
6.109663,450.19,37593900
4.3067245,74.2,37645626
4.0777717,59.01,37646564
5.712613,302.66,37699365
5.0545397,156.73,37713280
4.7185884,112.01,37733761
5.584544,266.28,37734365
5.1064305,165.08,37768883
5.0766106,160.23,37768888
5.515235,248.45,37768899
4.251957,70.24,37774047
6.0091066,407.12,37791017
4.502288,90.22,37814165
3.931466,50.98,37837525
3.9331372,51.07,37867056
5.1385837,170.47,37897272
5.162637,174.62,37901383
5.385025,218.12,37926362
4.5199943,91.84,37990824
3.5171714,33.69,38024690
1.5956199,4.93,38039288
5.4291778,227.96,38082752
5.1238537,167.98,38083546
5.6572375,286.36,38116166
5.62034,275.98,38141575
3.4214902,30.62,38148875
6.382843,591.61,38168039
5.0002904,148.46,38180244
4.4129357,82.51,38180351
5.882263,358.62,38199055
4.1524363,63.59,38199056
4.04359,57.03,38249682
5.3866425,218.47,38257829
4.2709064,71.59,38259848
5.4077835,223.14,38263959
4.2036667,66.93,38275392
5.444289,231.43,38277393
4.84539,127.15,38286909
5.686968,295.0,38291884
5.4047747,222.47,38306095
5.6492057,284.07,38309081
4.3928204,80.87,38324198
4.514296,91.31,38324813
5.3442097,209.39,38326687
4.5269284,92.47,38333472
4.9019465,134.55,38336127
5.173938,176.61,38337124
5.5493207,257.06,38342583
5.5257955,251.09,38342668
3.6380305,38.02,38342935
5.575674,263.93,38342987
5.338079,208.11,38343299
5.103276,164.56,38343364
5.5637107,260.79,38377105
5.6928935,296.75,38379023
5.826401,339.14,38380673
5.325451,205.5,38446404
5.531251,252.46,38446418
3.3951864,29.82,38452094
4.3619685,78.41,38454060
3.9628432,52.61,38498521
3.7315104,41.74,38520944
3.920974,50.45,38566431
5.817437,336.11,38571196
4.7549067,116.15,38595019
4.176138,65.11,38658715
6.3508825,573.0,38663884
4.1969714,66.48,38686835
5.420981,226.1,38687208
4.9539313,141.73,38687404
4.0389605,56.77,38692852
3.7388945,42.05,38712946
4.9319954,138.66,38714452
5.924921,374.25,38744917
3.228712,25.25,38766231
5.3003764,200.41,38767649
4.875586,131.05,38767675
5.644511,282.74,38768158
5.4182377,225.48,38770272
4.2891192,72.9,38818034
4.256447,70.56,38834918
5.2043767,182.07,38841896
4.1986847,66.6,38917089
5.3101153,202.37,38917279
4.092682,59.9,38917682
4.7422423,114.69,38923161
3.1919992,24.34,38970265
5.7092066,301.63,39045025
3.7367902,41.96,39072739
5.5948753,269.04,39074639
5.5674133,261.76,39076570
5.5533633,258.1,39094761
4.492938,89.38,39098031
5.233955,187.53,39130542
5.840187,343.84,39133852
5.274595,195.31,39141386
4.4125695,82.48,39150196
4.3815923,79.97,39184006
4.2573843,70.63,39186823
4.323802,75.48,39187082
4.5020595,90.2,39213055
5.325678,205.55,39213932
5.5211215,249.92,39219334
5.5751357,263.79,39221445
5.535232,253.47,39246801
5.520418,249.74,39265283
3.7229657,41.39,39292715
3.8018923,44.79,39293278
3.8197622,45.59,39293637
4.821458,124.15,39318755
5.045491,155.32,39348891
5.312283,202.81,39349081
5.8596916,350.62,39350261
5.9517765,384.44,39353324
3.9576783,52.34,39356120
5.7782917,323.21,39357046
3.859907,47.46,39376301
3.754995,42.73,39376808
3.7184103,41.2,39377153
3.7283027,41.61,39377325
5.0492206,155.9,39378778
4.4170203,82.85,39381044
4.415407,82.72,39381836
5.0924044,162.78,39404484
4.173693,64.95,39462050
5.917157,371.35,39515028
5.931121,376.58,39515371
5.914003,370.18,39515636
5.858813,350.31,39516146
5.898831,364.61,39516335
5.843832,345.1,39519845
4.379899,79.83,39548516
5.635204,280.12,39555679
4.6049848,99.98,39571615
4.4784513,88.1,39572321
5.756035,316.09,39576026
5.7560334,316.09,39577839
5.482349,240.41,39598491
5.1744895,176.71,39602082
5.465739,236.45,39621148
4.21003,67.36,39622193
3.726204,41.52,39622971
4.066312,58.34,39683083
5.3853307,218.18,39691518
5.3776574,216.51,39691563
5.474934,238.63,39692277
4.7479362,115.35,39692848
4.097416,60.18,39697054
4.623434,101.84,39709504
4.3607345,78.31,39709814
5.3034163,201.02,39710504
3.6210012,37.37,39719760
5.323206,205.04,39737048
4.5037336,90.35,39740834
4.309422,74.4,39747175
4.2469254,69.89,39747728
5.8605256,350.91,39749632
5.272693,194.94,39753264
7.08907,1198.79,39791562
5.5125003,247.77,39811448
4.0851855,59.45,39816578
4.146441,63.21,39817705
4.2728796,71.73,39828227
6.0140686,409.14,39852429
5.3384814,208.2,39862403
5.9042153,366.58,39863843
6.063554,429.9,39865509
5.475618,238.8,39909653
5.874719,355.92,39940188
5.4414067,230.77,39959246
5.4232464,226.61,39959257
5.2294984,186.7,39959265
5.211277,183.33,39959423
5.33119,206.68,39959424
5.220646,185.05,39960458
5.778368,323.23,39967048
5.217955,184.56,39976766
5.940796,380.24,40001918
5.528636,251.8,40026944
3.0651338,21.44,40045717
5.5108113,247.35,40048439
5.827916,339.65,40048494
5.53664,253.82,40048783
5.541092,254.96,40049637
4.559361,95.52,40056381
6.129752,459.32,40077922
7.417154,1664.29,40084447
7.9915776,2955.96,40090804
7.393691,1625.7,40103238
4.404639,81.83,40106992
4.6085253,100.34,40116681
3.3161418,27.55,40125989
5.003581,148.95,40130500
7.0348387,1135.51,40133487
2.7679694,15.93,40138005
7.2694597,1435.77,40196701
5.0710983,159.35,40198545
5.7659507,319.24,40199387
5.6444573,282.72,40205628
5.554223,258.33,40218634
5.4731245,238.2,40218906
5.497782,244.15,40222616
5.146976,171.91,40248216
6.049539,423.92,40280569
5.74032,311.16,40280595
5.6149316,274.49,40299706
4.56224,95.8,40302779
5.2538443,191.3,40385005
5.1463037,171.8,40385963
5.285874,197.53,40386721
5.0477414,155.67,40387610
5.467566,236.88,40391666
3.2337925,25.38,40408314
5.7801504,323.81,40414802
5.4590745,234.88,40415475
5.1181774,167.03,40427284
5.503033,245.44,40439649
4.6874733,108.58,40441376
4.648535,104.43,40443241
4.5688124,96.43,40443970
5.888072,360.71,40446553
5.7212234,305.28,40447300
4.655691,105.18,40466504
7.0192814,1117.98,40467518
7.62426,2047.26,40503194
4.34104,76.79,40521034
4.4076004,82.07,40522998
3.7141268,41.02,40537668
3.577917,35.8,40537769
3.6094298,36.94,40537868
4.9921265,147.25,40549852
7.104894,1217.91,40556263
4.47922,88.17,40562136
5.3267946,205.78,40563050
5.4246845,226.94,40573372
5.686182,294.77,40573467
5.6113625,273.52,40573472
5.5698853,262.4,40573478
5.615292,274.59,40573479
5.443209,231.18,40574479
5.5031743,245.47,40574849
5.2209797,185.12,40574903
5.436259,229.58,40575199
5.583312,265.95,40575224
4.1208677,61.61,40575663
4.7030654,110.28,40577359
5.483496,240.69,40578133
5.167044,175.4,40590138
4.141245,62.88,40635494
6.9264975,1018.92,40688019
5.431023,228.38,40688533
4.5573215,95.33,40689605
4.861956,129.28,40691853
5.194249,180.23,40693594
5.0585976,157.37,40694466
5.2211103,185.14,40694488
5.1432295,171.27,40694511
5.316579,203.69,40694534
4.096864,60.15,40718174
5.4480014,232.29,40743368
4.371502,79.16,40745175
5.736841,310.08,40767024
6.682967,798.69,40767970
7.2003527,1339.9,40771762
3.3482046,28.45,40782525
5.701284,299.25,40791473
5.7344117,309.33,40791476
5.862905,351.74,40791481
5.618529,275.48,40791483
4.475557,87.84,40796451
5.2270675,186.25,40813031
5.586981,266.93,40854994
6.475696,649.17,40905037
5.5415344,255.07,40907657
5.7120457,302.49,40907869
4.226875,68.5,40908585
7.0686502,1174.56,40942348
7.158298,1284.72,40944115
5.501922,245.16,40955593
5.4710073,237.7,40960492
5.486089,241.31,40961844
6.269231,528.07,40964548
5.100444,164.09,40989258
5.9792523,395.14,41015150
5.6083016,272.68,41016718
5.804268,331.71,41016723
5.7929635,327.98,41016729
5.559911,259.8,41025443
4.294215,73.27,41039363
5.465907,236.49,41039477
3.3045774,27.24,41054701
5.6619463,287.71,41098294
5.0984826,163.77,41151318
5.665206,288.65,41190205
5.4341955,229.11,41220298
4.0401464,56.83,41220520
5.8489466,346.87,41227849
3.9599187,52.45,41316504
3.636319,37.95,41365782
4.583554,97.86,41394624
6.1498966,468.67,41395352
5.24842,190.27,41399566
6.93952,1032.27,41426857
4.3930573,80.89,41440960
5.7034516,299.9,41445152
3.6243935,37.5,41449732
5.7911806,327.4,41449810
4.0205784,55.73,41460159
5.9372306,378.88,41467925
4.0349417,56.54,41516605
5.6350207,280.06,41518092
5.5939326,268.79,41519238
5.356147,211.91,41521237
4.320952,75.26,41523825
5.4532237,233.51,41526061
4.062864,58.14,41551681
5.61105,273.43,41559861
5.2166996,184.32,41583892
5.2462897,189.86,41611728
6.2208276,503.12,41636989
5.135794,170.0,41698510
6.0931926,442.83,41699613
5.61439,274.35,41700124
5.433856,229.03,41734647
4.135454,62.52,41747671
5.4928327,242.94,41783014
5.472734,238.11,41830015
5.3117557,202.71,41846892
5.3049097,201.32,41853059
4.6539264,105.0,41857581
4.7967443,121.12,41866535
5.9403653,380.07,41895465
5.5939035,268.78,41895796
5.7328005,308.83,41895963
5.736886,310.1,41896056
5.627223,277.89,41896154
6.061219,428.9,41897762
5.2625194,192.97,41898063
5.4122305,224.13,41920692
4.709036,110.95,41923515
6.089161,441.05,41923523
5.699312,298.66,41926662
5.1712813,176.14,41976895
5.05247,156.41,41981479
5.9615364,388.21,41991221
4.8514214,127.92,42000102
5.7788367,323.38,42030176
5.3605404,212.84,42037626
5.723026,305.83,42057280
6.4769096,649.96,42062992
5.294099,199.16,42066899
5.336144,207.71,42079862
4.1596913,64.05,42081486
5.3770404,216.38,42082554
4.175657,65.08,42085179
4.1001043,60.35,42085942
5.791903,327.64,42103713
5.730488,308.12,42128045
5.3266015,205.74,42128982
5.3417797,208.88,42134884
5.701814,299.41,42151836
5.5549645,258.52,42169123
5.6508737,284.54,42195430
4.0748744,58.84,42208267
4.2355676,69.1,42226195
5.7808743,324.04,42239139
5.4980745,244.22,42240619
5.2694726,194.31,42263516
3.4845605,32.61,42290854
4.5914316,98.64,42297026
6.4080787,606.73,42341195
4.875113,130.99,42344644
6.266887,526.83,42347245
5.057554,157.21,42349331
5.0516315,156.28,42349882
5.3592076,212.56,42350049
5.3409104,208.7,42350274
5.35361,211.37,42350538
5.3436265,209.27,42350651
5.71156,302.34,42369117
5.320589,204.5,42371898
5.3535438,211.36,42373718
4.3398094,76.69,42388402
5.5931,268.57,42393313
4.8851466,132.31,42393912
5.4350176,229.3,42396146
5.364018,213.58,42396214
5.745972,312.93,42397180
5.8219814,337.64,42399052
5.7441463,312.36,42399737
5.1724353,176.34,42400057
3.4314413,30.92,42404270
6.0007195,403.72,42418361
5.564886,261.1,42419142
5.401885,221.82,42420067
7.5501275,1900.99,42468218
4.6560183,105.22,42478774
5.011405,150.12,42479082
5.1537967,173.09,42497277
4.21638,67.79,42505004
3.4242404,30.7,42516529
4.0483956,57.31,42526434
5.647961,283.71,42536918
4.8535814,128.2,42549331
5.533201,252.95,42560387
5.0548234,156.78,42563924
5.470778,237.65,42575841
5.122934,167.83,42576874
5.1854196,178.65,42577135
5.1739583,176.61,42577230
5.649256,284.08,42577795
5.1531343,172.97,42595301
5.2702055,194.46,42595805
5.5413003,255.01,42596063
5.2670555,193.84,42596281
5.4001203,221.43,42596707
5.5110917,247.42,42597597
5.3016567,200.67,42598255
5.234921,187.71,42598391
5.4624553,235.68,42598611
5.2975693,199.85,42600316
5.5524096,257.86,42604480
5.610491,273.28,42632088
5.3659053,213.98,42633499
4.4942355,89.5,42634601
4.3775315,79.64,42660146
3.1271665,22.81,42666342
5.367069,214.23,42687971
5.4373155,229.82,42692716
5.4459915,231.83,42697259
3.3376575,28.15,42725116
3.3382244,28.17,42727558
3.4852898,32.63,42728305
5.4316263,228.52,42733933
5.443309,231.21,42734754
5.410184,223.67,42802494
5.3249054,205.39,42821098
5.1017947,164.32,42832993
5.7238474,306.08,42848943
4.8575163,128.7,42853755
4.1120358,61.07,42871945
4.01159,55.23,42872284
4.1574974,63.91,42874820
5.665269,288.67,42875077
5.518908,249.36,42876023
5.7127275,302.7,42885143
5.8770766,356.76,42899790
5.571625,262.86,42909365
5.5519886,257.75,42909469
5.6902924,295.98,42910007
4.82804,124.97,42920457
5.272003,194.81,42921860
4.6165795,101.15,42924049
5.443464,231.24,42933674
4.7386007,114.27,42933904
5.6351833,280.11,42934004
5.5839787,266.13,42935852
5.7881784,326.42,42936108
6.2242503,504.84,42936177
4.5020747,90.2,42949488
4.2204957,68.07,42962519
4.665521,106.22,42962557
4.68795,108.63,42962582
4.9538097,141.71,42962631
4.6564064,105.26,42962672
5.5103145,247.23,42974096
3.0326426,20.75,42979236
5.833996,341.72,42994317
5.1529727,172.94,43009378
5.9313064,376.65,43017017
5.6814713,293.38,43018190
5.658264,286.65,43022697
5.709395,301.69,43029037
5.429664,228.07,43029643
4.041984,56.94,43084070
5.592144,268.31,43675064
5.5098257,247.11,43085325
5.9312563,376.63,43086001
4.097793,60.21,43120266
5.600733,270.62,43139610
4.033283,56.45,43144649
5.1805334,177.78,43153785
6.0286736,415.16,43163308
5.680944,293.23,43164486
5.7268534,307.0,43169539
4.4877133,88.92,43176687
4.6388664,103.43,43178126
5.196528,180.64,43182950
4.0741105,58.8,43183458
4.640869,103.63,43184551
3.958914,52.4,43191576
5.170132,175.94,43235590
5.377707,216.53,43235980
5.312487,202.85,43236801
4.273058,71.74,43246580
4.22565,68.42,43256623
5.5668607,261.61,43273703
4.0550013,57.69,43289029
4.3032966,73.94,43298193
4.6543665,105.04,43307553
4.95636,142.08,43307558
5.086542,161.83,43307565
5.1098466,165.64,43307573
5.101417,164.25,43307579
4.9706163,144.12,43307585
4.9585915,142.39,43307590
4.954011,141.74,43323134
5.3188405,204.15,43323984
5.9861374,397.87,43324063
5.6577907,286.51,43389162
5.425906,227.22,43395334
3.8807461,48.46,43412190
5.328566,206.14,43420724
3.5299706,34.12,43423133
3.343749,28.33,43426848
4.311254,74.53,43427472
5.136008,170.04,43428634
5.571845,262.92,43450552
4.3742685,79.38,43463087
3.4721918,32.21,43471655
5.454398,233.78,43495383
5.870816,354.54,43495895
4.528357,92.61,43535872
5.15568,173.41,43555507
4.230075,68.72,43572105
5.6735296,291.06,43573478
5.6875377,295.17,43575700
5.5878115,267.15,43576098
5.353078,211.26,43594260
2.8872364,17.94,43598928
3.3536806,28.61,43612188
3.9340115,51.11,43633567
4.3802586,79.86,43645540
4.252903,70.31,43646284
4.867054,129.94,43672037
5.670871,290.29,43675000
5.7117643,302.4,43675001
5.7422333,311.76,43675002
5.630138,278.7,43675003
5.6133566,274.06,43675004
5.717256,304.07,43675006
5.6888676,295.56,43675009
5.655497,285.86,43675065
5.6206493,276.07,43675066
4.1841655,65.64,43675445
3.3949718,29.81,43698490
6.076352,435.44,43754244
5.478951,239.6,43763999
4.2732844,71.76,43764864
4.190359,66.05,43795274
4.2219286,68.16,43809278
6.489788,658.38,43823557
6.380341,590.13,43824425
6.4643435,641.84,43824602
5.2259326,186.03,43865087
3.8458345,46.8,43878524
4.1489487,63.37,43879145
5.433495,228.95,43881409
5.5444803,255.82,43888224
5.5330887,252.92,43888886
5.20811,182.75,43889484
5.3967857,220.7,43914177
5.1855984,178.68,43918687
5.208769,182.87,43920371
5.0518756,156.32,43920422
5.936302,378.53,43933683
5.598365,269.98,43934700
5.7729516,321.49,43953863
5.3785105,216.7,43975051
5.6725583,290.78,44003746
5.767966,319.89,44015385
5.722135,305.56,44015386
5.405979,222.73,44028883
5.0620165,157.91,44030369
5.565944,261.37,44030374
5.6743655,291.3,44030376
5.652998,285.15,44030378
5.5725694,263.11,44030379
5.4122066,224.13,44030381
5.1872973,178.98,44030678
5.507591,246.56,44033762
5.069783,159.14,44033763
5.547141,256.5,44033766
5.303086,200.96,44033767
5.035765,153.82,44060722
5.397951,220.95,44095654
5.2671084,193.85,44095656
5.234934,187.72,44095658
5.2300105,186.79,44096958
4.884692,132.25,44103063
4.091189,59.81,44126175
4.221312,68.12,44127853
4.371794,79.19,44131416
4.098614,60.26,44131698
5.404076,222.31,44146386
5.9306335,376.39,44148664
5.4002247,221.46,44159663
4.7074504,110.77,44165809
3.8856657,48.7,44208622
5.762111,318.02,44219705
5.2358155,187.88,44246711
5.607842,272.56,44255339
4.1305847,62.21,44298570
5.713927,303.06,44301076
5.453503,233.58,44301093
5.212193,183.5,44304299
4.759708,116.71,44311821
4.846635,127.31,44315000
5.8564067,349.47,44330481
5.5772114,264.33,44330484
4.341497,76.82,44361751
5.420722,226.04,44371185
4.302927,73.92,44371201
4.4099007,82.26,44371227
5.297431,199.82,44371259
4.352759,77.69,44372603
5.3889117,218.96,44372605
5.2817125,196.71,44372630
3.9082012,49.81,44402717
5.34681,209.94,44415954
5.5186415,249.3,44424568
5.1171064,166.85,44428988
5.176945,177.14,44429480
4.52185,92.01,44438820
5.341708,208.87,44439686
4.58716,98.22,44441044
5.174005,176.62,44443957
3.753409,42.67,44468990
4.5871043,98.21,44469306
5.3712444,215.13,44482243
5.729874,307.93,44482987
5.832181,341.1,44482988
5.71205,302.49,44483001
5.7111225,302.21,44483010
5.73756,310.31,44483026
5.6631,288.04,44483036
5.65622,286.07,44483046
5.7313185,308.38,44483063
5.7229695,305.81,44483077
5.767548,319.75,44483088
5.553706,258.19,44483104
5.6934133,296.91,44485262
5.546234,256.27,44549966
4.496594,89.71,44639475
4.9425626,140.13,44639647
4.4625306,86.71,44672894
3.3722816,29.14,44689949
4.426071,83.6,44697705
4.6970687,109.63,44697708
5.6765466,291.94,44697709
5.788717,326.59,44697710
3.3235137,27.76,44700197
4.595231,99.01,44740721
5.1625466,174.61,44886724
5.118161,167.03,44890231
4.421015,83.18,44933910
5.1578255,173.79,44934910
4.9661417,143.47,44942108
5.324225,205.25,44943249
5.517973,249.13,44943596
6.006728,406.15,44946736
4.056673,57.78,44989496
4.242282,69.57,44990153
5.070466,159.25,44992166
5.1568203,173.61,44993769
5.1075,165.26,44994474
5.2420406,189.06,44994769
5.0478272,155.68,44995023
4.9452343,140.5,44995311
4.346521,77.21,44998135
6.1493683,468.42,44998451
4.2448406,69.74,45046779
5.474309,238.49,45049209
5.4300866,228.17,45049212
5.5237875,250.58,45049216
5.367121,214.25,45049217
5.5137787,248.09,45072058
5.479855,239.81,45072540
5.468312,237.06,45094608
5.282407,196.84,45094687
5.379391,216.89,45094689
5.3773365,216.44,45094691
5.403014,222.07,45094694
5.5171995,248.94,45094696
5.915299,370.67,45111588
5.8265405,339.18,45112738
5.874656,355.9,45128265
5.5302377,252.2,45128612
5.795033,328.66,45128842
5.9416485,380.56,45128924
5.614049,274.25,45129046
5.7663903,319.38,45129179
5.209711,183.04,45129269
5.681923,293.51,45129366
5.383467,217.78,45132295
5.0183268,151.16,45132322
4.8731036,130.73,45149374
4.3991365,81.38,45171526
4.8935614,133.43,45171858
4.121941,61.68,45212749
5.324989,205.41,45213202
5.280971,196.56,45228987
5.30392,201.12,45229470
2.7932224,16.33,45232753
5.2274795,186.32,45233584
4.5222945,92.05,45246317
5.0604596,157.66,45246483
5.1605043,174.25,45246616
5.0489497,155.86,45246620
4.3905025,80.68,45246623
5.0638957,158.21,45246625
5.2778196,195.94,45246997
5.2287307,186.56,45249194
5.786395,325.84,45265445
4.9020386,134.56,45265578
4.9477334,140.86,45266586
4.959963,142.59,45281672
5.756188,316.14,45282768
5.621397,276.28,45282903
5.616735,274.99,45282942
4.9391975,139.66,45294779
5.056534,157.05,45295077
5.4154043,224.84,45316066
5.6599364,287.13,45325166
6.2860093,537.01,45339212
5.782278,324.5,45342192
5.5339656,253.15,45356213
4.9207563,137.11,45356687
5.529029,251.9,45357613
4.2382627,69.29,45401363
5.353156,211.27,45444900
4.4673696,87.13,45450661
3.410686,30.29,45477228
5.826285,339.1,45489180
5.732192,308.65,45489409
6.7352295,841.54,45489429
5.81188,334.25,45489465
5.8217783,337.57,45489522
5.520329,249.72,45489617
5.7875233,326.2,45490049
3.9731717,53.15,45492609
5.169004,175.74,45510310
4.429696,83.91,45524790
5.142893,171.21,45537946
5.3071766,201.78,45543696
4.9057226,135.06,45588931
4.7780848,118.88,45617401
4.8420944,126.73,45646688
5.756364,316.2,45652524
6.6747494,792.15,45665313
4.485124,88.69,45675844
5.033726,153.5,45679907
4.4139113,82.59,45694067
4.4284987,83.81,45694199
4.805754,122.21,45694226
4.831234,125.37,45694257
4.9522967,141.5,45694284
4.7810254,119.23,45696029
4.288013,72.82,45734359
5.7472057,313.31,45746921
5.6763754,291.89,45794650
5.4249144,226.99,45814330
4.1829042,65.56,45821787
5.708234,301.34,45856140
7.105731,1218.93,45871314
5.5506434,257.4,45872838
5.571368,262.79,45876372
5.8555694,349.17,45888891
5.8068504,332.57,45889068
3.6257672,37.55,45889115
3.550731,34.84,45889186
3.6540208,38.63,45889448
3.633118,37.83,45889595
4.9181976,136.76,45890359
5.438483,230.09,45904731
3.4527144,31.59,45906714
5.9845495,397.24,45932927
6.3102226,550.17,45932971
3.8466794,46.84,45945743
5.3775244,216.49,45946816
3.6291919,37.68,45947679
3.625079,37.53,45947741
3.6323483,37.8,45947908
3.8509982,47.04,45948029
3.8979168,49.3,45948069
5.0181756,151.14,45955324
5.457358,234.48,45966793
5.8140984,334.99,45967884
6.9588256,1052.4,45967918
5.701343,299.27,45969373
5.5878005,267.15,45969424
5.590439,267.85,45969484
5.6238184,276.94,45969601
5.553466,258.13,45969674
5.580211,265.13,45969756
5.68598,294.71,45969832
5.4055214,222.63,45969941
5.4255595,227.14,45970041
5.369028,214.65,45970115
5.4555707,234.06,45970180
5.3623285,213.22,45970313
5.798499,329.8,45970548
5.5825014,265.74,45970689
5.5530477,258.02,45970795
5.529987,252.14,45970841
5.573002,263.22,45970949
5.5738325,263.44,45971013
5.596756,269.55,45990615
3.289752,26.84,45991623
5.3768516,216.34,46004375
4.1324472,62.33,46004433
5.5650115,261.13,46004789
5.13828,170.42,46021218
4.1067643,60.75,46029331
4.5191994,91.76,46051597
2.4717097,11.84,46052188
5.7959766,328.97,46062356
5.5794096,264.92,46062358
5.565516,261.26,46062362
5.3915544,219.54,46062364
5.7158875,303.65,46062367
5.8021417,331.01,46062473
5.3621244,213.18,46062597
5.3449183,209.54,46062625
5.5792985,264.89,46079657
6.1381154,463.18,46095905
3.716055,41.1,46112449
3.741559,42.16,46112987
4.997272,148.01,46118535
4.9143486,136.23,46119173
4.8130903,123.11,46131550
5.467369,236.84,46173680
4.643239,103.88,46185078
5.8252797,338.76,46214984
5.7086983,301.48,46229903
5.610019,273.15,46230233
5.631997,279.22,46230238
5.370077,214.88,46230308
5.6023345,271.06,46324039
5.4641027,236.06,46329117
5.185015,178.58,46349248
5.438203,230.03,46365453
5.2170067,184.38,46366481
5.1918974,179.81,46366621
5.689399,295.72,46386226
5.781826,324.35,46386229
5.482507,240.45,46386232
5.548596,256.88,46389329
5.8353944,342.2,46405880
5.7471976,313.31,46407113
5.7959504,328.96,46409602
6.113015,451.7,46409985
6.008607,406.92,46410873
5.0563135,157.01,46461032
4.992631,147.32,46461242
4.9175615,136.67,46461816
5.274912,195.37,46478264
4.0352573,56.56,46481057
3.9549398,52.19,46481434
5.828561,339.87,46483392
4.4550524,86.06,46487733
4.8797855,131.6,46505949
4.3534193,77.74,46508126
5.4277277,227.63,46511170
4.9357886,139.18,46520716
5.3188357,204.15,46521048
4.0622134,58.1,46564226
4.998761,148.23,46613921
4.7021995,110.19,46633269
5.373351,215.58,46636214
5.8109064,333.92,46640029
4.905572,135.04,46651016
3.9438403,51.62,46651258
4.626761,102.18,46651733
4.86915,130.21,46652897
5.579243,264.87,46673542
5.5816555,265.51,46718816
4.840038,126.47,46719435
6.071752,433.44,46730224
5.4057536,222.68,46731061
4.078702,59.07,46769378
5.662336,287.82,46786221
5.4663825,236.6,46806809
4.1404214,62.83,46862970
5.757121,316.44,46865379
5.4883757,241.86,46909501
5.5076976,246.58,46910060
4.483027,88.5,46911563
4.564686,96.03,46933729
5.0322084,153.27,47041966
5.1907053,179.6,47043666
4.561008,95.68,47088756
5.406054,222.75,47109913
4.865512,129.74,47111057
3.9208999,50.45,47137881
5.7478676,313.52,47168832
5.6838512,294.08,47168884
5.7325287,308.75,47168926
4.639994,103.54,47209976
4.4719853,87.53,47210869
5.657066,286.31,47346111
3.839262,46.49,47400659
4.0013547,54.67,47407694
5.113749,166.29,47439725
4.414864,82.67,47440892
5.0461173,155.42,47458896
5.237436,188.19,47460080
5.8986077,364.53,47461003
5.937082,378.83,47461848
5.5168004,248.84,47483536
4.8729415,130.7,47503230
4.8747025,130.94,47526801
5.440393,230.53,47709894
5.52214,250.17,47724632
5.5993075,270.24,47724954
5.0639744,158.22,47733474
5.0491853,155.9,47778521
6.2124243,498.91,47780609
5.5477395,256.66,47791201
5.017605,151.05,47823986
4.227872,68.57,47842051
5.0370407,154.01,47863477
3.8977802,49.29,47869267
5.4753385,238.73,47878338
4.29387,73.25,47882848
4.253354,70.34,47920123
5.4582577,234.69,47932207
5.4588346,234.82,47935259
5.51797,249.13,47949102
4.2604494,70.84,47954983
3.146029,23.24,47970185
5.7201,304.94,47984242
4.180761,65.42,48005011
4.6735024,107.07,48035923
5.664408,288.42,48072454
5.536553,253.8,48088464
4.4919314,89.29,48092826
4.542978,93.97,48093421
4.3464108,77.2,48098967
4.822173,124.23,48104797
5.171876,176.25,48114044
5.4473352,232.14,48115773
5.0616055,157.84,48128565
4.877908,131.36,48171698
5.675224,291.55,48178644
5.7483764,313.68,48179153
5.2357097,187.86,48181684
4.8952956,133.66,48181789
5.405742,222.68,48225671
5.6086416,272.77,48237481
5.4587126,234.79,48237763
5.049003,155.87,48266882
4.867515,130.0,48275363
5.2023697,181.7,48275514
5.0686755,158.96,48275750
4.6948104,109.38,48290703
5.1875386,179.03,48292590
3.3184428,27.62,48316124
3.601549,36.65,48316428
5.6423655,282.13,48323857
4.262063,70.96,52719337
4.7227206,112.47,48325399
4.6406884,103.62,48337722
5.07109,159.35,48343415
4.372101,79.21,48387994
4.568377,96.39,48416538
4.501889,90.19,48432579
4.855165,128.4,48433703
4.120466,61.59,48446266
5.2630973,193.08,48578421
5.5620213,260.35,48585016
4.130061,62.18,48585443
5.025427,152.24,48585721
4.7358584,113.96,48586390
5.2486057,190.3,48586985
5.5432034,255.5,48596511
3.4328444,30.96,48624452
6.652823,774.97,48639912
5.251743,190.9,48687394
5.4989023,244.42,48715762
5.049498,155.94,48731611
5.510621,247.3,48748526
3.8923934,49.03,48776953
3.378421,29.32,48781697
6.1197615,454.76,48818432
3.9214172,50.47,48821814
6.1909575,488.31,48838055
4.8417034,126.68,48838696
5.27202,194.81,48847138
5.734415,309.33,48847699
5.5760484,264.03,48848060
4.454649,86.03,48849766
5.4488883,232.5,48857141
4.784155,119.6,48876081
4.6001945,99.5,48910792
4.756825,116.38,48932067
5.3815527,217.36,48977849
4.3570027,78.02,49026942
5.5835304,266.01,49028532
4.8262887,124.75,49028746
5.688924,295.58,49032197
5.615621,274.68,49091876
5.574705,263.67,49106791
4.5487366,94.51,49158347
4.6634803,106.0,49169069
4.6391563,103.46,49169071
5.8569326,349.65,49183111
6.0167933,410.26,49184930
5.8124886,334.45,49206922
4.0812116,59.22,49224523
5.1103497,165.73,49239267
5.2340713,187.55,49239483
5.5080132,246.66,49288327
6.3870506,594.1,49299886
5.7088056,301.51,49310121
5.368254,214.49,49332862
5.605355,271.88,49333034
5.370502,214.97,49333175
5.447062,232.08,49333332
5.549266,257.05,49333438
5.413646,224.45,49333514
5.3185463,204.09,49333584
5.7722116,321.25,49334726
5.2530203,191.14,49334743
4.6285877,102.37,49356122
5.7174363,304.12,49368529
4.771745,118.13,49373487
6.151623,469.48,49375703
5.731755,308.51,49376170
5.522137,250.17,49379242
5.70437,300.18,49380544
4.3859324,80.31,49383457
4.5129805,91.19,49433978
5.373403,215.6,49455076
5.105531,164.93,49457063
5.2404804,188.76,49457281
5.103835,164.65,49459079
4.1342845,62.44,49460390
4.885596,132.37,49475276
5.129206,168.88,49475706
5.1197066,167.29,49475946
5.1145945,166.43,49476178
5.092295,162.76,49476341
5.2575626,192.01,49476519
5.3531733,211.28,49476661
5.5737224,263.41,49477010
5.659234,286.93,49477480
5.4686,237.13,49491415
5.5130725,247.91,49492382
5.2152143,184.05,49503015
5.830416,340.5,49509062
5.024126,152.04,49509615
4.6946673,109.36,49510552
5.543134,255.48,49555945
5.548134,256.76,49601188
5.501669,245.1,49601658
6.2715783,529.31,49624553
4.534187,93.15,49625825
4.944264,140.37,49626980
4.884508,132.23,49627292
5.6299124,278.64,49704081
5.640035,281.47,49704084
5.553806,258.22,49704086
5.652097,284.89,49704089
3.870871,47.98,49721582
5.1309595,169.18,49741029
4.506125,90.57,49749120
4.8142138,123.25,49749459
4.9139967,136.18,49749559
5.016586,150.9,49749729
5.4612236,235.39,49763238
5.3970156,220.75,49763366
5.627031,277.84,49763542
5.5609536,260.07,49764941
5.1581006,173.83,49776374
5.5584965,259.43,49808905
5.518467,249.25,49818673
5.6309586,278.93,49844110
5.2486115,190.3,49844407
4.6126547,100.75,49848598
5.220768,185.08,49848610
4.323376,75.44,49874673
6.1932955,489.46,49901927
4.395163,81.06,49903883
5.76265,318.19,49918363
3.4712415,32.18,49921829
5.5550847,258.55,49929114
4.3059235,74.14,49954263
5.3906612,219.35,49960362
5.575626,263.91,49963630
3.713716,41.01,49984706
3.5898066,36.23,49984968
4.1311054,62.25,50018724
4.204221,66.97,50019245
4.0325055,56.4,50019448
4.471662,87.5,50049967
5.023843,151.99,50057697
5.3786488,216.73,50058275
5.0225887,151.8,50058557
4.778527,118.93,50063836
4.7722907,118.19,50064483
4.981145,145.64,50073099
4.8055005,122.18,50081241
3.6173534,37.24,50083428
5.924357,374.04,50124034
5.500819,244.89,50124259
5.683766,294.05,50130403
5.6525145,285.01,50141573
4.301617,73.82,50149309
5.0102267,149.94,50154052
5.0731363,159.67,50154704
5.2359595,187.91,50158988
5.424771,226.96,50166453
6.2259765,505.72,50168541
4.756212,116.3,50169497
5.0484843,155.79,50171546
5.0377426,154.12,50171921
4.8886895,132.78,50172797
5.8299522,340.34,50175351
5.299231,200.18,50182523
4.745419,115.06,50194220
4.0876703,59.6,50195865
5.165205,175.07,50199682
5.3895516,219.11,50201349
5.2766466,195.71,50203619
5.1360855,170.05,50208264
5.3607607,212.89,50208452
4.926242,137.86,50208876
5.3417006,208.87,50229454
5.965362,389.69,50230242
5.35219,211.07,50240133
6.319914,555.53,50240943
5.33422,207.31,50250461
3.573761,35.65,50256039
4.8862557,132.46,50256341
4.139407,62.77,50275799
5.282339,196.83,50281652
4.3325067,76.13,50293732
5.4401317,230.47,50299696
5.9148955,370.52,50299940
5.220259,184.98,50316594
5.194382,180.26,50316743
5.5443435,255.79,50316918
4.894163,133.51,50318101
6.008179,406.74,50319142
5.372192,215.33,50319926
5.137909,170.36,50320452
5.501441,245.04,50335687
4.4152017,82.7,50337788
5.3382735,208.15,50340948
4.4537635,85.95,50372946
3.8767233,48.27,50391445
6.078462,436.36,50391849
5.777179,322.85,50405013
4.9077187,135.33,50411857
4.871394,130.5,50412774
5.637332,280.71,50414248
5.269092,194.24,50415389
5.293083,198.96,50427228
5.1020145,164.35,50430282
3.6399584,38.09,50453432
6.1319704,460.34,50475779
6.7066765,817.85,50476381
5.7438846,312.28,50477947
5.3447003,209.5,50480288
5.5230694,250.4,50485710
5.2524433,191.03,50485946
5.464147,236.07,50494387
4.9195986,136.95,50518220
5.776982,322.78,50540644
4.2382865,69.29,52766004
5.1501875,172.46,50557582
4.900911,134.41,50558545
5.4731016,238.2,50558923
5.0929804,162.87,50559284
5.8774967,356.91,50561966
5.8048563,331.91,50562097
5.971325,392.02,50562098
5.848586,346.74,50562183
6.0309443,416.11,50562185
5.6581345,286.61,50566522
5.259676,192.42,50617365
4.385699,80.29,50685428
4.172252,64.86,50689742
4.9597917,142.56,50691413
4.189195,65.97,50712353
4.387168,80.41,50717010
4.9252853,137.73,50720279
4.342752,76.92,50760620
4.2723064,71.69,50763470
5.629817,278.61,50773012
5.6615825,287.6,50774339
5.944338,381.59,50775189
5.626459,277.68,50799401
5.7215734,305.38,50835747
5.0099664,149.9,50841733
4.9581475,142.33,50842880
4.0516286,57.49,50875014
6.4730115,647.43,50940907
5.445013,231.6,50941096
5.7730045,321.5,50972615
6.1067047,448.86,50983940
5.7577353,316.63,50985225
4.7220297,112.4,50987629
5.9600015,387.61,50988791
4.878507,131.43,50993436
5.314023,203.17,50994529
5.2080345,182.73,51005720
4.97706,145.05,51009183
3.8118863,45.24,51010224
4.259468,70.77,51021612
4.250624,70.15,51022837
5.4984756,244.32,51031526
3.816306,45.44,51032757
4.020375,55.72,51033672
4.904046,134.83,51037009
5.506708,246.34,51038595
5.474097,238.44,51054363
3.690713,40.07,51055481
5.99524,401.51,51075499
5.3981233,220.99,51083886
5.691303,296.28,51100763
3.8888757,48.86,51101626
5.5668235,261.6,51116523
4.084255,59.4,51140323
4.937858,139.47,51158609
5.0262976,152.37,51163555
4.9589,142.44,51180637
6.0627522,429.56,51183159
5.145351,171.63,51183169
5.223852,185.65,51183554
5.5334983,253.03,51183786
5.51856,249.28,51183853
5.3922796,219.7,51183995
5.1342535,169.74,51184088
5.317836,203.94,51184238
4.998207,148.15,51184245
4.8976803,133.98,51186421
5.0663013,158.59,51186646
4.8407116,126.56,51186902
5.217765,184.52,51186998
5.1477222,172.04,51187086
4.828033,124.96,51187385
4.665643,106.23,51191377
5.9229336,373.51,51196577
5.3659654,214.0,51201384
5.4993944,244.54,51201420
5.5684185,262.02,51201478
5.039798,154.44,51203949
5.9737372,392.97,51224993
4.981375,145.67,51239164
5.7409077,311.35,51259631
4.8870516,132.56,51272687
5.0563736,157.02,51272754
5.213377,183.71,51273036
4.952069,141.47,51273806
5.1396427,170.65,51274251
5.273727,195.14,51274434
5.171572,176.19,51274468
5.061243,157.79,51274504
5.186783,178.89,51296683
5.8208575,337.26,51298240
5.8625016,351.6,51298241
5.8845215,359.43,51298243
5.6893535,295.7,51298244
5.704177,300.12,51301611
5.931468,376.71,51314368
4.55283,94.9,51314814
5.3213377,204.66,51317379
5.571464,262.82,51317712
5.571464,262.82,51317769
5.571464,262.82,51317820
5.5811863,265.39,51317870
5.6257586,277.48,51317903
6.393747,598.09,51342550
5.493701,243.16,51344618
5.3857136,218.27,51360903
5.2128067,183.61,51386019
4.9980626,148.13,51388371
4.7718663,118.14,51395852
6.3495846,572.25,51422293
5.6135345,274.11,51437221
5.8208766,337.27,51441166
5.132424,169.43,51441327
2.6719604,14.47,51455847
4.7060413,110.61,51457662
5.1530023,172.95,51459032
5.535209,253.46,51462459
4.1136017,61.17,51479687
4.9061055,135.11,51483817
5.692998,296.78,51496657
5.4373093,229.82,51498470
6.0963583,444.24,51552888
4.673339,107.05,51557833
6.254764,520.49,51569288
4.41229,82.46,51589368
5.6010036,270.7,51590412
4.3063498,74.17,51595117
4.281361,72.34,51595543
5.6557946,285.94,51610320
3.4409752,31.22,51628331
6.0883546,440.7,51629450
4.489486,89.08,51635685
5.8869867,360.32,51661574
4.7707977,118.01,51678959
4.3408823,76.78,51680348
5.7406693,311.27,51720353
5.8450856,345.53,51720906
5.869333,354.01,51749298
6.5965295,732.55,51775223
4.370944,79.12,51808965
3.555421,35.0,51819756
5.3892183,219.03,51834436
5.7023287,299.56,51840158
5.048535,155.79,51855625
5.195915,180.53,51855867
4.1549964,63.75,51952459
5.0322824,153.28,51994399
4.688704,108.71,52019732
5.768871,320.18,52019743
6.746667,851.22,52019748
4.57032,96.58,52047123
4.4764295,87.92,52047182
4.74703,115.24,52047239
4.692585,109.13,52047490
4.643925,103.95,52047510
4.6182866,101.32,52047531
4.1618276,64.19,52047578
2.2590148,9.57,52071194
6.1455097,466.62,52098427
5.7560306,316.09,52098761
5.288592,198.06,52100912
5.0930853,162.89,52102051
5.352464,211.13,52104931
5.4467225,232.0,52104964
5.032879,153.37,52108241
5.034053,153.55,52109479
5.2323847,187.24,52109726
5.058188,157.31,52109928
5.1329365,169.51,52110035
5.7083874,301.38,52117857
5.70195,299.45,52118953
5.6797523,292.88,52119234
4.877422,131.29,52119421
5.7808685,324.04,52119547
5.546074,256.23,52119777
5.8434258,344.96,52120713
5.6173096,275.15,52121047
5.7667694,319.5,52121349
5.6498356,284.24,52121562
5.093723,163.0,52137732
5.383844,217.86,52139591
5.3100023,202.35,52139610
5.729837,307.92,52140381
5.003172,148.88,52144534
5.5748467,263.71,52158226
5.532947,252.89,52158395
5.2285967,186.53,52158515
5.2944074,199.22,52158713
5.1924305,179.91,52161036
5.0313816,153.14,52161148
5.7345243,309.37,52161249
5.1982584,180.96,52161419
5.7572837,316.49,52161844
4.761452,116.92,52162312
5.1562557,173.51,52162416
4.784547,119.65,52162520
5.1585517,173.91,52162630
5.1577897,173.78,52162671
5.3491793,210.44,52162733
5.3669524,214.21,52164358
5.478218,239.42,52164494
5.433433,228.93,52164537
5.499539,244.58,52164578
5.470511,237.58,52164638
3.719276,41.23,52181229
3.864578,47.68,52183276
3.6788425,39.6,52183684
5.1904855,179.56,52185811
3.8641372,47.66,52231634
4.9218,137.25,52231678
5.8663096,352.94,52236328
5.2120776,183.47,52254123
3.6358504,37.93,52254899
3.595685,36.44,52255440
3.71014,40.86,52255677
3.8971546,49.26,52255803
3.9543397,52.16,52255939
3.6958437,40.28,52256488
3.6255639,37.55,52256730
3.9825888,53.66,52256956
3.626974,37.6,52257294
3.6289597,37.67,52257718
3.6785402,39.59,52257915
3.692852,40.16,52272589
3.727267,41.57,52272718
3.585546,36.07,52272929
3.5657134,35.36,52273099
4.762916,117.09,52273158
3.7069461,40.73,52273959
3.9805489,53.55,52278861
3.652884,38.59,52279048
3.6560168,38.71,52279199
3.6791728,39.61,52280884
3.6361816,37.95,52292767
3.662388,38.95,52292977
3.9169962,50.25,52293585
3.60394,36.74,52293787
3.6564302,38.72,52293934
3.7745178,43.58,52294071
3.8103924,45.17,52294437
3.6629295,38.98,52295723
3.6746655,39.44,52295922
3.900854,49.44,52296403
3.7637424,43.11,52296714
3.639561,38.08,52297256
4.9992614,148.3,52313813
5.1990886,181.11,52319428
5.2499166,190.55,52328592
5.5107536,247.34,52336536
5.631653,279.12,52336824
3.5270348,34.02,52350505
5.532733,252.83,52356442
5.5721116,262.99,52356593
5.420138,225.91,52358413
5.462299,235.64,52358465
5.58097,265.33,52358567
5.482011,240.33,52358710
5.4603357,235.18,52358794
5.6715703,290.49,52358871
5.64313,282.35,52358890
5.3418922,208.91,52359464
5.8258348,338.94,52359577
5.619361,275.71,52359578
5.522308,250.21,52359779
5.2991986,200.18,52359934
5.485703,241.22,52359939
5.333057,207.07,52360027
5.57103,262.7,52360100
5.51725,248.95,52360287
5.211672,183.4,52360313
5.344366,209.43,52360380
5.252962,191.13,52360477
4.4168305,82.83,52363600
5.855524,349.16,52383510
5.6751046,291.52,52384025
3.625896,37.56,52395888
5.1680756,175.58,52395994
3.7004538,40.47,52396039
3.8478878,46.89,52396206
3.677028,39.53,52396375
3.6867514,39.91,52397949
3.7429936,42.22,52398160
3.821884,45.69,52398273
6.077453,435.92,52399445
4.0824127,59.29,52523140
6.3973093,600.23,52524109
4.081712,59.25,52525381
3.699788,40.44,52527932
5.246489,189.9,52528580
3.9042587,49.61,52528753
5.3045135,201.24,52543356
5.852646,348.15,52547824
6.2941475,541.39,52549180
3.5683103,35.46,52563245
3.5740101,35.66,52563810
4.239925,69.4,52565492
4.674741,107.2,52579803
5.349678,210.54,52596894
5.222879,185.47,52609086
4.1073384,60.78,52626244
4.154216,63.7,52626566
4.285057,72.61,52626685
5.2626457,192.99,52626862
5.4980683,244.22,52627366
5.613756,274.17,52631655
3.7939527,44.43,52647170
4.1676807,64.57,52664763
4.030559,56.29,52665481
3.5814557,35.93,52666898
4.0208607,55.75,52667932
4.9450016,140.47,52679920
3.5459247,34.67,52679961
3.5736182,35.65,52680114
3.6266844,37.59,52680288
3.8760035,48.23,52680764
3.8252053,45.84,52680846
3.665295,39.07,52680955
6.068347,431.97,52681155
3.6689308,39.21,52681408
3.496752,33.01,52681700
3.5604355,35.18,52681845
3.7202706,41.28,52681929
3.6113122,37.01,52682037
3.5894175,36.21,52682112
3.8692608,47.91,52682575
3.8552592,47.24,52682974
3.9158764,50.19,52683243
5.743467,312.14,52702678
5.6548867,285.68,52789225
5.6116676,273.6,52807277
5.503749,245.61,52849268
4.7219915,112.39,52857008
4.8336353,125.67,52860462
5.6085258,272.74,52868638
5.461371,235.42,52869208
5.5971484,269.66,52869607
5.265178,193.48,52872928
5.630079,278.68,52877063
6.105857,448.48,52892161
4.24974,70.09,52895160
5.7090235,301.58,52913814
4.1576266,63.92,52916115
5.0393043,154.36,52934229
4.9343886,138.99,52976154
4.956905,142.15,52976200
5.1049848,164.84,52976237
5.129413,168.92,52976256
5.5071387,246.44,52976283
4.679084,107.67,52976628
4.836077,125.97,52976655
4.923324,137.46,52976669
5.1280046,168.68,52976686
5.2363663,187.99,52978175
5.337194,207.93,52979246
4.9163585,136.5,52979425
5.1922483,179.87,52979550
5.201187,181.49,52979636
5.190125,179.49,52979822
5.179411,177.58,52979887
5.429941,228.14,52997086
4.6962852,109.54,53001790
5.2642407,193.3,53058680
5.7510366,314.52,53060290
5.709414,301.69,53092659
4.239385,69.37,53102051
4.753852,116.03,53125009
4.9682536,143.78,53125140
4.9472156,140.78,53125409
4.9699845,144.02,53125421
5.111428,165.91,53125440
4.8052425,122.15,53125521
4.771773,118.13,53125658
4.683055,108.1,53125675
4.9856014,146.29,53125989
5.1060147,165.01,53126095
4.751618,115.77,53126142
4.8685513,130.13,53126192
4.744853,114.99,53126310
4.549426,94.58,53126535
4.5706005,96.6,53126560
4.9137383,136.15,53126695
5.188034,179.12,53126764
5.1479964,172.09,53126777
5.259342,192.35,53126833
5.178415,177.4,53140489
5.08728,161.95,53141289
4.590684,98.56,53158023
4.9570746,142.18,53158054
4.5494637,94.58,53159905
4.884782,132.26,53176052
4.999841,148.39,53176097
4.9436026,140.27,53176125
4.95442,141.8,53176149
5.359063,212.53,53176247
5.345142,209.59,53176280
5.152808,172.92,53176382
4.959363,142.5,53176466
5.1442337,171.44,53176491
5.1412654,170.93,53176508
5.6405983,281.63,53178975
4.954728,141.84,53212730
4.245743,69.81,53212990
5.211039,183.28,53227788
5.8633738,351.91,53227990
5.5078998,246.63,53228011
5.507989,246.65,53228693
5.6522756,284.94,53236289
5.738181,310.5,53237240
5.5927067,268.46,53250682
5.6270404,277.84,53250853
6.1064744,448.75,53251126
4.6017456,99.66,53272795
5.107121,165.19,53273852
5.452491,233.34,53274931
5.3910737,219.44,53323226
5.9618516,388.33,53342218
5.8506255,347.45,53347472
4.761066,116.87,53371637
5.9601855,387.68,53373511
5.827819,339.62,53376234
5.9184685,371.84,53376322
5.9340153,377.67,53376324
5.8689866,353.89,53376325
5.7822886,324.5,53376327
5.127099,168.53,53380864
5.319067,204.19,53380869
5.334384,207.34,53381085
5.3701344,214.89,53390353
5.08327,161.3,53396836
5.0474935,155.63,53397140
6.4835005,654.26,53397556
6.502873,667.06,53397567
6.4848604,655.15,53397590
5.8247204,338.57,53398022
5.7336087,309.08,53410847
4.8493114,127.65,53411031
5.116896,166.82,53411158
4.8945584,133.56,53424557
4.2586036,70.71,53440190
5.919044,372.06,53451883
5.909127,368.38,53451976
5.860739,350.98,53452330
5.210939,183.27,53472950
5.303328,201.0,53473561
5.3242564,205.26,53487752
4.838176,126.24,53489046
5.106755,165.13,53489677
4.941508,139.98,53521737
5.4118443,224.04,53525601
5.716227,303.76,53526241
4.968489,143.81,53536169
5.296793,199.7,53536192
5.5390024,254.42,53536231
5.03797,154.16,53536234
4.965875,143.43,53536342
4.9871297,146.52,53536520
5.429379,228.01,53536688
4.1483493,63.33,53570393
5.990692,399.69,53581481
5.9538994,385.25,53581930
5.5952945,269.16,53582173
6.118937,454.38,53582360
4.123988,61.81,53583563
4.1996737,66.66,53585307
5.432787,228.79,53598384
3.906494,49.72,53600037
3.8849084,48.66,53600907
3.9495125,51.91,53601020
3.8494074,46.97,53602242
3.8747609,48.17,53602324
3.9841034,53.74,53602517
3.898677,49.34,53602613
3.822107,45.7,53602699
3.8418841,46.61,53602896
5.681399,293.36,53603066
6.0037265,404.93,53604570
5.9092393,368.43,53604823
6.0843735,438.94,53604960
6.260292,523.37,53605679
5.8579936,350.02,53605780
5.986497,398.02,53606119
6.1829567,484.42,53606223
4.2714114,71.62,53608635
4.6453924,104.1,53618423
5.387967,218.76,53628098
4.8227797,124.31,53636634
4.4814453,88.36,53639798
4.5517755,94.8,53640806
4.1363573,62.57,53641060
4.746552,115.19,53651855
4.545225,94.18,53651969
4.9071684,135.26,53651979
4.56684,96.24,53652881
4.565398,96.1,53680506
4.11775,61.42,53696515
5.854086,348.66,53712622
4.5982966,99.32,53736240
5.62898,278.38,53745044
3.9084287,49.82,53767456
5.060074,157.6,53767937
5.552567,257.9,53777135
5.8944063,363.0,53778312
5.621908,276.42,53778897
5.8040175,331.63,53789237
5.5058546,246.13,53805151
5.5847015,266.32,53807932
4.210715,67.4,53821159
5.0287557,152.74,53822243
5.2657995,193.6,53824152
5.3936024,219.99,53824238
5.314582,203.28,53824350
5.3528404,211.21,53824367
5.3850236,218.12,53824372
5.422662,226.48,53824377
5.2992015,200.18,53824743
5.348617,210.32,53836100
5.3157883,203.52,53837981
3.586183,36.1,53839039
3.556094,35.03,53839292
3.5681562,35.45,53839380
3.5828521,35.98,53839474
3.5780053,35.8,53839557
3.5502226,34.82,53839595
5.256593,191.83,53840732
4.299641,73.67,53841204
5.795574,328.84,53857371
4.043835,57.04,53857989
5.298167,199.97,53858106
5.248509,190.28,53914541
5.1200266,167.34,53914868
5.1952147,180.41,53947389
4.94522,140.5,53947422
5.3959355,220.51,53947459
6.002183,404.31,53947703
5.15619,173.5,53949504
4.336313,76.43,53977114
4.475216,87.81,53977857
4.360174,78.27,53977863
4.335985,76.4,53977878
4.374244,79.38,53977887
4.7900662,120.31,54025511
5.6457253,283.08,54027622
5.508398,246.76,54044612
5.813315,334.73,54077502
4.6505704,104.64,54101062
5.149564,172.36,54101209
5.363544,213.48,54155109
5.249956,190.56,54155170
4.8100615,122.74,54155224
5.111151,165.86,54155258
5.0042543,149.05,54155573
5.841848,344.42,54156818
5.5453258,256.04,54158456
5.755833,316.03,54158916
4.7380185,114.21,54190571
5.644537,282.74,54205368
4.2151995,67.71,54206825
4.6469975,104.27,54238150
4.925184,137.71,54238304
4.770875,118.02,54238729
4.992773,147.34,54239098
5.0436826,155.04,54239345
5.1286917,168.8,54240218
5.7529325,315.11,54269832
4.831562,125.41,54270461
4.914233,136.21,54272406
4.560617,95.64,54273187
4.5745764,96.99,54285225
4.8379455,126.21,54285818
4.2901216,72.98,54286639
4.5878363,98.28,54300479
4.30983,74.43,54301606
4.3357577,76.38,54302952
3.9526253,52.07,54334192
3.8945808,49.14,54335540
3.973074,53.15,54335899
3.9890065,54.0,54336442
3.991205,54.12,54337089
4.845763,127.2,54337505
5.5124063,247.75,54342312
3.9352746,51.18,54349242
3.9765315,53.33,54349550
3.9630845,52.62,54349655
3.971873,53.08,54350182
4.0030494,54.76,54365336
5.823132,338.03,54367008
5.0253673,152.23,54382898
4.0019054,54.7,54389914
5.6968427,297.93,514557338639463011
5.8458533,345.8,519350401590555033
5.7106404,302.06,535507936337070255
5.1855917,178.68,538176798724834236
5.0269327,152.46,542498295452333411
5.2139735,183.82,542506336016497317
5.089033,162.23,542511540935761122
7.0218306,1120.84,543941279800161985
5.996923,402.19,543970213522685503
6.087471,440.31,543977166959744024
4.689595,108.81,544754568153528259
3.209994,24.78,545328438759602655
5.17183,176.24,546825561202235212
5.521186,249.93,546851150059449987
5.9062824,367.34,546918030066186092
5.4720697,237.95,546920311207296194
5.544379,255.8,546926327324184389
5.997542,402.44,546926799730785062
4.0592656,57.93,548198463113084082
5.331505,206.75,548261568232919218
4.8677845,130.03,548469080044253550
5.02548,152.24,548480666632824464
5.512731,247.83,548581594920719339
5.3732944,215.57,548597790445758673
4.7714486,118.09,548966864911442199
4.861507,129.22,549900526411228507
6.381673,590.92,550573263465296490
3.5848703,36.05,550594685374783893
4.6191564,101.41,550814445416251511
4.2749486,71.88,551351199711920138
4.4663143,87.04,551916298692049832
4.519963,91.83,552027942143976251
4.4302583,83.95,552049674598327132
4.9866357,146.44,552097215272240655
5.5327573,252.84,552598074343238840
4.224706,68.35,553268773486910903
5.7492685,313.96,553341611108440898
5.5826344,265.77,553346272844853389
5.756311,316.18,553350753638796891
5.5731573,263.26,553353097003134605
5.597829,269.84,553355396300673047
5.7318783,308.55,553357659390116241
5.6119676,273.68,553359474458395027
4.1342916,62.45,553360156158753219
4.594514,98.94,553361463277544898
4.118006,61.44,553365500546586124
4.687785,108.61,553502447113633665
4.6489406,104.47,553528730925300913
5.45764,234.54,554092613926954008
5.6792293,292.72,554172251497712287
4.6645064,106.11,554187529064079667
4.6721463,106.93,554221166013479872
5.668077,289.48,554261268550964592
4.8654804,129.73,554279825290209805
4.4785686,88.11,554286020875275869
4.5680976,96.36,554835227476412257
5.75766,316.61,554918816305355772
5.642751,282.24,555027946686169622
5.7095885,301.75,556916260610755334
5.6209183,276.14,556917079265077014
5.8123083,334.39,556921892077822006
5.5725117,263.09,556924572581866080
5.839473,343.6,556926516017072024
5.674639,291.38,556929432501125876
4.4735694,87.67,556929453662740146
5.647659,283.63,556932528829598159
5.7193885,304.72,556934509064237180
5.5653725,261.22,556939016731609866
4.8076196,122.44,557266655986657026
4.508477,90.78,557613546224040008
5.7526712,315.03,557687257470113485
4.712511,111.33,557803195736926666
5.6907887,296.13,557828567204201541
5.5318055,252.6,557840931146065420
4.5588775,95.48,558125324321643261
4.727659,113.03,558127411190303549
5.6819844,293.53,558386538650616295
4.398945,81.36,558418873772787284
5.690621,296.08,559007133975079392
4.2180824,67.9,559046271167056277
4.9306793,138.47,559095030768759687
4.167514,64.55,559809963479972073
5.7919936,327.67,560698286198037551
5.77046,320.69,561527956128422495
4.675096,107.24,562288828324380190
4.9999175,148.4,562291393158068844
4.995026,147.68,562292629831307027
5.0559425,156.95,562293885257573674
5.3523235,211.1,562295127439179295
5.197321,180.79,562826645498679226
3.6274462,37.62,562894403923833212
3.42576,30.75,562966506960401061
5.803284,331.39,563029399650888379
3.4644997,31.96,563396040001104055
5.867555,353.38,563461909265183396
5.589809,267.68,563465523375987045
5.5682535,261.98,563479655675050143
3.4548125,31.65,563494178377263717
3.7807777,43.85,563534945222194102
3.7667844,43.24,563538751160608752
3.757043,42.82,563541085757441273
3.3919027,29.72,563553175219651122
3.7420127,42.18,563575470521627224
3.7313883,41.74,563578788512148804
3.8046758,44.91,563583274019238605
3.708321,40.79,563585031318190740
3.708321,40.79,563586810639147030
3.7253356,41.49,563588511729472297
5.3657446,213.95,564123804533079943
4.49217,89.32,564348297566903405
5.5905986,267.9,564751506298651530
6.0010443,403.85,565060307984102158
4.7136106,111.45,565303947401073302
4.502405,90.23,565334941954657518
4.762494,117.04,565354747739676878
4.4264984,83.64,565962675306055491
4.5549664,95.1,566084016194721891
4.722766,112.48,566099049932042983
4.5940375,98.89,566101473048767017
4.2497053,70.08,566389154220216287
5.3654866,213.9,566425787085977531
5.7503858,314.31,566712166592086534
5.7453203,312.72,566750505374384648
5.744495,312.47,566760545853431210
4.102079,60.47,567126030856266426
6.2526164,519.37,567158363011035489
5.4117756,224.03,567309216961422651
4.642755,103.83,567317495547669793
4.7286873,113.15,567319744198261137
4.5518947,94.81,567348173783058206
3.3806741,29.39,567787379075157881
4.6843233,108.24,567816124787880301
5.797898,329.61,568682312882868265
5.2809467,196.56,569224818104373011
5.397483,220.85,569281568422064139
5.268909,194.2,569282493874933009
4.899788,134.26,569453383630471159
4.469074,87.28,569595117399014770
4.4513836,85.75,570077341378435715
4.7053275,110.53,571110767423639188
5.389737,219.15,572182415885999147
5.229537,186.71,572203823648925422
3.5748909,35.69,572249420878460611
5.1431174,171.25,572261736012933191
3.4593859,31.8,572279772505856997
5.279215,196.22,572358394677827916
5.15439,173.19,572361164023741259
5.362025,213.16,572364604368385430
4.878877,131.48,572367933661702259
5.1142774,166.38,572372420205012047
4.9616804,142.83,572396711572481665
5.081641,161.04,573071246297397754
4.269849,71.51,573074797889713913
5.057045,157.13,573106317793979761
4.519477,91.79,573119353577420591
3.3881366,29.61,574493916099954960
3.3442607,28.34,574649103837573212
4.0623956,58.11,575011990203836509
4.8783636,131.42,575075602578808820
5.238482,188.38,575194869932378996
4.2517624,70.23,575793053477027450
3.5730271,35.62,576207339251250734
4.669745,106.67,576375374260150812
6.140302,464.19,577181740675055043
4.4105453,82.31,577219336236629163
4.3465896,77.21,577219966080625232
3.7948186,44.47,577372144436029409
5.68763,295.19,577384401855396550
4.037122,56.66,577391536278030741
3.8431387,46.67,577417295474041549
3.8137364,45.32,577993217396515725
4.010932,55.2,577993306978051437
5.0509953,156.18,578072976073132093
4.7570567,116.4,578085064903940508
5.2088385,182.88,578303754628475520
3.4778292,32.39,578332684493865298
5.962787,388.69,578672806971898955
6.7347374,841.12,578681084368326839
6.664562,784.12,578684619552792286
6.371125,584.72,578689525721965505
6.0099435,407.46,578701077615667653
5.89977,364.95,578703648989967909
5.7077365,301.19,578707342086876000
5.769437,320.36,578718546278130200
5.8815846,358.38,578721271994587067
3.4841478,32.59,578738353737401174
5.030623,153.03,578817945516566633
4.8853397,132.34,578856426928020355
5.0627885,158.03,578874808031125590
5.077861,160.43,578894614717178503
5.142812,171.2,578905372861991753
5.1204267,167.41,578927633295269554
4.9720273,144.32,579499588647664441
5.5607324,260.01,579508271168576240
5.1559553,173.46,579521527562779447
5.2863636,197.62,579541456792043902
5.191764,179.79,579554179518940516
5.23696,188.1,579567254446636456
5.3185277,204.08,579577943307790096
5.248535,190.29,579584391572279167
5.273105,195.02,579599084588633621
4.7259545,112.84,579618339581636841
5.1048417,164.82,579628803377911092
5.187551,179.03,579664351737441185
5.137863,170.35,580158039033194716
5.067774,158.82,580237583701880642
4.6669526,106.37,580271680701711500
5.0661564,158.56,580278213206159101
5.2063437,182.43,580296106693925939
4.8111176,122.87,580928046755268687
5.514462,248.26,581025528627007525
5.31335,203.03,581931626871207678
5.45759,234.53,581941121599203815
5.172272,176.32,581964949931713301
5.0975184,163.62,581978531824163170
5.0927,162.83,581990183713780420
5.185728,178.7,582021996388651338
5.505943,246.15,582489186797700658
4.3438716,77.01,582661704573635805
5.4953337,243.55,583005706573712605
5.576178,264.06,583100736314339155
5.864354,352.25,583183522728886111
4.851341,127.91,583213785175733370
4.3907557,80.7,584130360611905085
4.630089,102.52,585383336483878796
4.6685233,106.54,585426164468433319
4.9364014,139.27,586640178308379157
6.150835,469.11,587496290275364116
4.3265786,75.68,588106770878222950
4.949455,141.1,588263368399541801
4.9164104,136.51,588275244388369913
4.769127,117.82,588324037919187827
5.0007906,148.53,588355086371051031
5.537882,254.14,588412506005547288
4.2628093,71.01,588800666400992501
5.7864256,325.85,588941290836238401
4.9114127,135.83,589572730729165082
5.3033066,201.0,589579390626905653
4.9158106,136.43,589610375117205256
5.5526104,257.91,589611910355643304
5.475297,238.72,589668991897778748
3.3711867,29.11,590313511300755361
5.8478637,346.49,590402838708772632
5.16295,174.68,591056488886764133
5.7234254,305.95,591189288332716179
4.914794,136.29,592469007467726323
5.016504,150.88,592473053184628789
5.697633,298.16,592585396571926248
4.9660664,143.46,592615538797210350
5.0966125,163.47,593209005125993817
5.154501,173.21,593231246413554493
4.713656,111.46,593317462504450084
4.9437375,140.29,593372464813066069
5.2969975,199.74,593879453222326119
5.7283173,307.45,594103327704458757
4.6317916,102.7,594547252026319297
5.0253067,152.22,594547708296997920
4.38803,80.48,594561548210851021
4.820426,124.02,594563088166163172
5.195683,180.49,594738566931110712
4.082245,59.28,594993582785131440
5.7084208,301.39,596377715892032374
4.2377596,69.25,596379975276753528
4.120384,61.58,596441359341486631
4.061051,58.04,596462985209469028
4.546868,94.34,596849213151903394
4.220473,68.07,597041918720211075
5.8841558,359.3,597147154635441366
5.3087487,202.1,598179591035252951
5.746808,313.19,598210258384760217
5.0535316,156.57,598279996217567217
4.5533967,94.95,598289001750566068
4.8744783,130.91,598303149863205503
5.0756016,160.07,598322525912268153
4.932303,138.7,598352755393860082
4.7746673,118.47,598356191171066552
4.7541194,116.06,598359787271622681
5.314343,203.23,598468673580025173
3.8659215,47.75,598948467063185210
4.1850395,65.7,598990369105941110
4.2495728,70.08,599004382266263967
3.8504312,47.01,599032689013622504
4.190919,66.08,599043241262104487
4.075324,58.87,599191210912533031
5.22584,186.02,599870153668358945
5.3778057,216.55,600371086640483735
3.83907,46.48,600404578720891570
3.85159,47.07,600423858670094744
4.392004,80.8,601257106112607477
5.153219,172.99,602199641013368552
5.1580167,173.82,602223988153067940
5.192655,179.95,602228025814091083
5.4986615,244.36,602465982075695391
4.788013,120.06,602610099518935305
5.5509996,257.49,603278316867687150
5.4666557,236.67,603288020845523338
4.541573,93.84,603454900995837857
4.3867683,80.38,604016200668426217
4.979375,145.38,604217973565540988
3.9386134,51.35,604370268896110791
5.72074,305.13,605507131242827657
4.28111,72.32,605703518340969075
5.2320237,187.17,605756158541697175
3.5012336,33.16,607793779543659578
3.8251266,45.84,607907530110718284
5.176033,176.98,608326711171270326
4.6051583,100.0,608495139527023905
5.3433123,209.2,608550274459547175
4.4535356,85.93,608748089605121488
4.775343,118.55,609047070960661988
3.7889857,44.21,609239858286446531
5.2735515,195.11,609243232644898085
5.4705024,237.58,609250446729187937
5.1505795,172.53,609317556986795832
4.337315,76.5,610582721541762185
4.3391666,76.64,610611783234510421
5.374287,215.79,612243398033258133
4.4083033,82.13,612300869059921019
4.589038,98.4,612315805329855745
4.92344,137.47,612685187365252680
4.7744994,118.45,612744077713963174
4.80276,121.85,612773261241707947
4.7039285,110.38,612852285075636149
5.515189,248.44,612868627020257697
5.72889,307.63,612868849985013103
5.5693173,262.26,612869275012681908
5.710749,302.1,612869429073794762
4.709023,110.94,613145619545540994
5.308961,202.14,613483731426168134
4.7039666,110.38,613566586439328007
4.768567,117.75,613625883779020479
4.167087,64.53,614037380661464506
5.421748,226.27,614192219450141466
3.5875432,36.15,614797680499690640
5.2364655,188.0,614958675804064331
5.0206785,151.51,615069408491551484
6.1395655,463.85,615078443434449671
5.462125,235.6,615552802893797485
5.6528907,285.11,615563678866925443
4.5807204,97.58,615702048119626116
5.3167014,203.71,615703356504949452
5.1118093,165.97,615753006314681257
3.9531133,52.1,615777468912380753
5.604883,271.75,617782097807907933
5.7841034,325.09,617933317755572818
5.7510843,314.53,617938058269324379
3.984886,53.78,617943676177286708
5.722805,305.76,619220273317313173
5.4372873,229.82,619221117496490646
4.1290627,62.12,619353041682327048
5.547254,256.53,619368688816247638
4.943519,140.26,619438695627475960
3.9745517,53.23,619461011254781522
5.806467,332.44,619876642449748989
4.335415,76.36,619942754220340478
6.496787,663.01,620093671409681363
5.5440392,255.71,620095027066092309
5.6113734,273.52,620095461227530822
4.132293,62.32,620100163373749416
6.4899936,658.52,620124177721180691
5.9665546,390.16,620124344325971258
5.644733,282.8,620124794453587612
5.7736754,321.72,620124968007952502
5.873785,355.59,620125191250354027
5.5326076,252.8,620231613489273757
5.6791353,292.7,620633877155596852
4.150828,63.49,620699701757362385
5.7906265,327.22,620835288540909675
5.5691423,262.21,622091179379166142
4.4402394,84.8,622142055575095694
4.0428877,56.99,622874695447400315
5.037085,154.02,622902001580839249
5.956822,386.38,623653558972433630
5.457614,234.54,623667528829180751
5.137724,170.33,623681053697731367
4.5971227,99.2,624457760841318217
4.2040057,66.95,625003571214615119
4.392283,80.82,625770334310569987
4.5414004,93.82,625807447717275579
5.3263636,205.69,625827863792252875
5.301615,200.66,626620718656305911
4.3449025,77.08,626656358241181137
4.26418,71.11,626689926992076504
4.569429,96.49,627213418141012964
5.398374,221.05,627265064954604092
5.733206,308.96,627265292877158257
5.001349,148.61,627902966300049789
5.0169864,150.96,627960131995905508
4.079663,59.13,628228788725922507
5.720089,304.93,629289044053161975
5.801349,330.75,629298564757960659
5.560502,259.95,629303927617545963
5.7574854,316.55,629308395351117248
5.6305223,278.81,629315933057462869
5.688745,295.52,629321625066354466
5.747339,313.36,629418939870050436
5.386444,218.43,629497618747603407
5.836457,342.56,630164181422001308
4.686341,108.46,630989815016968941
5.652876,285.11,631020311845753579
4.8602595,129.06,631760606413807974
4.465739,86.99,631780108457544234
5.068685,158.97,632625600441863809
4.662685,105.92,633065484057168951
4.8590746,128.9,633132420768601238
3.3825967,29.45,633196828552857673
4.6777053,107.52,633353759986464326
4.715259,111.64,633808377169162918
5.561817,260.3,633826122213818574
5.7243967,306.25,633838670887844068
5.689972,295.89,633845771112239944
5.7555633,315.94,633850880957474964
5.6174817,275.2,633866515325108632
4.879188,131.52,634465818977632096
4.128244,62.07,634656498259590501
4.476388,87.92,634677796682925768
3.9341376,51.12,635307276650480550
4.7731786,118.29,635886564805765649
4.994092,147.54,635943442519286467
4.335478,76.36,635999699157813482
4.1749997,65.04,636581892170480415
3.2851007,26.71,636612036301815803
5.2131066,183.66,636761271918806414
5.7829523,324.72,636828911530563011
5.3909855,219.42,637529350254259653
5.559844,259.78,637661402684941139
5.1558714,173.45,638134891584052251
5.4809117,240.07,638346890763288510
3.2409973,25.56,638418787441843934
5.0955896,163.3,638431762310242626
5.1069245,165.16,638445952966254794
5.715309,303.48,638668140826551216
5.69494,297.36,638683957539706246
5.705419,300.49,638700302223470933
5.679204,292.72,638791995198021450
4.9599752,142.59,639084111497578120
5.185428,178.65,639219734743882558
5.2084203,182.81,639222510147452452
5.154598,173.23,639223481399242509
5.1751504,176.82,639224424789847854
5.196015,180.55,639225290012118694
5.4102273,223.68,639532767514790712
5.665275,288.67,639535093685040414
4.627734,102.28,639598921534231203
3.2751753,26.45,639645449116057856
5.967864,390.67,639651152189598622
3.2282214,25.23,639652121955062285
5.9020057,365.77,639695303036682439
5.582448,265.72,640250771431509843
6.586227,725.04,640269677620707994
5.918614,371.9,640985189020592082
4.1400127,62.8,641061143071207177
6.102089,446.79,641117463719510300
4.175789,65.09,641323160822804070
4.2711463,71.6,641326531104847625
4.1455665,63.15,641328690216365926
4.137895,62.67,641330893938141387
4.223813,68.29,641591209195179461
4.1817727,65.48,641773513040257646
5.1937885,180.15,641933277742597291
4.9030895,134.71,641951883418342200
5.2211313,185.14,641957726582733096
4.2124133,67.52,641962712608345952
4.426877,83.67,642459833805101291
4.4586587,86.37,643156380461367248
5.2162566,184.24,643237642648902323
5.464903,236.25,643237654635430610
5.6594415,286.99,643237668014309054
5.65768,286.48,643252540915521445
5.637082,280.64,643961821979785232
5.3398685,208.49,644063574240339817
5.729994,307.97,644214963424589802
5.214151,183.86,644237171682701865
5.5164,248.74,644543371847274388
6.051689,424.83,644546169735175674
5.4803433,239.93,644548080940224949
5.9768233,394.19,644551344989597068
3.4926686,32.87,644598845619223023
5.642271,282.1,644609319092681892
5.6297054,278.58,644612908840063081
5.5588694,259.53,644618512610477011
4.751209,115.72,644680510917522449
5.1360435,170.04,644771126156262079
5.413233,224.36,644778634832402929
5.7081013,301.3,644791296824055712
5.3795657,216.93,644807604554643456
5.846127,345.89,645437909701718466
5.8680453,353.56,645439586885547163
5.8765535,356.58,645441630111032582
4.696288,109.54,645540588332874637
3.857296,47.34,646138348514198326
4.189655,66.0,646146320692429052
4.5497904,94.61,646794811266907066
4.682381,108.03,646870281899201087
5.197307,180.78,648255664657492592
5.881489,358.34,648293667457187687
5.4054055,222.61,648322052495776375
5.384,217.89,648418271959360998
5.635272,280.14,648461686847743476
5.241271,188.91,648491793084872027
5.3458395,209.73,648908759254576076
3.9552677,52.21,649117805094712533
4.011032,55.2,649284287141972380
5.9464564,382.4,649666729910518567
5.850302,347.34,649681231556673057
3.790813,44.29,649753050429298985
3.440724,31.21,649797958000371131
4.67136,106.84,650091992428666686
5.9230723,373.56,651094159098043665
4.6168666,101.18,651128822020421819
4.2620015,70.95,651470163593240325
6.670753,788.99,652161642558349848
4.2845607,72.57,652949441685292527
4.3397946,76.69,653435084469466832
4.8644805,129.6,653674666389271707
3.6366837,37.97,654164495421642086
3.8622189,47.57,654219840679706390
4.482509,88.46,654771377097442227
5.3632565,213.42,654855539201805715
5.789485,326.84,654931709401915174
4.4863443,88.8,655123702655946838
3.7901943,44.26,655354683274523793
5.6895633,295.76,655450988312165058
5.0249605,152.16,655470104406488560
3.9871387,53.9,655503685795926092
4.844084,126.99,655508366720455194
3.2452874,25.67,655524809171454502
4.0471287,57.23,655545839169555859
4.0423,56.96,655560601170524290
4.82987,125.19,655736769989728383
5.8641834,352.19,656117489866704375
5.478443,239.47,656903021113715976
4.729872,113.28,657114901851072904
4.7209373,112.27,657114933165836921
5.384387,217.98,658380573978174503
5.0118,150.17,659054725392312339
5.406507,222.85,659169786153328646
4.5992384,99.41,659782379676012168
4.270952,71.59,659835504018622570
4.333316,76.2,659843427429915996
5.0187907,151.23,659892754049219999
4.585426,98.04,659993664314807771
4.379166,79.77,660003512190518752
4.7716513,118.11,660127511559355857
4.698243,109.75,660129748682163259
4.704014,110.39,660131950555612074
4.5713162,96.67,660135644455590631
4.707821,110.81,660138339665707557
3.9631395,52.62,660514049460856641
5.9023128,365.88,660521529878840414
5.5660176,261.39,660535143316878136
3.6100996,36.97,660572115194124468
4.88982,132.93,660594871267319040
4.113805,61.18,660751128618376242
5.5540357,258.28,660780429329597142
4.676993,107.45,661230504003628259
5.3554273,211.75,661255156649009930
4.278954,72.16,661327931771051283
4.494619,89.53,661331260522949721
4.9565864,142.11,661418306416178407
3.84659,46.83,662265681470797103
4.51653,91.52,662348505092793434
5.5024924,245.3,662885988585027158
5.6080017,272.6,663385575050916602
4.912902,136.03,663603712605243231
5.301049,200.55,663640295905549218
5.1622066,174.55,663678726165256476
5.472821,238.13,663688762617652726
3.0917394,22.02,663693056182463517
4.1979423,66.55,664064993570746192
3.9573333,52.32,664131251601002577
3.9160712,50.2,664137785912341323
4.3312674,76.04,664142277548776170
4.236338,69.15,664192641783201483
5.5086403,246.82,664222494267819991
5.2694807,194.32,664457986127609907
6.6220393,751.48,664839201896898086
4.8540154,128.25,664988673127173894
5.379328,216.88,665062304841760915
5.9416575,380.57,665179211713755356
3.9894786,54.03,665787900654856046
5.8937545,362.76,665797283643314944
4.0062146,54.94,665961231805152131
6.059978,428.37,666515186487242337
3.9700768,52.99,666518264446383244
3.6856148,39.87,666538636541953740
3.8648841,47.7,666539555439306214
5.4327326,228.77,666541203277856994
5.447059,232.07,666604385807739208
5.13287,169.5,667141670677704739
5.1640396,174.87,667712106798914221
5.8500967,347.27,667778513781632047
5.099763,163.98,668478179132999770
3.776509,43.66,668488022331327684
3.7762866,43.65,668499243806549688
5.6384006,281.01,668568108676346349
5.5978117,269.84,668952557036387813
4.9166684,136.55,669177034776921808
4.2494993,70.07,669209722805282298
5.129761,168.98,669210036391334585
5.4353576,229.37,669302217852732640
3.9708943,53.03,669399734294284014
3.7151592,41.07,669412746275601323
4.8338666,125.7,669413353595464477
4.378081,79.68,669415026450850007
4.070781,58.6,669432630994845796
3.8392088,46.49,669432800001919355
3.734074,41.85,669444416998097698
5.4243855,226.87,669938873995663709
5.324303,205.27,669938983824599343
5.421008,226.11,669939063554970104
5.2163115,184.25,669969035619367401
4.8095374,122.67,670030265332296275
4.611143,100.6,670107527296291963
5.041602,154.72,670702981008976803
4.6317277,102.69,670713142972277690
4.231366,68.81,670732297194109376
5.390433,219.3,670776967666577756
5.4034204,222.17,670801409003186552
5.4813995,240.18,670806732522172356
4.5869503,98.19,671063068072781180
4.2882447,72.84,671422999962164147
3.8412387,46.58,671568029449795310
3.8029811,44.83,671568965563046923
4.404726,81.84,671781001103454931
4.109222,60.9,673214225902551075
4.09478,60.03,673273908819962779
3.6807373,39.68,673540894761814621
3.8350632,46.3,673598651924733200
5.183533,178.31,673965686368076785
3.9976842,54.47,674560611207744155
5.381169,217.28,675004406452164703
5.114365,166.4,675018414697507121
5.124505,168.09,675031853834527865
5.5538955,258.24,675205525764312327
4.726841,112.94,675224537908958077
3.8226678,45.73,675232730167898416
4.4651046,86.93,675378163358639262
4.684769,108.29,675712191891535299
5.473307,238.25,675976228523699459
5.3877997,218.72,676038945193231933
5.159576,174.09,676509990121755061
6.1539164,470.56,676523609344924066
5.7889314,326.66,676523888376985077
4.901933,134.55,676526359837291331
4.8505793,127.81,676548760671832747
5.963379,388.92,677243198676746579
4.794174,120.8,677608642069870921
4.758993,116.63,677968621415545620
4.235499,69.1,678749955252681913
4.2887535,72.88,679339492462454498
4.2532315,70.33,679370661493566304
4.289181,72.91,679437645682744348
5.1631355,174.71,679438316020814602
5.3694324,214.74,679451926647633443
5.323161,205.03,679557036978962695
5.290047,198.35,679579162566910498
5.541938,255.17,679611113720795948
4.689292,108.78,679742728784512944
5.85601,349.33,680159713384538276
3.9116535,49.98,680270570723691942
6.017552,410.57,681560174792307871
5.836025,342.42,681668376042877492
3.8321464,46.16,681786948133572038
3.4333951,30.98,682277368102633286
5.312174,202.79,683039998057334657
3.8817248,48.51,683777244767079774
5.733017,308.9,683777547830551359
3.661087,38.9,683793109420543643
3.6360574,37.94,683822532035583424
5.5286093,251.79,683942367890488023
5.1518064,172.74,684420446158730899
4.5289407,92.66,684434089749214893
5.0476875,155.66,684611698778810431
5.1562004,173.5,685348664485116872
5.0561666,156.99,685373965797296139
4.8661466,129.82,685394276362333087
4.683059,108.1,685408711851962923
4.173698,64.96,685510769854566528
4.2661734,71.25,685864152464724046
4.5711813,96.66,685898811709301543
4.800204,121.54,685965169899584603
3.936159,51.22,686081091582574576
4.4984603,89.88,686130338270002733
4.617556,101.25,686139199854114120
4.3403025,76.73,686216442504040299
4.5468173,94.33,686233254606724761
4.655701,105.18,686236421857617895
4.9993296,148.31,686808468693968702
3.9931262,54.22,687609059990971358
4.987984,146.64,688860125086824745
4.75462,116.12,689509577474457130
5.12849,168.76,689562740864459153
4.9155893,136.4,689610566379517360
4.158176,63.95,689720588322435187
4.448217,85.47,689721148339748979
4.442667,85.0,689730030051788507
5.250084,190.58,690221096235468240
4.5317507,92.92,690271128411391019
5.6095266,273.01,690337085927996461
4.8405776,126.54,690421336334403240
4.3373113,76.5,691019644664741331
5.2897806,198.3,691031340885951631
5.381028,217.25,691193725678203929
3.5709794,35.55,691199055787813027
5.6365128,280.48,691213281081909628
5.4113274,223.93,691214219514054226
4.7664127,117.5,691218241291542242
4.8403654,126.52,691244680016995988
4.928486,138.17,691258435588056348
4.563192,95.89,691269865860123700
4.595214,99.01,691274207596749989
4.718387,111.99,691281655193829485
5.051768,156.3,691286343561883068
4.180763,65.42,692578586849249425
5.293595,199.06,693127761109306989
4.0577817,57.85,693859698766359006
3.522772,33.88,694866460230033859
3.4795303,32.44,695008387778963664
4.022564,55.84,696082630816840032
5.5845985,266.29,696286140249559857
4.898182,134.05,696744073521163665
4.7709956,118.04,696780803060153037
3.9279084,50.8,696833486507492569
5.301893,200.72,698210345019464243
5.564285,260.94,698948854977387511
4.4559884,86.14,699112511478461541
4.8622956,129.32,699652326804972623
5.318996,204.18,699654087156631166
4.437313,84.55,699722089621777992
3.7494063,42.5,699742768254355946
5.7589936,317.03,699743874933332914
3.7727716,43.5,699750745784834447
5.7595854,317.22,699762878949119039
3.8924863,49.03,699763899388931773
5.366382,214.09,699763981243531228
5.293312,199.0,699767101236251212
6.0887117,440.85,699787762155238265
6.070475,432.89,699787914473493795
5.695425,297.5,699788089081604904
3.9010308,49.45,699824086277155935
4.386083,80.33,699825617709684007
5.518495,249.26,699827182460643879
3.7461355,42.36,699835162723642926
3.869527,47.92,699842597962483646
3.7613719,43.01,699850919079372781
3.8182793,45.53,700464481860016645
3.826643,45.91,700745245403245680
3.8335865,46.23,701439072703886259
3.9136472,50.08,701449348628079940
5.316493,203.67,703367535468938265
4.6890903,108.75,704069335622349131
5.5816007,265.5,704849055080011597
3.405131,30.12,704928233769048576
5.363879,213.55,704943423720575297
4.9841576,146.08,705472614491266491
4.5742197,96.95,705571441849341651
4.9280367,138.11,705639719060974782
4.4801517,88.25,706247413399679442
6.0192833,411.28,706299516274001222
5.816003,335.63,706300015002557272
5.609795,273.09,706301138763170375
5.669723,289.95,706302525153951832
4.4282427,83.78,707172618281143168
4.3803105,79.86,707806806156100908
5.4035616,222.2,707869761447524966
7.0051155,1102.26,708464707047646580
5.0192366,151.3,709114587762586172
4.621377,101.63,709215250672242324
5.079209,160.65,709783994786162825
5.56809,261.93,709852017663835707
4.6316032,102.68,710035375559480715
4.8737183,130.81,710605756814827268
5.961985,388.38,711432986754400842
4.983383,145.97,711441608239594813
5.639332,281.27,711457890589075550
5.4692783,237.29,711900956912060031
3.968799,52.92,713032414061905547
4.2100024,67.36,713881400688391009
4.4616117,86.63,714526513928649184
4.7198944,112.16,714859940929655031
5.024688,152.12,714893664098887932
4.3003764,73.73,715025531679651876
3.688016,39.97,715043553541982815
4.135009,62.49,715291637615822076
4.820566,124.04,715962801332921465
5.67023,290.1,716347581385476313
4.911953,135.9,716419215483950048
5.6156,274.68,716562913597822571
2.7105978,15.04,716692653763581490
5.599499,270.29,717078793338422863
5.0817733,161.06,717103667485346966
5.125355,168.23,717105293942612635
4.540513,93.74,717119569864803923
4.7590203,116.63,717303397863136110
5.6396246,281.36,718052025798941045
4.3142176,74.76,718572283298019540
5.586763,266.87,719440411250596953
4.219336,67.99,719654614117517084
5.4572005,234.44,719896470309619610
5.4970403,243.97,720008345495290938
4.35809,78.11,720041267480555050
4.654955,105.1,720044670089485011
3.6183543,37.28,720223978502755756
4.0335727,56.46,720682191704565823
4.2285852,68.62,721575287660040422
5.116202,166.7,722172633017668525
5.53901,254.43,722356094689902263
4.215476,67.73,723679401568999465
5.0902314,162.43,723856207180321336
4.4758563,87.87,724334786453626482
5.5988293,270.11,724350652882211750
5.1196055,167.27,724434574979946428
4.0717463,58.66,724670757035275771
4.695812,109.49,725036148031191900
4.993654,147.47,725111001086733254
4.5764074,97.16,725242630600384709
5.7322974,308.68,725269320769460832
4.873485,130.78,725565325390345546
6.385754,593.33,725736159701241209
5.3914175,219.51,725914055445645040
4.84594,127.22,725915522922045930
5.7299447,307.95,725918206702306552
5.571156,262.74,725919427356195894
5.7120795,302.5,725920725482922505
5.788712,326.59,725921899615706695
5.5408587,254.9,725924579964647510
6.3969145,599.99,725928274807218442
5.5649915,261.12,725930405886460224
5.7159486,303.67,725931902175414746
5.4354978,229.41,725933596215872881
5.400164,221.44,725935123245189841
5.6013465,270.79,725937583316693543
5.901432,365.56,726490104136019461
5.606275,272.13,726491789782237684
5.7611094,317.7,726493281080908772
5.550105,257.26,726494998633859958
4.5475416,94.4,726639460942535833
4.5752554,97.05,726713696721860790
4.51346,91.24,726745380703356262
4.724676,112.69,727299070097292506
4.6889896,108.74,727468941674592745
5.2929263,198.92,728124834639000044
4.618689,101.36,728207243009781769
4.408264,82.13,728667901332414811
4.214965,67.69,728678005813085747
4.244897,69.75,728800128924965228
5.6468863,283.41,729363464801783756
3.3808217,29.39,729474429481192345
4.254267,70.41,729646888526434958
5.2619133,192.85,729658619673819874
5.4439383,231.35,729694915509522549
4.7971187,121.16,730119498019384290
3.726248,41.52,730170037732346779
5.6410413,281.76,731045739616525640
4.564719,96.04,731679439069812288
5.3385763,208.22,731738187480475485
5.089019,162.23,731804383747540739
5.0767336,160.25,731804400708229597
4.940882,139.89,731817039243031940
5.0309873,153.08,731820034137189343
5.6914387,296.32,732320787668229501
4.73384,113.73,732616999155635917
5.595051,269.09,733232364089232519
4.818901,123.83,734052140711158725
5.2032123,181.86,735175800985977587
5.244574,189.54,735175951395258961
4.883868,132.14,736672169127811579
4.712733,111.36,736692301955189992
4.676245,107.37,736764458844952546
4.7234364,112.55,736789445665958879
4.9475603,140.83,736908352439783217
4.4412556,84.88,738080857442621874
5.870997,354.6,739542419166462008
5.856791,349.6,739559541197161611
5.7101464,301.92,740330810200504918
5.4178615,225.4,740340949836314004
4.6564035,105.26,740410318956394011
5.428624,227.84,740411091287089516
5.617055,275.08,740411191443804315
4.8653016,129.71,740411652934410135
3.5140195,33.58,740454037964115413
4.580916,97.6,740980261607250342
5.5578613,259.27,740991954347455192
4.2863092,72.7,741044817472550131
5.514861,248.36,741132250553803648
4.6066165,100.14,741926123805693227
4.5342145,93.15,742670840912653954
4.6102204,100.51,742708601583352299
6.8799086,972.54,743224813163484355
3.7972305,44.58,744602912155562054
4.6590986,105.54,744762268421213775
3.2049968,24.66,744841394103326538
5.068,158.86,744991970599100755
4.8623924,129.33,745494775987609697
3.5199504,33.78,745506580579169015
3.396568,29.86,745569087776934757
5.654965,285.71,746138743405104169
4.1706147,64.76,746251801743317418
4.3974133,81.24,746273407012719391
5.3130417,202.97,746337511302446886
5.2575116,192.0,746942021688800426
4.86397,129.54,747543338158051797
3.4491735,31.47,747855661042129531
4.0371075,56.66,748413032774910166
5.219796,184.9,748616629154842649
5.167335,175.45,748645389734366129
5.22204,185.31,749093760924544119
5.628373,278.21,749276559600049796
4.613097,100.8,750477686186744027
4.9668436,143.57,750652345873412240
5.335054,207.48,751084302870372873
4.9466696,140.71,751187795505716400
4.2056217,67.06,751300030343831936
3.4080124,30.21,751308180761424258
3.1815872,24.08,751336264245304593
5.293789,199.1,751348894343903837
5.554035,258.28,751366494397364607
5.7243476,306.23,751389806049562294
4.292899,73.18,751465197491298408
4.8333783,125.63,751872824009954225
4.433896,84.26,751934076810355816
4.3794365,79.79,751960547854238662
4.840887,126.58,751961216297541995
3.0122743,20.33,752653234797210159
4.8686805,130.15,752686794910511610
4.791395,120.47,752698809225884157
4.9252343,137.72,752725951860119853
4.6469293,104.26,752727271895824491
3.1713006,23.84,752745942148937525
3.2289808,25.25,752753978354293848
4.8533545,128.17,752756167717759456
3.6093943,36.94,752919223874551411
4.517077,91.57,754407553572187412
3.9271593,50.76,754889671074767338
3.3150773,27.52,754927020199123014
3.0939054,22.06,754967320052987092
4.882019,131.9,754999607167644889
3.1225817,22.7,755004440067544464
3.667787,39.17,755509201041384196
4.9470053,140.75,755867526053111712
4.5389004,93.59,755885984467477081
4.2431927,69.63,756244316850013181
3.1637454,23.66,756376958856319616
3.1072714,22.36,756378934761809727
3.3341992,28.06,756388289605292991
3.2076654,24.72,756409536773513258
3.2568996,25.97,756414543612876719
5.7019515,299.45,756573625316898416
5.5775437,264.42,756929757340439726
5.0499816,156.02,757092226688216648
5.5580816,259.32,757122339420535687
4.254172,70.4,757258377622129196
5.456609,234.3,757654861138908193
5.6953745,297.49,757685864295807422
5.5348115,253.36,757732068224473520
3.3947346,29.81,757740262425984741
3.237094,25.46,757745336133273485
3.4161415,30.45,757759351157188648
3.1808877,24.07,757803114119574731
3.0268092,20.63,757837351681622732
3.624124,37.49,758165743426036681
5.30176,200.69,759850487882440881
3.0856895,21.88,759946438716983489
4.460088,86.5,760143576232331618
4.9200788,137.01,760548818954028669
4.590298,98.52,760600856542266435
5.816858,335.91,760645069057855581
5.466115,236.54,760869602635785441
3.9719405,53.09,761314021543718900
4.2906103,73.01,761314517359498265
4.282125,72.39,761316531739087852
3.8910756,48.96,761523393599500308
4.215315,67.72,761524397051385518
4.160049,64.07,761524907912096693
4.170514,64.75,761525408549294028
3.913012,50.05,761992990919150992
4.176264,65.12,761999030468250029
4.1640844,64.33,762000032764867553
4.218101,67.9,762000541763187353
7.073213,1179.93,762115583697681861
5.4040813,222.31,762149568338233566
5.465863,236.48,762652517491920650
5.6836696,294.03,762708839939828512
5.896185,363.65,762819789686008371
5.8037524,331.54,762958127153567750
3.1255207,22.77,762970082564746210
4.353565,77.76,764602806688164366
4.613439,100.83,765069728515816614
5.0257025,152.28,765621929418861700
5.9112105,369.15,765649463759787409
5.99428,401.13,765650466923637744
4.107014,60.77,765693937606208501
5.098204,163.73,765870048379710823
5.6399636,281.45,766424872008792684
5.408727,223.35,766434327900147075
4.395459,81.08,766511508965602598
5.077269,160.34,767198561522580112
5.5026746,245.35,767252005614304147
5.666875,289.13,767268823062718116
3.5043187,33.26,767275774022760842
5.139767,170.68,768043949839471987
3.3211257,27.69,768081188086053894
4.443664,85.09,768507730762510712
4.4560604,86.15,768951144160263747
4.918536,136.8,769312972900388299
6.286388,537.21,769607835517893904
5.0768375,160.27,770056972038036152
3.8012729,44.76,770197394183624523
5.991467,400.0,770197796050143618
4.7143674,111.54,770211672441413351
5.7408338,311.32,770367740950095405
5.668645,289.64,770818846931388264
4.228193,68.59,770820255622747237
5.853536,348.46,770848099960350810
5.794657,328.54,770852548257526762
5.365132,213.82,770856275494501489
5.0570893,157.13,771555635455351828
5.109148,165.53,771604728662054561
5.0948057,163.17,771623495097346577
4.96385,143.14,771636301532499375
4.8962936,133.79,771646553152779673
5.521834,250.09,772207409692532049
5.9188743,371.99,772255653382568241
5.576547,264.16,772255831866649302
4.335106,76.33,772589793331356944
5.7612934,317.76,772669169580233942
4.312973,74.66,773819900410603644
4.88539,132.34,775047040696970480
4.7792497,119.02,775136632805114645
5.216442,184.28,775379355865686954
4.5468493,94.33,775834766963114892
5.7553616,315.88,775858478065422112
3.8329546,46.2,776589039694354227
4.650756,104.66,776831410606229424
5.4809666,240.08,777399898000803104
4.601519,99.64,777558084033442418
5.091314,162.6,777648297010239233
4.5373144,93.44,778164267508263791
5.95176,384.43,778986143255702312
5.2128396,183.61,779812503266356323
5.559187,259.61,780152865061163222
5.4018836,221.82,780295180869573002
3.379898,29.37,780383922062953829
5.440216,230.49,780401144564841258
5.77367,321.72,781089575067026945
4.4147,82.66,781318602759857931
4.163739,64.31,781328722949452174
4.3232656,75.43,781332966768171928
4.768576,117.75,781335690720469219
4.626758,102.18,781337980185022982
2.994574,19.98,781580117819489318
3.0422144,20.95,781590139869696312
3.719575,41.25,782370063233507856
5.694703,297.29,782424282529788819
4.7470627,115.25,783146898460547924
4.2766876,72.0,783448684203140328
5.0566845,157.07,783825037821610607
5.8874555,360.49,783902044723931509
4.631463,102.66,785236874240138030
4.981046,145.63,785366317066355756
5.747762,313.49,785943836056678236
4.8890815,132.83,786010014452032885
5.4050913,222.54,786026889588297625
5.6446657,282.78,786115179525662575
5.2819233,196.75,786124678596009263
5.4303384,228.23,786236877514361915
3.2126355,24.84,786713233119781955
5.400618,221.54,786751968142385086
5.4102035,223.68,787400993894639604
5.363426,213.46,787461156779344373
4.8602223,129.05,787472424529617579
4.5475097,94.4,787539769336917966
5.544999,255.95,787605356922131831
5.4093804,223.49,787605849639278948
4.149903,63.43,787618382570103081
4.844311,127.02,787635491391450945
5.507768,246.6,789742461145941589
5.7297997,307.91,790512115560289546
4.6120515,100.69,790602313004765365
4.6896677,108.82,790612568455543946
4.495297,89.59,791221715871714950
4.8233733,124.38,791819889046873183
3.867354,47.82,791898859761579910
5.2675977,193.95,792046508035774258
4.8904104,133.01,793408037200473665
4.4264417,83.63,794785099846203294
3.8938124,49.1,795461265293948504
6.007702,406.55,795506239416393604
5.4811373,240.12,795548873560018819
5.724383,306.24,795560670495311147
5.714948,303.37,795561613770099871
5.662959,288.0,795663694861236230
5.054065,156.66,795763342039117146
4.880783,131.73,796149591958952932
5.6816764,293.44,796762783501865911
3.4293714,30.86,796804654447825279
5.6318336,279.17,796840831471490402
5.396385,220.61,796959273185621371
4.6846223,108.27,797067258356242939
4.7755556,118.58,797695552983898934
4.4730473,87.62,797710481988229943
5.81475,335.21,797737825175871349
4.814899,123.33,797764222285220957
5.333033,207.07,798279432359524474
3.4811294,32.5,798338166538058802
3.454466,31.64,798342737010564790
3.4707263,32.16,798347668039051162
4.6018667,99.67,799401809377149788
4.2123404,67.51,799789191887236149
3.9212997,50.47,799941993029475794
4.4001136,81.46,800038882269106801
3.8919985,49.01,800553496638814663
4.706039,110.61,800874629522225711
5.412889,224.28,801096135465523944
4.484679,88.65,801245596182604221
5.5203905,249.73,801294111570442501
4.720109,112.18,801502255180006258
4.807091,122.38,801575043964571167
5.671049,290.34,801909472414507212
3.9062338,49.71,801957211943872343
5.806293,332.38,802094697963093478
4.5854383,98.05,802146149417244092
4.2832522,72.48,802182774436431887
4.18782,65.88,802712729773070220
5.675683,291.69,802757391673405434
5.7629266,318.28,802763209613601754
4.621872,101.68,803340397316121063
5.2907143,198.49,803393140432518554
4.211045,67.43,803394345101283332
5.4567246,234.33,803477361689343237
5.409184,223.45,803492508341408854
5.4234996,226.67,803639347643650407
4.394103,80.97,805024763354917112
4.8346987,125.8,805127864026530287
4.7861075,119.83,805601529241622588
3.9314013,50.98,805613744613788165
3.6995857,40.43,805656975298809872
3.8223882,45.71,805660358079557751
4.6633873,105.99,805779478785525118
4.648738,104.45,805783575373707224
4.667303,106.41,805791830228156468
4.709394,110.98,805791917393869517
4.7621417,117.0,805884005927333910
4.9501286,141.19,806289904027416227
4.847086,127.37,806330671572114222
5.8097034,333.52,806357373745201193
4.925264,137.73,806374453653387861
4.7811394,119.24,806428821419754702
4.2079015,67.22,806433624541033317
4.668915,106.58,806462122508761899
4.6317134,102.69,806464548267524713
3.9853044,53.8,806468078600927051
4.2240863,68.31,806469102160689780
4.820719,124.05,807835584672698122
4.21862,67.94,807952955985093763
3.941326,51.49,807953239389379095
4.276106,71.96,808462770832376153
5.0402594,154.51,808586540997780919
4.9382877,139.53,808640387819388399
4.604851,99.97,809932149122170687
4.4138603,82.59,810594887570740279
5.643736,282.52,810635303122772154
5.648503,283.87,810635320097155905
6.565575,710.22,810914429272122894
4.752134,115.83,811374826308420764
4.2425222,69.58,811559704769111799
4.0300746,56.27,811571750381814819
3.9910927,54.11,811593881100238656
5.9369335,378.77,811659628297518683
5.7515206,314.67,812802457291207253
6.4551916,636.0,813639105181727823
5.1033807,164.58,813665058024584521
5.182588,178.14,813727777940480483
4.0394864,56.8,814902423463854596
4.086799,59.55,814967895539647394
5.5217037,250.06,815098039571655810
5.449734,232.7,815100259052541880
4.8927684,133.32,815756280236798066
3.400233,29.97,815853764669262711
4.985751,146.31,815871541816472420
4.7600307,116.75,815915334068544928
3.6453183,38.29,815933263932764985
4.924061,137.56,816414457332975000
5.5793943,264.91,816461881259312922
4.8696346,130.27,816482084962253755
4.3593483,78.21,816549558738214664
5.027868,152.61,817215520099707449
5.255576,191.63,817311161939596188
5.3946733,220.23,817360842246519465
5.6668005,289.11,817861372282536044
5.084726,161.54,817874011670152097
4.596934,99.18,817889252090760836
4.910773,135.74,817895872597874690
4.8389664,126.34,817906902750543122
4.691805,109.05,817955028845298298
5.0664163,158.6,818056529645468930
3.890102,48.92,818217449405040705
4.9840903,146.07,818745534692837135
3.362011,28.85,819569750163231599
3.3393033,28.2,819570403765185966
3.3670173,28.99,820231481486835344
3.369473,29.06,820252098420694378
5.4174385,225.3,820752698647834158
5.4261813,227.28,820783771709945492
5.7520103,314.82,820828934829907996
5.0602846,157.64,820942972869335860
3.2648146,26.18,821115039914169933
6.037477,418.84,821549814762616072
6.204786,495.11,821551276812341560
4.6616297,105.81,821567071674860053
4.067577,58.42,821674115750402593
4.106142,60.71,821689017254906858
3.604797,36.77,822194383453046289
4.74048,114.49,822298463356506002
4.9631877,143.05,822299970636259924
5.7344246,309.33,822930456623012648
4.4211674,83.19,822969564655163950
4.9825535,145.85,823030766490316807
4.837004,126.09,823559221169492391
4.5834265,97.85,823789398926242617
4.34335,76.96,823918174736098105
4.866041,129.81,823919844662896776
4.1204743,61.59,824091196300837313
4.8384666,126.28,824169805505113046
5.578341,264.63,825156495805080171
5.5490193,256.99,825160933543533852
5.790283,327.11,825247158381988615
5.779276,323.52,825248964916528545
5.09682,163.5,825503702556122678
4.7265635,112.91,825767892028718054
4.1598186,64.06,825902190996835591
5.023018,151.87,826043947275498945
4.594896,98.98,826058899941662636
4.6869116,108.52,826091778835232981
4.9810596,145.63,826131804121131573
5.386173,218.37,826753350641848159
5.463029,235.81,827212053008249556
5.505905,246.14,827213361271622551
5.8134656,334.78,827303773174721148
5.511892,247.62,827309962177518344
5.513812,248.1,827319346441931290
5.824832,338.6,827322248170270451
4.898776,134.13,827327487610238355
5.4921427,242.78,827333156940109887
5.5201178,249.66,827339967324809645
5.4990215,244.45,827349098679650028
5.7265606,306.91,827350628433890020
6.3731556,585.9,827352312777142809
4.044162,57.06,827375799012065479
5.683499,293.98,828005346082059065
5.399332,221.26,828033468768494249
4.8090453,122.61,828934697544996305
5.1469207,171.9,829229979446191380
5.2012124,181.49,829229988526268828
4.868327,130.1,829532617040457040
5.3409524,208.71,830185047687116552
3.3628824,28.87,830321726832251317
4.3692107,78.98,831007929858994860
5.072153,159.52,831235726906692996
4.8581576,128.79,831517348231070215
5.6294518,278.51,831558265423916119
5.745333,312.73,831561069455931914
5.6364245,280.46,831570329415120082
5.693408,296.9,831581859522867170
5.8105717,333.81,831586712720484973
5.7175727,304.17,831589900791249424
5.713596,302.96,831604568888993495
5.716672,303.89,831610409143810623
5.7716002,321.05,831619664657630497
5.7161837,303.74,831622006612921976
5.7481246,313.6,831625091655529974
5.7239766,306.12,831627620790687752
5.817586,336.16,831629978349047419
5.677423,292.2,831633641777873566
5.711541,302.34,831643034759332840
5.6723714,290.72,831665763306998611
4.2359195,69.13,831692089241282910
4.4156656,82.74,831741163110613541
5.728191,307.41,831769648286137814
4.191278,66.11,832731627233955844
4.7126427,111.35,833758077040934199
3.458243,31.76,833785836813664135
4.370539,79.09,833787902115935031
4.136492,62.58,833919307089708848
3.307837,27.33,833922857958568998
4.797392,121.19,834003544714995061
3.4809494,32.49,834086487902792595
4.202478,66.85,834486288682448215
3.9145744,50.13,834828175654382966
5.806352,332.4,835042375571535199
4.461736,86.64,835266300536398212
4.663482,106.0,835315269684032583
3.2797656,26.57,835412853868981665
4.179638,65.34,835502312765796240
5.8553414,349.09,836117118064159934
5.513241,247.95,836146444747937593
5.459469,234.97,836166931901863016
5.4451485,231.63,836176890862642568
5.600951,270.68,836651465284550703
5.370494,214.97,836660142488581311
5.223568,185.6,836698138431476909
5.0057125,149.26,836715488294825056
5.1041894,164.71,836758207024950670
5.1978855,180.89,837070705628083445
4.871985,130.58,837414976423760810
3.6639867,39.02,837564538304403751
5.3284626,206.12,838193088394057422
5.006082,149.32,838897772059761415
5.408499,223.3,838903968438826965
4.5538745,95.0,839578153602773729
4.0092654,55.11,839804124481231175
5.5978055,269.83,840676064327687725
3.3863857,29.56,840704002914388485
4.5447955,94.14,841125138565676286
5.5382867,254.24,841138180239142908
5.487351,241.62,841156161628075641
5.5117335,247.58,841158773896788722
5.437359,229.83,841169208815553690
5.452516,233.34,841171281732086515
5.4769354,239.11,841172740128200954
4.843382,126.9,841270222050971097
4.508711,90.8,841808320113193546
5.9675484,390.55,841891002383960277
4.3884573,80.52,841953654910796432
4.419227,83.03,842050019993788642
3.973471,53.17,842141648042088752
5.048002,155.71,842454240503263194
5.5597215,259.75,842556232536835762
4.9096413,135.59,842645685874422041
5.351782,210.98,842692205814831591
5.447862,232.26,842698541863249610
4.9862027,146.38,843268032766273067
5.7891197,326.73,843279417183729246
4.987801,146.61,843299648934012591
4.960026,142.6,843913168080940293
5.455049,233.94,843945221088165655
5.5352373,253.47,843949412400054866
5.447127,232.09,843952669011612524
5.465538,236.4,843955781235813654
5.4600945,235.12,843958966193962145
5.472284,238.0,843969906340356764
5.51904,249.4,843971856986105800
5.4548693,233.89,843974646854006301
5.5445447,255.84,843975708540678323
5.5360503,253.67,843977290599073493
5.4751525,238.69,843979339468649774
4.953475,141.67,844000308449536253
4.4454584,85.24,844093949660295889
4.566078,96.17,844093965758564229
5.677479,292.21,844150109979804232
4.83011,125.22,844209095807148520
4.8035417,121.94,844212684120036325
4.6562905,105.24,844215694042931691
4.1581483,63.95,844295287421356508
4.5961547,99.1,844801862778295124
5.77275,321.42,845010610218630445
4.330463,75.98,846004853225449054
5.4674535,236.86,846093318788581404
5.5678306,261.87,846121214346059366
5.555814,258.74,846128345212277338
5.558185,259.35,846131299901940313
5.257475,192.0,846184430918401507
4.509065,90.84,846198588008748382
5.1842446,178.44,846199567435612629
3.6560895,38.71,846312137583081003
5.781986,324.4,846345174569649397
5.156784,173.61,846439358945384935
5.1487284,172.21,846469130159519163
4.682464,108.04,846733523693065296
4.4704766,87.4,846955622593972871
4.740638,114.51,847022020801794310
4.704745,110.47,847022433196784936
5.6156116,274.68,847582655112925959
5.626715,277.75,847584772999149323
4.409798,82.25,847746331271185230
3.6111152,37.01,848279467560451212
5.344588,209.47,848326631922310590
5.830047,340.37,848326797901196254
4.3308625,76.01,848421874993561712
4.9535,141.67,848429016983911763
4.5221734,92.04,848464104678517999
4.446988,85.37,848468185492898576
4.9085073,135.44,848474193698715561
4.948992,141.03,848479459435375441
4.9089165,135.49,848482705451807922
5.140641,170.83,848973713586706766
5.540967,254.92,849007044170497900
5.7945886,328.52,849010473355090427
5.1432786,171.28,849018981310314253
5.6295204,278.53,849022033420311498
5.141899,171.04,849033323113738402
5.128087,168.69,849042635414662644
4.3426127,76.91,849327019076693543
4.3092866,74.39,849327140939998735
4.263092,71.03,849327243561282742
4.259423,70.77,849327508408447831
5.9800415,395.46,849729562695392039
3.3829856,29.46,849754301192450068
3.3953965,29.83,849766718986751579
6.251943,519.02,849950707540307230
4.336494,76.44,849983909750726331
5.1400204,170.72,850440107756355032
4.2797327,72.22,850489459842549566
3.362566,28.86,850672884109701527
4.3473964,77.28,850775172175339315
5.6745367,291.35,850809204411871358
4.72026,112.2,851129836860354142
5.5151997,248.44,851216551322174198
5.1766996,177.1,851265733640457028
5.207816,182.69,851285541984761369
5.6635437,288.17,851338570959638862
5.4316454,228.52,851911097971135596
5.40068,221.56,851915866327878909
5.258058,192.11,851936940352286777
3.680633,39.67,852033223528596114
3.917969,50.3,852625767205576519
5.038325,154.21,853010489015640978
5.583019,265.87,853120162211750138
5.3606477,212.86,853301099511752579
3.8963287,49.22,853308464066917357
3.9919312,54.16,853308945864923338
4.250014,70.11,853309287114579040
4.260461,70.84,853310029967760481
4.4220304,83.27,853408996811703076
5.083076,161.27,853430010762388729
3.367166,29.0,853514700958359994
3.644925,38.28,853518643882329572
3.538428,34.41,853527993409105107
3.562843,35.26,853531579003592623
3.552104,34.89,853534785213194265
4.4033303,81.72,854048385743318973
5.2295675,186.71,854087024835801091
5.1099863,165.67,854110119617984784
4.6424217,103.8,854114305743770449
4.844647,127.06,854288068463600293
6.1274834,458.28,854330154663960073
6.070323,432.82,855164625363722926
5.6041546,271.55,855172478484725710
4.5030055,90.29,855533984297803883
4.385077,80.24,855580937560836903
4.237478,69.23,856176326005755013
4.747164,115.26,856261893944146194
5.353077,211.26,856274242033285761
4.6442,103.98,856317793109856777
5.8011255,330.67,856379874708120145
5.541446,255.05,856382835813864923
5.6048846,271.75,856386047310830703
5.5879426,267.19,856388752094710465
4.9437995,140.3,856454824638445886
3.4981105,33.05,856868682384168220
4.001632,54.69,856894653746283160
4.873262,130.75,856916486034703586
5.642363,282.13,856935325654137282
4.09032,59.76,857695774743141523
5.928956,375.76,857711857134268021
5.672976,290.9,857821733672075843
6.6368837,762.71,857836058011402072
4.8075976,122.44,857889883015965630
4.7816515,119.3,857928343704983095
4.3821588,80.01,859482685292749420
5.7941666,328.38,859519754434238612
5.4280696,227.71,859815744311025799
4.708541,110.89,860083988811708803
5.699476,298.71,860194931823420485
3.4792242,32.43,860534483636601786
3.4741178,32.27,861272139788487939
5.0000906,148.43,861390162997055394
4.7408433,114.53,861395271309663032
5.55499,258.52,861468080081786642
5.468067,237.0,861468378311404102
5.539125,254.46,861468518093459504
5.53663,253.82,861468696267301816
4.652652,104.86,861526586956745993
4.1763434,65.13,861570208990568590
5.1804585,177.76,861994015168457984
4.8835406,132.1,862054419568869297
4.8849497,132.28,862063344961152510
5.009467,149.82,862122500288513146
4.7342877,113.78,862152707095802717
5.1026554,164.46,862192532041467883
3.327528,27.87,862217840503293343
4.1417394,62.91,862228497483394817
3.366921,28.99,862229909042584298
3.3707306,29.1,862238285356864780
4.827445,124.89,862261644630026259
4.12423,61.82,862268536925634118
5.4434214,231.23,862373829479914414
5.403783,222.25,862383034084454453
4.378418,79.71,862638519059847172
5.3604264,212.82,862747800117931050
4.652489,104.85,862747805882838819
5.63336,279.6,862747820432662167
5.6718845,290.58,862748520513761104
4.480538,88.28,862801930169662775
3.7362435,41.94,862986225502778713
5.70433,300.16,863101533669269464
4.7670217,117.57,863686391692795517
4.383854,80.15,864965322373310547
5.412771,224.25,865591330776338545
4.0920696,59.86,866379449214078863
3.929764,50.89,867038934631734200
6.208759,497.08,867256504774715226
3.980578,53.55,867469789437779479
3.8880002,48.81,867483270861417089
3.7539155,42.69,867491877167369805
3.9097967,49.89,867497334063139586
3.7785337,43.75,867503669308965709
4.842316,126.76,867916540558173656
5.17434,176.68,867984875122945954
4.5334797,93.08,867997050928901720
3.9726026,53.12,868004015361889684
4.904175,134.85,868564073760096193
4.8964734,133.82,868566012394647711
5.2565165,191.81,868710229031018787
3.531208,34.17,868739395088729880
3.6635764,39.0,868767942556112420
5.4964657,243.83,868889918524244661
5.260703,192.62,869274564066862094
3.794283,44.45,869379273049534125
4.2624235,70.98,869385081921744655
5.7944493,328.47,869586123125988656
5.4310174,228.38,870183927132093334
4.900121,134.31,870203181923574445
5.9658275,389.88,870911753083476226
5.096341,163.42,871077661669950433
5.1607337,174.29,871078390277501489
5.5497737,257.18,871464154915728576
6.4760275,649.39,871663364915243450
5.4863133,241.37,872099397554158301
5.4269342,227.45,872105351215494572
5.462781,235.75,872107529568771640
5.4110847,223.87,872110218004744489
5.747955,313.55,872162423375135957
5.416979,225.2,872165108294389261
5.807515,332.79,872166812392538323
5.7259398,306.72,872170446633624895
5.4861865,241.34,872172332851407955
5.6970067,297.97,872175361257108404
5.4444513,231.47,872177389324953950
5.6690483,289.76,872178953312486557
5.430493,228.26,872181409882167414
5.4005675,221.53,872184874368220311
5.6373115,280.71,872245744798771752
4.1583037,63.96,872253253727011652
5.1796784,177.63,872541472873715729
4.6187267,101.36,872867160496372562
5.438151,230.02,872875436492286293
4.0627084,58.13,873639356629256542
5.4736586,238.33,875950395836707541
4.1910715,66.09,876578478722451238
4.5229683,92.11,876624949993486661
5.615759,274.72,877302463715778172
5.3818994,217.43,877340781533750548
4.348171,77.34,877462448942717527
5.039025,154.32,877479728510994412
5.2785716,196.09,877483571159475574
4.426364,83.63,877621988007424535
4.6100783,100.49,878170191503760216
4.4239078,83.42,878220084249844468
4.28064,72.29,878300852633896540
5.914548,370.39,878623540144520037
5.5967565,269.55,878658347316285621
5.7709155,320.83,878728778961354759
5.5912457,268.07,878745920653835415
5.4923472,242.83,878746003499728024
5.5451674,256.0,878759262826963543
5.6172953,275.14,878802065364259765
5.80747,332.78,878813716760200926
5.552412,257.86,879485762386282670
5.288221,197.99,879504994747416033
5.5605497,259.97,879509664098716584
5.3335805,207.18,879512145874994095
5.867229,353.27,879517855622722737
4.769933,117.91,879807632558758053
4.589049,98.4,881535029108782868
5.561054,260.1,881663941105028125
5.360674,212.87,881827237241010174
3.8580155,47.37,881884096628140142
5.248303,190.24,881966633360232912
5.6186543,275.52,882010699402239840
5.0637317,158.18,882353664235353670
4.288366,72.85,882359174970686932
5.1461434,171.77,882386616914940777
5.1774826,177.24,882388227760570307
5.4593897,234.95,882388632937816394
5.1615543,174.44,882437320595632747
5.8455057,345.68,883016554043252552
5.4374895,229.86,883024011378948768
5.4682636,237.05,883026035223307093
5.4896536,242.17,883028991185379514
5.8419237,344.44,883029991890080027
4.550399,94.67,883174837995457486
5.9446855,381.72,883301958082160863
4.453639,85.94,883319106979543240
4.0498734,57.39,883423381467216597
3.2957168,27.0,883524014555399743
4.2183266,67.92,883764616202072357
3.5034869,33.23,883817860096297350
5.727883,307.32,883898689850502446
4.7195024,112.11,883905409222340722
5.6611495,287.48,884078086336141232
5.318157,204.01,884105861701429512
6.0429115,421.12,884579826623680402
4.396948,81.2,884719616177617114
4.736928,114.08,886126919465813744
5.102676,164.46,886146358989985111
4.2645144,71.13,886177538775360481
4.8865843,132.5,886317613312767079
5.8601723,350.78,886597154867284252
4.2466483,69.87,886630687937676663
5.1125116,166.09,886832315229469217
3.5604117,35.18,886834428852357030
5.264461,193.34,886838723814651944
5.6369724,280.61,886849936033572375
5.0459924,155.4,887322676611702505
5.2353477,187.79,887395817973157589
4.121515,61.65,887412384681946556
4.682957,108.09,887428685665002643
5.3421416,208.96,887453613248730771
4.6450157,104.07,887503297873349393
5.0877943,162.03,887580167462263708
5.3276453,205.95,888070459646437490
4.8750224,130.98,888130951023576617
4.55718,95.31,888172152214096189
4.87649,131.17,888797321692257265
5.3362684,207.74,888990771309381998
5.7935624,328.18,889011707152741256
3.9505289,51.96,889748772725018589
3.9538453,52.14,889750485634717545
3.926358,50.72,889751916500955263
5.77055,320.71,889908984951736675
5.2761383,195.61,889929441198615174
4.3412786,76.81,890378751957161373
4.2733493,71.76,890524288380414679
3.9603715,52.48,891046061627946435
4.1845756,65.67,891046832451764905
3.852478,47.11,891051951717302761
4.1168613,61.37,891052715039299529
4.684848,108.29,891064970980112015
3.996432,54.4,891123603497723481
3.457222,31.73,891320704340829625
4.094004,59.98,891726615134385623
5.814838,335.24,891762287658652673
4.5756187,97.09,891810611370540254
5.1667614,175.35,891868251094082038
5.47377,238.36,891906202715116399
4.9669166,143.58,891974438953878604
5.5952716,269.15,892456953733077314
5.4890947,242.04,892539647686596617
5.357265,212.14,892769900930148298
5.1594305,174.07,893208835785006190
5.3508425,210.79,893267753063619827
4.538422,93.54,893296330095494557
4.846432,127.29,893375390638296879
4.222673,68.22,893812096423898995
4.63254,102.77,894057592452242973
4.737582,114.16,894107058804472019
4.5007615,90.09,894236936120977704
4.447719,85.43,894608500138591486
5.2040625,182.01,894925971613112298
4.559024,95.49,895409765402118180
4.2377048,69.25,895597770319813755
5.3720546,215.3,895627387344684828
5.416294,225.04,896101518808265820
3.8730822,48.09,896271282879737820
4.53715,93.42,896284371144267389
5.987611,398.46,896847329247516825
3.9611824,52.52,897108416622306240
4.3869286,80.39,897642205362895900
4.676604,107.4,897702795564152772
5.8088884,333.25,897932854878269795
6.336589,564.87,898224815241042753
5.865467,352.65,898225407397504275
5.6588726,286.83,898225612303810666
5.6092353,272.94,898276757093957812
4.8423953,126.77,898314756990084740
4.1426907,62.97,898401404834888386
5.3707848,215.03,898410022671225187
5.425204,227.06,898412434567537749
5.1503057,172.48,898560962298545613
5.4474297,232.16,898943786259930598
5.796026,328.99,899017028977792694
5.6852593,294.49,899017523131904526
6.1763487,481.23,899017850207792392
4.7846017,119.65,899145662508834585
5.3824105,217.55,899179673624436144
5.4130244,224.31,899245442811660718
5.555118,258.56,899292103075317653
5.3879995,218.77,899322797491777204
5.0991783,163.89,899337137645826708
3.8422682,46.63,899451106076133686
3.9686146,52.91,899469948585699133
3.8192096,45.57,899476156665540470
5.527987,251.64,899656745699012491
4.8035707,121.95,899762887673839233
4.7617607,116.95,899852424549269572
3.8299792,46.06,899873277553124971
3.8381994,46.44,899881580281840570
3.8412645,46.58,899892589958266165
5.210598,183.2,900433883197624838
3.7293253,41.65,901452112874617432
5.4299607,228.14,901906217677446977
5.334611,207.39,901919753219829860
4.1652737,64.41,901924322169072586
5.9152603,370.65,901929615446639614
5.5306907,252.32,901975079946382965
3.42695,30.78,901985833247628932
3.5015821,33.17,902217340660400299
4.3320675,76.1,902235852344475908
5.439157,230.25,902600124454162934
5.5136776,248.06,902616134023182966
5.534918,253.39,902633104127872054
4.8869433,132.55,902703827486435640
4.7386394,114.28,902755691095674088
4.5895,98.45,902980411553793887
4.252963,70.31,903014545988500534
4.1046147,60.62,903015923217871848
4.4971924,89.76,903288670213245947
3.7035728,40.59,903525109008916294
3.7036545,40.6,903603991923124260
4.265833,71.22,903619724350445213
4.296186,73.42,903624493529945274
5.80986,333.57,904257762419291262
3.2151053,24.91,904287660578943456
5.7042937,300.15,904304588900815879
3.221976,25.08,904362821827685330
4.2733,71.76,904763470640042260
5.540981,254.93,904821609155491360
5.2833757,197.03,904844403642967059
4.338564,76.6,904862039328156130
3.9886014,53.98,904927112309119983
5.939832,379.87,905531607109157699
5.8760166,356.39,905637759064564903
4.116132,61.32,905847175525517554
3.2741864,26.42,906291565619921881
2.7705512,15.97,906440016225374191
5.985011,397.43,906650586197090164
4.953218,141.63,907158424259819386
4.5371876,93.43,907355781673196572
4.622639,101.76,907728229086594277
5.0774536,160.37,907778859842876933
4.6576552,105.39,907836178703996464
5.2869563,197.74,907854078150085856
4.793881,120.77,907898214160688909
4.843781,126.95,907906726728044736
4.359949,78.25,907938129848073470
5.8015065,330.8,907987710292199983
3.597295,36.5,908069559190284971
5.706506,300.82,908407905833002407
5.274161,195.23,908473721469469422
4.0944014,60.0,908476290277539605
4.875722,131.07,908634521154622124
4.4376726,84.58,908765186657569121
3.32961,27.93,908776636461078374
4.713568,111.45,909087702399642381
5.6676908,289.37,909139364921539794
3.888313,48.83,909151498506541673
5.381732,217.4,909184810122925628
5.740762,311.3,909189011274625180
5.5158453,248.6,909197496371658400
5.776234,322.54,909219074809323749
3.8631861,47.62,909224507688938520
5.761135,317.71,909234706833331485
5.5916624,268.18,909236852416780922
5.5309763,252.39,909267217063835856
5.8048277,331.9,909267758481910084
5.166546,175.31,909268254188300159
5.5526342,257.92,909303159598031954
3.8607028,47.5,909307181111285581
5.433705,229.0,909315937234693602
3.9079068,49.79,909317749881690993
5.578619,264.71,909326201012984394
5.566034,261.4,909334215977511511
5.505794,246.11,909338248885393883
3.6869197,39.92,909414519283580256
3.9253092,50.67,909926771350916075
5.5463862,256.31,909968978800483846
3.901334,49.47,910061588515090604
3.8552778,47.24,910074657013280457
4.212406,67.52,910739791321716366
4.1128254,61.12,910741019392765829
4.2089567,67.29,910812056821496630
4.2389746,69.34,910837711741794133
4.805755,122.21,910841261983250037
3.8711872,48.0,910865996789469294
3.5561612,35.03,910924058783621663
3.3580558,28.73,911731838877962943
3.537513,34.38,911750447695579454
3.6608357,38.89,911760248671755598
3.5642824,35.31,911777461521193732
5.8457217,345.75,912316691776394062
5.4682856,237.05,912350610354182842
3.7428944,42.22,912457978095895151
3.5461411,34.68,912476482412804951
3.4892986,32.76,912487174979780727
3.4880145,32.72,912497356381646233
4.3818016,79.98,912762360525329588
5.299044,200.15,912850339460574437
5.114431,166.41,912890603958059096
5.033447,153.46,912891208631318553
5.4552894,233.99,913091646181146944
2.246126,9.45,913102185439858883
5.2441716,189.46,913581229263494529
4.4030304,81.7,913607509347614162
5.0274034,152.54,913663213086694002
3.6598418,38.86,914179197783106436
3.8740826,48.14,914296656017741427
4.288287,72.84,914350791211806118
3.587823,36.16,914417960158678182
5.5754175,263.86,914473339430968295
5.2912135,198.58,914629329246509292
5.6091647,272.92,914999023986720831
5.8477025,346.44,915032631480292375
4.417739,82.91,915168998112097836
5.6221485,276.48,915205387087324369
5.430832,228.34,915779396431225225
5.068026,158.86,915931918975649573
4.3935633,80.93,916422458155079837
6.1923943,489.02,916447665970561322
6.259263,522.83,916666677380821264
4.640901,103.64,916849701660562968
4.323439,75.45,917078880224154973
5.47734,239.21,917112190135966249
5.3914595,219.52,917273220919657946
4.400382,81.48,917290682728339909
5.1450195,171.57,917396257686702067
4.7884393,120.11,917836935353462866
5.163995,174.86,917998632556427823
5.2090793,182.93,918117677536029020
4.3935523,80.93,918519014203228567
3.2187002,25.0,918533025862099077
5.522982,250.38,918544457897734915
5.476892,239.1,918600386247154380
4.9957232,147.78,918630194487573224
4.793593,120.73,918666023981203752
3.9684818,52.9,918736357448950188
5.413259,224.36,918739060321709138
4.617442,101.23,918762684687811743
3.2698972,26.31,918889614981886838
4.8215537,124.16,918961284674886507
4.553057,94.92,919271086753452496
4.0017447,54.69,919315356320401315
3.887314,48.78,919326485614556116
3.84069,46.56,919333086947239101
5.5051217,245.95,919336823045462487
3.83734,46.4,919337853730100178
5.422912,226.54,919342004447565402
4.6960087,109.51,919362146487281443
4.592115,98.7,919648884905087453
4.2342873,69.01,919655789894011481
4.4559183,86.14,920046035260806442
4.61386,100.87,920046127298260640
5.660613,287.32,920171745064526765
3.4092777,30.24,920281458118251876
5.710012,301.87,920762877761307289
3.9483268,51.85,921610069244187126
4.1521297,63.57,921664662521762538
4.30854,74.33,921721126982785886
4.5035434,90.34,922243619325174966
4.7200613,112.18,922246946720483681
3.4706655,32.16,922352295485888189
3.398134,29.91,922371969980869401
5.4619565,235.56,922834282474074722
4.0268126,56.08,922988605015621388
4.0593033,57.93,922997679141473276
4.7175603,111.89,923002141532767340
4.5436544,94.03,923068665539162959
4.9401884,139.8,923093833270404978
5.404857,222.48,923104200853656154
5.411682,224.01,923118867334043435
5.378791,216.76,923138593666276519
5.4849033,241.03,923151771623130698
5.4305496,228.27,923156973191938012
4.1266327,61.97,923266629561319321
4.581502,97.66,923636209048606155
5.4491806,232.57,923657765607146854
5.3827486,217.62,923681098354044194
4.6183634,101.33,923730093948219848
4.443299,85.06,923949367865679642
5.1727858,176.41,923975451521480887
5.7041426,300.11,924350632464761061
5.2449284,189.6,924371359441890830
4.2326813,68.9,924443461802529866
4.465438,86.96,924445744037390186
4.7010217,110.06,924491954106490891
3.9874222,53.92,924500733192093482
3.2684166,26.27,924604000659891320
3.981561,53.6,924697577002393790
4.9746423,144.7,925094175402890422
4.5738835,96.92,925096537800224567
3.935532,51.19,925193865284919308
4.1772246,65.18,925319046707863327
4.570132,96.56,926021119843775923
4.2554784,70.49,927033567868640968
3.730622,41.71,927222069190996845
5.169442,175.82,927473141140817874
4.018189,55.6,927488281061647354
5.725802,306.68,927568566272136335
3.7194264,41.24,928062946438071942
3.544719,34.63,928069083115212573
4.920085,137.01,928171736971546786
3.161946,23.62,928655138806191772
3.5982819,36.54,928694975167882091
3.762565,43.06,928732245514416152
4.3550396,77.87,928818439522893811
5.6363587,280.44,928897023973317892
3.569694,35.51,929421699242376397
3.9913335,54.13,929632443710687267
5.194093,180.2,929812369748849366
4.026243,56.05,930056296715807458
5.555068,258.54,930147098892082565
5.7333307,309.0,930149360894866784
5.3305173,206.54,930227874924247960
6.2606544,523.56,930304173764709348
3.5429935,34.57,930423023825761698
5.3300066,206.44,930832834615462511
5.5746374,263.65,931591920999936286
5.725836,306.69,932056963203047601
4.8290367,125.09,932321308830770664
4.06417,58.22,932408838051849078
5.551498,257.62,932454660997786885
5.4045715,222.42,932569596868861320
5.607631,272.5,932711286818111942
4.7921243,120.56,932723887559658273
4.4639444,86.83,933051831227466200
5.7059107,300.64,933083341530233229
3.8640358,47.66,933103259866069235
3.810842,45.19,933170485394698500
3.8192859,45.57,933185799760621381
3.8184965,45.54,933205180280298929
3.820218,45.61,933212261972644585
3.819577,45.58,933219996528740254
4.37956,79.8,933221005875621154
5.66134,287.53,933253318140321820
4.0362515,56.61,933730731501741545
5.754478,315.6,933879881290496856
5.352028,211.04,933891189127664980
4.3347335,76.3,934446400665201377
4.505735,90.53,934447500013738811
4.7675843,117.63,934525261902922027
4.4886174,89.0,934562199421149361
4.547551,94.4,934569762956936202
3.6691287,39.22,934585210852616183
3.6849911,39.84,934608769183935397
4.4532294,85.9,934618458088578280
3.7247381,41.46,934628711884100070
4.4752336,87.82,934646479645425713
5.097136,163.55,934683721142756102
3.3721578,29.14,934690183460676973
4.5655756,96.12,934779540094729209
4.623592,101.86,934796857314156664
5.773902,321.79,935293020961594238
4.1124773,61.1,935316234633420936
5.3980045,220.97,935338608116852575
3.4266167,30.77,935340590559425882
3.899863,49.4,935358952557422895
3.8401904,46.53,936049105469737301
5.432787,228.79,936080678340256960
4.313698,74.72,936104848171276056
3.7074296,40.75,936259392376276915
5.9391656,379.62,936850951611349528
3.9678273,52.87,937019765114779825
3.7751775,43.61,937446547975748011
5.9994354,403.2,937447130141428110
3.760248,42.96,937493443970195803
5.8979225,364.28,937542443024225274
5.1461024,171.76,937572162260104747
4.4703526,87.39,937617371179082096
5.3715715,215.2,937642857795458726
4.7023153,110.2,937686808100576604
4.4772625,87.99,938151746844910519
4.0335402,56.46,938270646203287982
4.821635,124.17,938507926907787250
4.241685,69.52,938898698060793117
3.5157318,33.64,938919306966277072
4.356349,77.97,938985742501827154
4.2087607,67.27,938994434686499158
3.973281,53.16,939015578306198507
4.852342,128.04,939096729050903908
5.4298677,228.12,939501713361114343
5.3110895,202.57,939507374753425467
5.4564962,234.28,939516102896282631
5.400739,221.57,939520239602684472
5.3508782,210.79,939525192172727802
5.4668612,236.72,939534752713084100
5.3875113,218.66,939538445548154227
5.3178,203.93,939544926988227697
5.50814,246.69,939548143512422268
5.512434,247.75,939552306627561413
5.311836,202.72,939556762057369271
5.280841,196.54,939560896311356928
5.4465494,231.96,939564695547360204
5.454417,233.79,939568421768895171
5.3399787,208.51,939572663682346555
5.4411397,230.7,939575855227520621
4.3252807,75.59,939600141560445580
4.290509,73.0,939603272645066734
4.416243,82.78,939645761991465289
3.8432195,46.68,939701824155647610
4.59218,98.71,939710280509284071
4.4418306,84.93,939773821914705441
4.3259025,75.63,940229986942958749
3.3850417,29.52,940238870732027564
3.8275306,45.95,940472826238472559
3.8638217,47.65,940481414217442265
5.859614,350.59,940930879956130147
5.598205,269.94,940948838592461031
5.893062,362.51,941144778839882076
6.614194,745.6,941267843854689530
4.2264795,68.48,941698626191729518
6.160611,473.72,941853655660341750
5.893784,362.78,941859400236900164
4.0660157,58.32,942382012883711649
5.946701,382.49,942511677079573346
3.8510559,47.04,942560592262420860
5.026234,152.36,942657281530434494
4.623518,101.85,942672423478226732
4.2732363,71.75,942800380975285125
4.8259373,124.7,942854843507904426
3.300204,27.12,942893085239347384
3.9691975,52.94,943206171730257296
3.7793949,43.79,943234676749296476
4.399987,81.45,943329662348700324
7.488529,1787.42,943385348921192425
5.626558,277.7,943404193332578292
4.6786957,107.63,943447737644294878
4.3916516,80.77,943448925302565569
4.975878,144.88,943468988781752665
4.416413,82.8,943651566572829741
5.882762,358.8,943928658717986567
4.0332456,56.44,944013906629289330
4.2863903,72.7,944163220931663246
5.4139543,224.52,944626922730964974
5.707052,300.98,944897448093933754
4.4595757,86.45,945371796339088145
4.532488,92.99,945481607442013790
5.6239266,276.97,945495341569015960
5.022655,151.81,945501913718978288
3.2394621,25.52,945703434334242640
4.1673284,64.54,945797850238255495
4.70132,110.09,946861589663604334
6.0187106,411.05,947565841810448357
4.886238,132.45,947629990340321360
4.9866986,146.45,947671696524874022
4.866199,129.83,947676097371723802
5.593593,268.7,947681597636900556
4.431377,84.05,947719987546685726
4.4843426,88.62,947758194949123913
4.778561,118.93,947778844710091627
5.523165,250.43,947858172147696401
4.689445,108.79,947985383407006492
4.5660973,96.17,948237399343682666
4.615298,101.02,948262557163570497
5.086306,161.79,948398658448853664
4.853151,128.14,948439111931463044
4.267249,71.33,948495927189208543
4.956457,142.09,949028253684379852
4.7395606,114.38,949209271410491405
4.8440094,126.98,949211273896960379
5.7249894,306.43,949514110183931099
4.4835825,88.55,949770371381406754
5.4578223,234.59,949816633365792295
6.0818334,437.83,949836364257222720
4.8107023,122.82,949858217021025191
4.3805428,79.88,949876366227456703
3.9036703,49.58,949980612930869561
3.7062547,40.7,949987822724422726
4.080829,59.19,950060781957530941
4.1423817,62.95,950576660728939537
3.5756826,35.72,951408034737438401
5.3475056,210.08,951626782249289175
4.1972265,66.5,952055409999207280
5.027002,152.48,952065554967458795
5.6598864,287.12,952609827495209798
6.3160825,553.4,952657166843329445
5.6910744,296.21,952739333759618899
5.460393,235.19,952758811475652630
4.719845,112.15,953012152701065503
4.7429023,114.77,953485885241535354
4.533958,93.13,953555885037252263
5.4408894,230.65,953562876536861662
4.902115,134.57,954202232613172787
3.269583,26.3,954355959426578206
3.3405433,28.23,954360117919066687
3.3572485,28.71,954366273295611680
5.804865,331.91,954772148506393563
4.712027,111.28,954796343752198923
4.2379465,69.27,954814881548306421
4.7758183,118.61,954847060686030490
4.609504,100.43,954938929443569769
5.606085,272.08,954984076562279554
5.3675437,214.34,955509720693249820
4.063854,58.2,955516514096554042
4.0856814,59.48,955522996661451088
4.0910144,59.8,955527153472765103
4.4586544,86.37,955665251682918495
4.2245436,68.34,955679650897391576
5.2142224,183.87,955702119561397729
5.360036,212.73,955702442312190261
5.227326,186.29,955702796361719691
5.586943,266.92,955703203058295678
4.756007,116.28,955716739482104519
4.630496,102.56,955726018859029313
4.8729925,130.71,957721972168425856
5.4178042,225.38,957751670421311964
5.4949393,243.46,957753688253548195
5.1938405,180.16,957760053909775261
5.0951133,163.22,957764918093684696
5.588631,267.37,957770996291473453
5.553184,258.06,957840846229984470
5.7230344,305.83,957846743312024071
5.269754,194.37,958683990660101023
4.229385,68.67,958693441320736828
6.8807054,973.31,958832142563473464
4.554312,95.04,959199586226385280
4.5483694,94.48,959529192402066363
4.2909074,73.03,959896625730818146
4.150162,63.44,959957526351572089
4.665255,106.19,960068044846306136
5.1564374,173.55,960506775950092870
5.122629,167.78,960570973338715919
3.5600517,35.17,960637864504850791
4.365862,78.72,960690531285452693
4.1044497,60.61,960697585787665670
4.3787475,79.74,960711684981563937
5.399028,221.19,960747861036679180
5.302708,200.88,960747866452610033
4.19496,66.35,960807124761031577
5.0884275,162.13,960817433859087385
3.9123437,50.02,961350927835633851
5.538157,254.21,962065457996345477
7.2160707,1361.13,962334318588170173
4.044226,57.07,962363771210407873
7.3473296,1552.05,962874134652725146
4.5859933,98.1,963129058727342947
4.081133,59.21,963138030029700459
5.5065603,246.3,963442010132014770
4.963488,143.09,963538923582338703
4.118119,61.44,963572477565370835
4.1468844,63.24,963573313377424022
4.123792,61.79,963612399583113441
4.092601,59.9,963616324747484134
4.1104474,60.97,963629439970890977
5.600987,270.69,963631383617517082
4.246381,69.85,963633718267337381
3.981323,53.59,963703400745956384
4.1389117,62.73,963715416637514032
5.2967916,199.7,963717813804263783
4.7458653,115.11,963743492919734074
4.2020917,66.83,963766597463704359
4.272478,71.7,963772950134453782
5.4933844,243.08,963909690585758856
4.938814,139.6,964190701183394024
3.5946481,36.4,964245529043915435
5.4220653,226.35,964247045450922482
5.297726,199.88,964266215169889042
5.447016,232.06,964273369455190586
6.0392466,419.58,964289441234533314
4.7800198,119.11,964361916696598056
3.9045448,49.63,965755212751783461
4.074576,58.83,965770050904641114
4.139662,62.78,965776530785354790
3.391866,29.72,966567267375067338
4.201287,66.77,966650004021826535
4.753628,116.0,968070147248245248
4.6732507,107.05,968115922698008036
5.2684636,194.12,968176137541436170
4.153734,63.67,968536536977067844
5.1508126,172.57,968548723581039813
4.830884,125.32,968645238691497311
5.4459543,231.82,968699283835864287
5.2042327,182.04,968720450586425908
5.6077247,272.52,968720576498100701
5.617438,275.18,968759268665127364
5.2700205,194.42,968772020274924432
5.4436836,231.29,968774841080081525
4.4526935,85.86,969363042879665015
4.54674,94.32,969364365398612458
4.8145466,123.29,969658917795252587
4.375721,79.5,969683313495052679
5.4098244,223.59,970002933214725540
4.644152,103.98,970070290258998470
5.4183426,225.51,970083792825419581
4.5369253,93.4,970094668990520976
4.4627776,86.73,970095257712729789
4.5305843,92.81,970109389655368706
5.149149,172.28,970719308162126001
5.805852,332.24,970810266771253295
5.010177,149.93,971658611130214646
4.399056,81.37,972199746143686425
3.7614331,43.01,972905756762946338
3.8061697,44.98,972913068882295755
4.9161234,136.47,973077682764000570
5.9005947,365.25,973083358573531092
5.235635,187.85,973216497401956974
5.230766,186.94,973239228028065673
4.3463235,77.19,973306979078607121
6.00341,404.81,973665902657656917
4.4155326,82.73,973667471701932948
4.8512464,127.9,973687260995779072
4.4435334,85.08,973848261355715426
3.8144314,45.35,973952647025186942
4.2192445,67.98,973962615357728555
4.957422,142.23,974352111785351430
5.189758,179.43,974390220487112997
5.7035313,299.92,974447657423973757
4.5615997,95.74,974502187220817327
5.8159156,335.6,974548465644564948
5.6916924,296.39,975062554191913097
5.053082,156.5,975107505423731853
4.550385,94.67,975114267624840436
4.5482006,94.46,975121265686586957
5.2302027,186.83,975377423407403744
4.316689,74.94,975426336570703620
4.7983537,121.31,975942213573427309
5.5682287,261.97,976085385245668269
4.290368,72.99,978282171197182049
3.4357784,31.06,978992942299414720
5.8739448,355.65,979716604328446215
4.7553453,116.2,979745218079416032
5.6076713,272.51,980170483011190101
5.3043637,201.21,980264078034265574
5.104567,164.77,980287760713400167
4.5738463,96.92,980368051592787045
4.9266586,137.92,980473807376501057
5.482513,240.45,980925025814952480
4.7566924,116.36,981086984702135964
4.897946,134.01,981219517635823647
6.1208754,455.26,981777479537101521
5.9625235,388.59,982021412466380392
4.200554,66.72,982574005765784708
4.472237,87.55,982703195248549966
5.3642163,213.62,983096568637657458
5.2376647,188.23,983923686945731926
2.8646657,17.54,984037591112652553
6.117509,453.73,984674131521468220
4.3560724,77.95,984700533257653176
5.3544145,211.54,984798273671310091
5.920928,372.76,984869547233111256
4.9926643,147.33,985413514056149692
5.1698627,175.89,985488273577939760
4.7212067,112.3,985585424755633248
5.621693,276.36,986153994263129440
4.546346,94.29,986881468863987221
4.585863,98.09,986958430157514959
4.400477,81.49,987443577038282982
5.858457,350.18,987621527592655318
5.20916,182.94,988899398402666096
4.472608,87.58,988983680827838863
4.614523,100.94,989384261364501037
3.861755,47.55,989598257776532949
5.7041564,300.11,989680889095996151
5.8543487,348.75,989927165888199971
4.379277,79.78,989933383182131142
4.9470077,140.75,990360534330479238
5.588728,267.4,990379250013686186
5.5225554,250.27,990548023795377659
5.604524,271.65,990548055858925399
4.1770167,65.17,990652533372075703
3.424125,30.7,990730256164555169
4.5593796,95.52,991752290878695601
4.674108,107.14,991773913688791896
4.107691,60.81,991838676335572971
5.518119,249.17,992851837782545030
3.6059456,36.82,993188774270519270
5.117148,166.86,993398894733447281
4.138314,62.7,993420095759656919
4.3175173,75.0,993925001618150083
5.9499145,383.72,994072959507806171
4.57072,96.61,994118270875358996
5.4882517,241.83,994185630807462150
4.9334226,138.85,994604553498467211
5.075849,160.11,994723300134905301
5.2505116,190.66,994724842931999913
5.456969,234.39,994749956830820961
5.094297,163.09,994882050258562259
4.9391117,139.65,995621316256168493
4.9350147,139.08,995628246155671304
5.6221366,276.48,995740216386278670
4.4340043,84.27,995922858423131535
5.3668046,214.18,996459337774140558
3.7887697,44.2,996829638492055748
5.33466,207.4,996908372195002280
4.4509835,85.71,997040556494888687
4.150538,63.47,997688066481172571
4.495706,89.63,998279312116588027
4.6317134,102.69,998295263507488988
4.6165156,101.14,998299886238194316
5.2999887,200.33,998308496208735198
4.1530957,63.63,998522189787543095
4.3804073,79.87,998762136285789608
5.1544266,173.2,998953069837068033
4.8039637,121.99,999152463181289383
5.3665013,214.11,999774612530867176
4.6686893,106.56,999801383029403656
4.0810785,59.21,999831860659532033
5.7548504,315.72,999878909598521289
4.31329,74.69,999996737673073637
5.1727004,176.39,1000447810456915898
4.4977474,89.81,1000654222424570929
5.7945466,328.5,1001147737090334838
4.6832886,108.13,1001220336843787116
4.782631,119.42,1001232539926911930
4.9449,140.46,1001238802604609645
4.7542715,116.08,1001244941680293024
4.5247827,92.28,1001251366763883406
4.9028287,134.67,1001410398410229356
3.472764,32.23,1002137495052759167
5.0964994,163.45,1002276749366026551
4.769746,117.89,1003398714988628059
4.899578,134.23,1003412630665053754
4.2006764,66.73,1003506908957259044
4.6693406,106.63,1003563111938271220
4.1445303,63.09,1003602567289250943
5.45777,234.57,1004050393795425378
4.5807652,97.59,1004058415589727154
5.7145443,303.25,1004146247897936672
4.752989,115.93,1004402316553846311
4.8073497,122.41,1004407227704176691
4.660893,105.73,1004411296745919648
4.6641965,106.08,1004414469740664063
5.452991,233.46,1004804916188436998
3.6727405,39.36,1004882778671754417
4.71055,111.11,1005013024575641623
4.7482624,115.38,1005014171730422565
4.583755,97.88,1005442002019858272
4.04074,56.87,1005500262922335944
5.852855,348.23,1005555945720748294
5.7988367,329.92,1005643932109804771
4.6970882,109.63,1005690515030954884
4.7289004,113.17,1005691297604209348
4.649627,104.55,1005757638447951993
5.8146186,335.16,1006222935244656524
5.8252997,338.76,1006243199600435652
4.8077726,122.46,1006251451212792899
3.6487923,38.43,1006253740563350505
5.7800913,323.79,1006255207945599629
4.702345,110.21,1006260097854048374
5.8405204,343.96,1006260665060682681
4.666746,106.35,1006305806602475526
4.8224053,124.26,1006394491052437776
4.7210374,112.28,1006478656087510988
5.90737,367.74,1006485882552852234
4.366916,78.8,1007661326537426181
4.306099,74.15,1007944760305564787
5.110667,165.78,1008503447601340725
4.780023,119.11,1008642194143309169
4.286518,72.71,1008688584794805576
4.4333644,84.21,1008693467976072194
3.928636,50.84,1008738773139444514
4.7061744,110.63,1009194200437490395
4.7033563,110.32,1009210699528358703
4.9536195,141.69,1009216792616300657
5.394894,220.28,1009267790650286731
5.5795465,264.95,1009281160087522115
4.532859,93.02,1009309098034235827
5.763709,318.53,1009315969065710816
4.1030126,60.52,1009514173368928086
3.4103272,30.28,1009958191346239371
4.76364,117.17,1009969169212511841
4.867117,129.95,1009987492266542596
5.0240035,152.02,1010080785759946851
4.2778993,72.09,1010161075078857966
3.9308817,50.95,1010611714346668573
4.699162,109.86,1010730752536343825
4.838964,126.34,1010773990976680769
5.756656,316.29,1010777930286882008
5.681896,293.51,1010798992666610272
5.546533,256.35,1011342176384805969
5.1464057,171.81,1011394974255008925
4.5627723,95.85,1012025263712768911
3.5135279,33.57,1012846327462121331
4.692003,109.07,1013118198795722486
4.450534,85.67,1013254979129205594
4.823682,124.42,1013832336108903340
5.8775935,356.95,1013851899238532741
4.2599225,70.8,1013882465790024892
4.233512,68.96,1013883984435259564
3.564829,35.33,1014322044488687570
4.533282,93.06,1014363850645808377
5.4198785,225.85,1014381330533505749
5.5013967,245.03,1014390119299372491
5.5008717,244.91,1014407330077268220
5.775481,322.3,1014449576044062524
6.273761,530.47,1015185681921335195
5.276821,195.75,1015683414768230026
4.6466503,104.24,1015879555885106827
4.695051,109.4,1015892327370631493
4.7693973,117.85,1015894942103398326
5.335348,207.54,1016027653689853416
5.4427657,231.08,1016174561786629928
5.1241474,168.03,1016453472267290608
4.774018,118.39,1016479870797215542
4.700166,109.97,1016602861934473098
4.2795944,72.21,1016785738680999100
5.875369,356.16,1017213039786534874
5.791048,327.36,1017356688808942192
3.369323,29.06,1017477106818791834
3.5787148,35.83,1017518225094139976
4.718369,111.99,1018610532665538480
4.565503,96.11,1018616982313639969
5.396127,220.55,1018642361056545603
4.907332,135.28,1018683310725757878
5.5323906,252.75,1018723637164134861
3.861603,47.54,1018731562343287522
5.403688,222.22,1018781782349991550
5.285165,197.39,1019340307296601080
5.651366,284.68,1019371719043580818
5.706251,300.74,1019379924757643715
3.8792217,48.39,1019443054678575529
5.4521627,233.26,1019474688795104512
4.9811068,145.64,1019528772534772340
4.963891,143.15,1019540794018238375
4.500012,90.02,1019594554722402356
5.1428943,171.21,1020074882962094525
4.8569508,128.63,1020222465299962566
4.8510294,127.87,1020234882509382371
4.606754,100.16,1020304591344754421
5.2067757,182.5,1020432114240396237
3.0192053,20.48,1020758172456141927
4.2580895,70.67,1020798402251133968
5.7064753,300.81,1020840164002796247
4.8286757,125.05,1020928430066158222
3.6339922,37.86,1021405152191764751
3.6622097,38.95,1021423818851644614
3.599583,36.58,1021432327282396307
4.3500085,77.48,1021741726262614984
6.9989715,1095.51,1021824239658751852
5.4295506,228.05,1022281327584443524
4.5765247,97.18,1022436649462449615
4.479873,88.22,1022547422550709450
5.1458964,171.73,1023653293227220013
3.8040347,44.88,1023737341189572022
3.7942958,44.45,1023756917488430706
3.8352704,46.31,1023856491690588571
3.835114,46.3,1023870973169906421
4.6358547,103.12,1023876112547473893
6.8250775,920.65,1023919741707217118
3.4527876,31.59,1024020907915969472
4.245979,69.82,1024322838827390381
3.8687541,47.88,1024404553505671712
3.9549358,52.19,1024420161079950847
4.008945,55.09,1024447057599472650
4.7560887,116.29,1024447164015736723
4.1937246,66.27,1024572481144108436
5.582436,265.72,1024616258524473853
5.5077443,246.59,1025073455602272540
3.9774902,53.38,1025115650646048044
5.8845654,359.45,1025121539292193251
3.9945006,54.3,1025123788671924367
4.307889,74.28,1025130944003264767
3.7538629,42.69,1025155040401963713
4.888962,132.82,1025227738013765234
5.468978,237.22,1025293273343433376
4.9417734,140.02,1025293498764840215
5.0016284,148.66,1034543680473174478
4.8710055,130.45,1025293596938674600
4.9888067,146.76,1025293696669090383
3.975621,53.28,1025791137563587003
3.9767761,53.34,1025857182648034071
3.955368,52.21,1025868213216973842
3.8465912,46.83,1025876938813253566
4.1309633,62.24,1025900104678838068
3.950287,51.95,1025949766556887137
7.358251,1569.09,1025978182962418223
5.578457,264.66,1025981229888939036
3.9229507,50.55,1026015535537296805
3.850589,47.02,1026015667524519291
3.8202617,45.62,1026022189385726802
4.0665174,58.35,1026026253065039936
3.9480717,51.84,1026027652383741620
5.0463414,155.45,1026040226893426217
3.887147,48.77,1026045466068948387
3.9494896,51.91,1026060833221832627
3.9549243,52.19,1026069043515335239
3.968341,52.9,1026076049783824005
5.9081235,368.01,1026182873241923154
5.820131,337.02,1026596303451962669
3.8709652,47.99,1026651384198184741
3.8132663,45.3,1026659005382414221
5.84698,346.19,1026673971311302976
3.8135667,45.31,1026725566277953678
4.611365,100.62,1026785632930992619
5.457544,234.52,1026856731346737455
4.5530906,94.93,1027247146473396083
4.6998754,109.93,1027571829045048978
4.4391403,84.7,1027579726403649011
4.707963,110.83,1027587071706666317
4.730237,113.32,1027590782480464302
4.7446184,114.96,1027614513771808508
4.345394,77.12,1028207998658037711
4.670628,106.76,1028536776764586122
3.8114097,45.21,1028779137062955865
3.8350132,46.29,1028807576644723657
5.948509,383.18,1028844467519989388
4.527589,92.54,1028992661678746574
5.6258826,277.52,1029471299072518435
5.80952,333.46,1029585644921975198
5.6773705,292.18,1029589636351309343
5.3587475,212.46,1029597147217881406
5.247221,190.04,1029625521181206402
5.279873,196.34,1029652538591443235
4.213285,67.58,1030222775334684443
5.6578016,286.52,1030249324389196228
4.046728,57.21,1030250835638604037
5.213527,183.74,1030403433879426917
5.8744373,355.82,1030946493379843758
7.0910907,1201.22,1030957373687670024
6.9104314,1002.68,1030957374178131184
7.0910907,1201.22,1030957494468425660
7.0910907,1201.22,1030957497461384786
5.4408364,230.64,1031090273457902623
5.8003926,330.43,1031700077453018454
4.011462,55.23,1031740587381772460
3.5033035,33.23,1031753108034871925
5.1653404,175.1,1034019391821811936
4.100768,60.39,1034548524106779041
5.001804,148.68,1034608568833346349
5.405236,222.57,1034716796350873200
4.695056,109.4,1034746838752412479
4.9558997,142.01,1034757090174704830
4.6683946,106.53,1034760800510096568
4.516915,91.55,1034817952430913004
3.828164,45.98,1035219443934728655
5.3110566,202.56,1035331707234082533
4.8521295,128.01,1035531274898358053
5.7124577,302.61,1035599166182295011
5.3992248,221.23,1036038383083716949
6.3135962,552.03,1036041660180973519
6.5684943,712.3,1036047598301721472
6.5684943,712.3,1036047706666446869
6.5684943,712.3,1036047721157683553
6.5684943,712.3,1036047824208208790
5.5323024,252.73,1036182290225317559
4.4461265,85.3,1036195058451708013
4.2866707,72.72,1036870133820521808
5.596323,269.43,1036935367643427485
4.5064874,90.6,1037373599568082613
4.5669503,96.25,1037381812272983861
5.6279683,278.1,1038253539642153955
5.1752524,176.84,1038324409538834390
4.6948557,109.38,1038910530516812963
5.7623253,318.09,1038992051337459481
3.9235282,50.58,1039092120178679630
5.424826,226.97,1039149922756990237
7.8500857,2565.95,1039180509338421359
3.7808855,43.85,1039625454823149771
3.708034,40.77,1039791447753551028
5.3223085,204.86,1039838146786499211
5.157725,173.77,1039877026253581298
3.8511384,47.05,1039888280672757879
3.7635915,43.1,1039904781892147431
7.1072407,1220.77,1039906619894271821
3.8751533,48.19,1041016512001375091
3.74648,42.37,1041238283601706213
4.9683237,143.79,1041321632143860839
5.4675155,236.87,1041390189672608490
5.7379603,310.43,1041417555764592767
5.459312,234.94,1041795728778235309
5.5081725,246.7,1041850782586171306
4.4345355,84.31,1041865893909416856
5.8435073,344.99,1042002618810922779
4.226029,68.44,1042693537223708094
3.794893,44.47,1043962660132365659
6.0427594,421.05,1043980484757862393
3.6486244,38.42,1044007225494643188
5.164363,174.93,1044047228278493890
6.888666,981.09,1044066261066890202
5.444103,231.39,1044122774475915783
3.9161623,50.21,1044146079790567382
3.8924322,49.03,1044163034808072365
6.146515,467.09,1044315565613783402
3.9345775,51.14,1044358609238859599
3.412085,30.33,1044367309661558944
4.119508,61.53,1044646082136958347
4.078398,59.05,1044647968840757001
4.00897,55.09,1044649037256453176
5.736922,310.11,1044685620545813821
5.836338,342.52,1044882609098734742
3.310192,27.39,1044900099881804405
3.5195372,33.77,1044923221931377164
5.48285,240.53,1044942014453863903
5.168218,175.6,1044943466524448582
6.3177514,554.33,1045093479700785292
6.0703034,432.81,1045402594904083851
4.8615875,129.23,1045473737158480598
5.258829,192.26,1045479945487285016
5.8201685,337.03,1045643308119685183
4.0214577,55.78,1045733630040708484
5.525818,251.09,1046349023651123519
4.803755,121.97,1046573276402635539
5.268439,194.11,1046854952628031055
5.1967897,180.69,1046940680510992725
4.568919,96.44,1047018623757507504
6.01928,411.28,1047209545876615704
3.1744256,23.91,1047508223336897729
4.4670625,87.1,1047572074094324015
5.1228857,167.82,1047743837616037456
5.2042723,182.05,1047885598949141390
5.4461017,231.85,1048260463887841093
5.8022633,331.05,1048265604717547798
3.6333654,37.84,1048351721190153856
4.059112,57.92,1048575183915957121
5.3028064,200.9,1049039217591150444
4.964106,143.18,1049070261503883016
5.3267303,205.76,1049100781015641419
4.9359674,139.21,1049138291389691201
5.2257333,186.0,1049162666259906087
4.6268697,102.19,1049163782978393602
5.174954,176.79,1049174696674816003
4.674372,107.17,1049340491207952948
7.433937,1692.46,1049796210745190323
4.7477436,115.32,1049987811643921017
4.5191345,91.76,1050046422476969867
4.429644,83.9,1050065286495777248
3.4308817,30.9,1050615478852382771
3.536061,34.33,1050628012596083565
3.5671782,35.42,1050637339120980897
3.6685889,39.2,1050644510498976632
5.302133,200.76,1050680262149421518
3.8484368,46.92,1050687635116768865
5.6071057,272.35,1050831336708720501
5.193284,180.06,1050909673784495200
7.5138927,1833.34,1051338207146039925
4.82534,124.63,1051342393367885779
5.127684,168.63,1051381939510840597
5.493991,243.23,1051389055033236390
4.2516975,70.22,1051450743136618070
3.706984,40.73,1051580451768373735
3.6220257,37.41,1051583947135127494
4.538482,93.55,1051982254824308738
5.452409,233.32,1052059237727382593
4.794393,120.83,1052151733272384580
5.3664355,214.1,1052234471680498926
4.98466,146.15,1052240263726352514
6.642853,767.28,1052343534252082090
4.5679054,96.34,1052539043727336359
5.0403233,154.52,1052761970191046037
5.9061832,367.3,1052868199761505011
5.110327,165.72,1052895543698364056
4.7711763,118.06,1053346376392724291
4.2817445,72.37,1054157107009198461
4.373832,79.35,1054302451504926884
4.0309005,56.31,1054574437240428640
5.660051,287.16,1055083462740180333
4.8095946,122.68,1055745294487651453
3.9652011,52.73,1055943481730302194
4.2840233,72.53,1056349547639371013
5.091009,162.55,1056439652324404305
4.5122633,91.13,1056439878971682996
5.177684,177.27,1056549571210903203
3.6606755,38.89,1056565111130645896
4.7721086,118.17,1057091347062485757
4.2400947,69.41,1057777056867419667
5.0040045,149.01,1057815094877292379
4.0177317,55.57,1059864235815748329
5.9610214,388.01,1060045997691420702
4.776375,118.67,1060185434098925638
5.2332587,187.4,1060275018153064999
5.8453536,345.62,1060422657871604333
5.786668,325.93,1060455657445139058
5.450358,232.84,1060616119496133117
5.2253017,185.92,1060737326838100297
4.401765,81.59,1060745039438068628
3.4742749,32.27,1060987254938337270
5.4042645,222.35,1061489678596771417
5.448755,232.47,1061490653718744976
5.827108,339.38,1061564789392372524
5.7840505,325.07,1061570890253488479
5.62582,277.5,1063517232449382303
4.931209,138.55,1063520957037604252
4.5211577,91.94,1063865744557247641
3.5700235,35.52,1064254263788633705
4.23904,69.34,1064283065914033088
5.6980376,298.28,1064300075953350279
3.884996,48.67,1064768470218287415
4.7545395,116.11,1064883477318214120
6.2406015,513.17,1065155242248589457
4.447549,85.42,1065348408187271377
5.914243,370.27,1065751573868396394
5.109662,165.61,1066457291814708328
4.8251424,124.6,1066544293473222955
4.782708,119.43,1066691304930802885
4.674169,107.14,1066739276519704477
5.0952163,163.24,1067249106190955676
4.4226913,83.32,1067330713187856300
4.5886226,98.36,1068073619903406777
5.431796,228.56,1068800522321911246
4.6973524,109.66,1068940426979024567
4.581574,97.67,1069421828421936909
5.565852,261.35,1069643013409765982
3.8452451,46.77,1069707303634673151
5.3072853,201.8,1069767464415400271
3.778754,43.76,1069780513292619496
5.926433,374.82,1069793026837903600
4.816554,123.54,1070065447521875184
5.7003374,298.97,1070080386415027218
3.7613358,43.01,1070085520257237602
5.3731933,215.55,1070092845980222899
4.374194,79.38,1070112674418632936
5.7988524,329.92,1070136699102954479
4.9819307,145.76,1070159399888598036
5.2941394,199.17,1070171778669192940
5.3037815,201.1,1070256814713382946
5.0482545,155.75,1070293913326200685
5.3266296,205.74,1070395124905304249
5.8403816,343.91,1070622249649813826
5.7190747,304.62,1070889680442532829
5.358447,212.39,1070890182797598138
5.7283077,307.45,1070890523807058941
5.656369,286.11,1070891017719675367
5.7503357,314.3,1070891435325502970
5.4255733,227.14,1070891860365064409
5.7872887,326.13,1070892332101094594
5.688204,295.36,1070913119630846907
5.041093,154.64,1070960528427098280
5.486727,241.47,1070985918114617655
2.2466512,9.46,1070987495615812029
2.2312753,9.31,1070996015283010717
2.2858317,9.83,1070997631243183268
4.9724,144.37,1071001307375160538
5.1678095,175.53,1071007929922201209
5.0223956,151.77,1071075880304040574
5.848738,346.8,1071188666823259019
4.320872,75.25,1071711865667463671
4.160926,64.13,1071767665433870526
4.8132644,123.13,1072227406582783017
5.447902,232.27,1072248835539992927
4.348271,77.34,1072270900074870111
5.4070764,222.98,1072281084998663025
5.4919224,242.72,1072292018276206558
4.887594,132.63,1072415791832841104
5.1359353,170.02,1072449028443608133
5.5212274,249.94,1073025083730518612
4.551469,94.77,1073877449484162853
3.3320544,28.0,1073970649204734614
4.2342176,69.01,1074430978662009034
5.0705233,159.26,1074555574398041083
5.5109587,247.39,1074571112677456507
4.298797,73.61,1074605785601892707
6.1392603,463.71,1074673099673133534
3.4674447,32.05,1074715899581051896
6.083424,438.53,1074780198989136153
3.7045748,40.63,1074799267653153374
5.83673,342.66,1075085541688613129
4.494762,89.55,1075107536618426652
5.084519,161.5,1075120342243736497
4.9460187,140.61,1075125804071942667
4.445363,85.23,1075128150611067337
5.0184803,151.18,1075134452308140004
4.9174695,136.66,1075241812925722852
7.0285897,1128.44,1075474165421800798
4.4725924,87.58,1075908329394174474
5.378631,216.73,1075908913530459437
5.035439,153.77,1075918981611457806
4.8234134,124.39,1075923625526585022
5.019504,151.34,1075925896005679821
4.9835186,145.99,1075984301428080725
4.8252144,124.61,1076065248230537766
5.4479938,232.29,1076150349177777166
5.5550847,258.55,1076583757293068410
4.2909794,73.04,1076614761381883651
4.870985,130.45,1076650473211306910
4.8113303,122.9,1076692068158914979
5.5622315,260.4,1076791974082301244
6.0287485,415.2,1076929093269176768
5.7479205,313.54,1076941782430889960
5.4987907,244.4,1076949569323318103
6.1290283,458.99,1076958540908343821
5.640817,281.69,1076963707691806342
5.834549,341.91,1076969814221275430
5.4654484,236.38,1076975838222905988
6.0473657,423.0,1076980882364015689
5.1197643,167.3,1077355843985967803
5.085735,161.7,1077368361711456327
3.6164687,37.21,1078038608969264076
4.732362,113.56,1078046629039271664
5.3419023,208.91,1079005887136672505
4.7434926,114.83,1079019395393962803
5.965208,389.63,1079486266176781851
5.356069,211.89,1079590689244119351
4.735839,113.96,1079592152307767774
3.6307366,37.74,1079593481847298369
3.6504822,38.49,1079735528454498215
6.593618,730.42,1079751623482324470
3.6326451,37.81,1079778830461635295
5.601192,270.75,1080278831549634694
5.5712047,262.75,1080279809815281378
5.6026397,271.14,1080280692622660489
5.8681207,353.58,1080281515613085322
5.870999,354.6,1080282345390053374
5.6378565,280.86,1080283205956043938
5.8667316,353.09,1080291292364022823
5.8417625,344.39,1080292070412028990
5.749751,314.11,1080292980100422235
5.7193274,304.7,1080293888104125452
5.3055797,201.46,1080298619362935294
3.7923462,44.36,1080399638462573290
3.672888,39.37,1080414885401148262
3.6926277,40.15,1080425703149820668
5.149856,172.41,1081012326072502840
5.4448924,231.57,1081035174036565955
5.02608,152.33,1081094292788153065
3.700581,40.47,1081106888283937930
5.0364146,153.92,1081133484772812904
5.006591,149.39,1081137772423690426
5.668042,289.47,1081378526674728187
5.3665295,214.12,1081636422329640990
5.651641,284.76,1081643973089542400
5.499744,244.63,1081648194428439621
5.250687,190.7,1081704939148371732
5.7768893,322.75,1081711831563819087
5.687656,295.2,1081718919763195355
4.2793474,72.19,1081772784530545937
4.9489675,141.03,1081775464360119047
5.718233,304.37,1081786469505954609
5.148524,172.18,1081819568635354335
4.9865565,146.43,1081840762396110016
5.000524,148.49,1082464828181989201
5.05862,157.37,1082506444626394701
4.9649367,143.3,1082511099345978996
5.5820556,265.62,1082524600890285434
5.4875135,241.66,1082528473733579315
5.4114017,223.95,1082563483510994342
5.4770637,239.14,1082565952840543514
5.744157,312.36,1082567547970811495
3.4667184,32.03,1082669617270460286
5.458435,234.73,1084031340481539740
5.4548707,233.89,1084560357947897514
5.258056,192.11,1084678496852573647
4.8929396,133.34,1084753075262885734
5.831461,340.86,1085299344012239760
3.895377,49.17,1085986416746928450
5.215761,184.15,1086018140861723540
5.6846695,294.32,1086031165340070162
4.826931,124.83,1086031486385200943
4.9940968,147.54,1086036315687340683
4.985518,146.28,1086039450004234057
5.09806,163.7,1086050149495318911
5.0918336,162.69,1086061834818753479
5.2594132,192.37,1086071810074722847
3.7195907,41.25,1086150808415207259
3.6859934,39.88,1086192884924592360
5.5616875,260.26,1086196636412105174
3.678192,39.57,1086385318652132563
5.8647475,352.39,1086789359949614826
3.8390326,46.48,1086790833058453898
5.6475196,283.59,1086956052075736984
3.64382,38.24,1087094536666422542
5.460553,235.23,1087391010130929875
5.174266,176.67,1087460735421458143
5.1352773,169.91,1087467700591929743
5.294888,199.32,1087560583828298230
4.659868,105.62,1087641542324794206
5.4390497,230.22,1088231871047414625
3.5876403,36.15,1088374657631325368
4.2080235,67.22,1088865431947553901
5.551091,257.52,1088965887935366226
5.531675,252.57,1089379116372474042
4.385442,80.27,1089658748825563275
4.980849,145.6,1089668694499898095
4.9691715,143.91,1089723397271199923
5.026569,152.41,1089755299670024988
5.081099,160.95,1089786146033900152
4.944965,140.47,1089821938835377202
4.174739,65.02,1089883501403426499
4.4190865,83.02,1090207232171199074
5.693601,296.96,1090367302249247199
4.5341444,93.14,1090421731181317201
4.8633695,129.46,1090454088287810023
4.167986,64.59,1090473019444518825
5.1578035,173.78,1090504632655121184
5.621083,276.19,1091128222209811355
5.55248,257.88,1091169236240766560
5.6331334,279.54,1091256132686806262
4.301464,73.81,1091303179668406198
5.5645,260.99,1091849156695870502
4.8481627,127.51,1092003917152256085
5.4062996,222.81,1092450318366620031
4.5532823,94.94,1092468897514023518
5.2515197,190.86,1092860320659023610
4.659442,105.58,1094292493588883884
4.829495,125.15,1094327771459602823
5.170406,175.99,1094328441455691960
5.1663857,175.28,1094333112368920140
5.4035397,222.19,1094704106792659222
4.970762,144.14,1094841339683347744
4.7961226,121.04,1094904602026909192
4.6960063,109.51,1094910430783596202
5.230547,186.89,1095017781026811098
4.5867424,98.17,1095373741086520136
4.089881,59.73,1095455545458369255
4.0081844,55.05,1095576649835054148
4.269878,71.51,1095674273593862198
5.6666822,289.07,1095696986148498776
4.665877,106.26,1096087211942259427
5.5205593,249.77,1096110417333546853
4.0495534,57.37,1096125310255608510
5.2042403,182.04,1096204616038822606
5.9836507,396.89,1096308508319443491
4.217694,67.88,1096387700944427742
4.5565033,95.25,1096463031338581161
3.5554874,35.0,1096878337155942856
5.232855,187.33,1096969555168929837
5.7891273,326.73,1096978613250720149
4.7955155,120.97,1096978895898266430
5.334876,207.45,1096985616892465590
4.2654347,71.2,1097002486684048316
5.0468154,155.53,1097034495651279471
5.275707,195.53,1097201488289769785
5.9944205,401.18,1097558294998209760
5.562291,260.42,1097640380457177570
5.4108863,223.83,1097640533209504754
4.8291597,125.11,1097650810578042890
4.8561096,128.52,1097775408568743552
5.520438,249.74,1097818092169833619
4.502969,90.28,1097851064724260043
5.6709747,290.32,1098261599708534960
3.6823964,39.74,1098396528044878815
4.3309793,76.02,1098459128588057580
5.386179,218.37,1099341160218177143
4.1077266,60.81,1099393249813290008
6.136469,462.42,1099721412168905834
5.893298,362.6,1099748272553853855
4.847908,127.47,1099795085328693799
2.9004464,18.18,1099834514335465888
5.7266645,306.94,1099870287507230742
4.800338,121.55,1099900916462242702
4.5458655,94.24,1099901686663700002
6.282348,535.04,1100017067608924440
5.430171,228.19,1100259048686597204
5.579885,265.04,1100532721091656032
4.876377,131.15,1100595695687268131
5.407034,222.97,1100798801123101404
4.5029054,90.28,1101263453451877404
5.5549946,258.53,1101273888698312639
4.2521687,70.26,1101295893625507103
4.295953,73.4,1101390631746165789
5.7048917,300.33,1101562774911343534
7.336128,1534.76,1101671063560980163
5.7773237,322.89,1101911440960748416
6.2159677,500.68,1101939593816860550
3.7507725,42.55,1101955619868903049
4.293145,73.2,1101973517766559184
6.047244,422.95,1101992524286265640
3.8066165,45.0,1102008364541645515
5.5252647,250.95,1102013174567039995
4.9020433,134.56,1102048018039089077
5.041164,154.65,1102196110296420031
4.140123,62.81,1102727489000712614
4.624332,101.93,1102732501623143171
4.8284388,125.02,1102748473872635823
4.736302,114.01,1102799905090877003
4.343483,76.98,1102809654815716560
5.512216,247.7,1102991835222944986
5.772809,321.44,1103565769428992702
5.7609825,317.66,1103576850253594894
5.7566767,316.3,1103582175098090035
5.633093,279.53,1103658089575267102
5.820312,337.08,1103660733946150258
5.8843927,359.38,1103664004314931840
5.8141527,335.01,1103666823336646671
5.8509316,347.56,1103669742644984561
5.8446,345.36,1103676182837420686
5.613893,274.21,1103679357083829757
5.5353255,253.49,1103684547110245034
5.5288157,251.85,1103687462840333473
5.7671824,319.64,1103689577629087625
5.581821,265.55,1103692775408097300
5.8048406,331.9,1103695536390726347
5.67513,291.53,1103699784303552359
5.4457674,231.78,1103699957844764838
5.315806,203.53,1103702437780029464
5.8105626,333.81,1103704412322820263
5.6309695,278.93,1103707033165583062
5.80491,331.93,1103709043444879197
4.3819966,80.0,1104129919140530176
4.357727,78.08,1104155129189098833
4.209578,67.33,1104259230276857498
5.246275,189.86,1104826360145668489
5.8216596,337.53,1105017980387730600
4.343218,76.95,1105069678933273660
5.322041,204.8,1105566118777432500
5.5919924,268.27,1105608754093837987
4.6565046,105.27,1105799356904963356
4.5248523,92.28,1106336715762233784
4.2208896,68.09,1106427229301558820
5.5040812,245.69,1106465181699088862
3.81784,45.51,1106471402954874904
3.87533,48.2,1106488795949538491
5.409559,223.53,1106505420069310568
4.242944,69.61,1107065762535822382
5.398124,220.99,1107308569017769602
5.4045434,222.41,1107313793806004277
5.383502,217.78,1107317115046981407
5.3957844,220.48,1107335226630919065
5.532929,252.88,1107337700659184688
5.5511622,257.54,1107339962296140987
5.208159,182.76,1107746109545051898
4.742165,114.68,1107897509550826957
3.5513523,34.86,1108007912653916862
4.805162,122.14,1108153097338524610
4.207016,67.16,1108719145744632954
5.7752357,322.22,1108733077769179453
7.278338,1448.58,1108938946420909025
4.190308,66.04,1109430515495210343
5.00546,149.23,1109944600616608589
5.116205,166.7,1110137101224393557
4.1357245,62.53,1110209832853618008
3.4825099,32.54,1110210695570190116
5.586018,266.67,1110647383029108808
4.0178595,55.58,1110690994489265150
5.5519714,257.75,1110775765657684157
4.8081474,122.5,1111293516966300387
5.1888103,179.26,1111408737083689236
5.3135023,203.06,1111505105873726216
4.7161818,111.74,1111535485167377414
4.5177827,91.63,1111589516533435987
4.405975,81.94,1111589664087249721
4.599213,99.41,1111589707381496806
5.7876825,326.26,1111657524553749320
6.0177217,410.64,1112020751881882887
5.444934,231.58,1112035175395440903
5.134362,169.76,1112046118141436539
5.9430695,381.1,1112047199192689492
5.6961064,297.71,1112083488339022495
4.4341545,84.28,1112252828036864581
4.493303,89.42,1112253001060078259
4.3785133,79.72,1112253173460393387
4.435807,84.42,1112261300156067329
4.3861146,80.33,1112261306497140132
4.4761596,87.9,1112272545596994427
4.4182944,82.95,1112272564247598601
4.470288,87.38,1112272654038447421
4.612301,100.72,1112286168156811958
4.626319,102.14,1112286173376136645
4.6449323,104.06,1112286175238310052
4.621929,101.69,1112286273968200273
5.7645288,318.79,1112294745986822517
5.192587,179.93,1112749211319877439
5.4292126,227.97,1112883281003569093
4.9780645,145.19,1112890415860644617
4.0926113,59.9,1112944618360244201
3.9343696,51.13,1112950737755833714
4.7218966,112.38,1112961353569880795
3.982958,53.68,1113009460997305948
3.3001144,27.12,1113776872857743052
3.653735,38.62,1113791157225251784
3.6653683,39.07,1113806424813851891
3.464743,31.97,1113864866702648644
3.7480814,42.44,1113868859620325150
3.6138809,37.11,1113872643390420518
3.520796,33.81,1113875197187704483
4.7586226,116.59,1114340745881346021
4.003156,54.77,1114433767275566613
5.363519,213.47,1114535229281068065
3.6705816,39.27,1114614553016032272
5.359942,212.71,1114635850540973025
4.2796535,72.22,1114991537896601434
5.247179,190.03,1115093293643922233
5.128987,168.85,1115211496212008361
4.969909,144.01,1115223877180485828
5.5975056,269.75,1115304106170088367
5.705646,300.56,1115690065090507820
3.85127,47.05,1115816106705808750
5.86121,351.15,1115846355078542068
5.952877,384.86,1116002947007399192
5.2942157,199.18,1116441890063435973
5.344769,209.51,1116461632180718154
5.49243,242.85,1116530629861248933
3.8483682,46.92,1116586357478865082
5.9571657,386.51,1117105865284699328
5.489325,242.09,1117256445719907637
3.8965516,49.23,1117317714285871507
3.774681,43.58,1117325602789781953
4.148338,63.33,1117558212803096881
5.575248,263.81,1117561076128765095
5.762199,318.05,1117853472032877484
5.7633085,318.4,1117870468049269184
3.4643137,31.95,1117906729276829534
5.4067287,222.9,1117992285527802259
5.6090307,272.88,1117997194033662085
5.8866053,360.18,1118014954762604260
5.6529016,285.12,1118031013798009760
5.6373963,280.73,1118050701862951281
5.160182,174.2,1119293730710917108
3.4210346,30.6,1119374742534310472
4.9239173,137.54,1119486513247730727
5.8021297,331.0,1119566349245457667
5.372331,215.36,1119644407620781659
5.3976617,220.89,1119722188673282521
5.4289913,227.92,1119728144460631399
5.4468737,232.03,1120246413792546112
5.253785,191.29,1120771371243360273
5.1733136,176.5,1120791125729506189
4.949384,141.09,1120897830824568921
6.073268,434.1,1120911441618100743
5.855291,349.08,1120919795546896566
5.5141006,248.17,1120928859797530137
4.9850507,146.21,1120935402579099792
5.3467417,209.92,1120962733649439908
5.3908567,219.39,1121014874140929628
5.380974,217.23,1121475986100360045
4.7182536,111.97,1121596268916414275
5.5651636,261.17,1121602208095814970
4.4396644,84.75,1121602345668554110
4.6151104,101.0,1121637693264701729
5.2719846,194.8,1121646333340353852
5.253963,191.32,1121662054327222102
4.8596506,128.98,1121667375545564569
6.1987205,492.12,1121686265259402118
5.1028852,164.5,1121698382864183052
4.4671664,87.11,1121714028062316053
3.7208774,41.3,1121948024780676791
5.00782,149.58,1122163637569360977
4.8422103,126.75,1122241692171420282
3.5376313,34.39,1122284488628445995
5.5813327,265.43,1122319313994509693
5.4633946,235.9,1122389258971072701
5.6307936,278.88,1122396477498667295
5.1975865,180.84,1122401128137466309
5.16596,175.21,1122405002770384749
6.051761,424.86,1122445401460653566
4.7453537,115.05,1122455509306424632
5.502441,245.29,1122581613487602330
4.6093254,100.42,1122612003291314327
4.925811,137.8,1122967180868199552
4.074416,58.82,1123002666042814630
4.277684,72.07,1123059622054575641
4.586152,98.12,1123293880228616603
5.056706,157.07,1123697910199765642
5.4450994,231.62,1124719686852446488
4.0662127,58.34,1125183143004218579
5.736905,310.1,1125269276064219428
5.440685,230.6,1125371114535424330
5.457141,234.43,1125499106752523041
4.586913,98.19,1125512447589901042
5.276529,195.69,1125549774682075122
5.268972,194.22,1125795606850997346
3.330874,27.96,1125887691696444397
4.397867,81.28,1126051048250852401
5.3340163,207.27,1126505341820380133
3.8506148,47.02,1126564597015077733
4.021964,55.81,1126587041084161299
5.219699,184.88,1126597168338373271
4.64798,104.37,1126607415844736806
5.2769103,195.76,1126613779447054663
4.316487,74.92,1126614464539789453
4.7191806,112.08,1126621364977246187
4.893819,133.46,1126628111661955277
5.8454742,345.67,1126651727656366737
5.7735972,321.69,1126652198831111656
5.868555,353.74,1126652732077041508
4.019993,55.7,1126954205151761509
6.004889,405.41,1127262119792865974
5.2643275,193.32,1127268250434456820
3.9915633,54.14,1127345809803113130
5.9384627,379.35,1127404503506570132
5.3638954,213.56,1127467824016941933
5.206509,182.46,1128523016384843228
5.15194,172.77,1128538289923289526
5.4993005,244.52,1128707908793915978
5.1334467,169.6,1128788808393917668
5.275887,195.56,1129516708696524193
4.4866734,88.83,1129523818943346945
5.4203486,225.96,1129528331657569438
3.4858842,32.65,1129700146586139406
4.3262005,75.66,1129732380816905645
3.8146017,45.36,1129776442884443661
3.9963436,54.4,1129782733738808795
4.7969117,121.14,1130193162928975973
6.107101,449.04,1130242781601206098
3.833502,46.22,1130362627787334188
4.2861485,72.69,1130366109704547854
4.172168,64.86,1130922212538579395
5.392768,219.81,1130972593917618398
4.1655164,64.43,1130980947602614852
4.962776,142.99,1131066446759448435
4.3630276,78.49,1131108754275087432
5.765806,319.2,1131145977246090252
5.663298,288.1,1131201940965146315
5.581754,265.54,1131228137515134199
5.346219,209.81,1131233938662298483
5.3675585,214.34,1131441952927307456
3.886353,48.73,1131817430120833094
3.0007796,20.1,1131848141076406172
4.5110574,91.02,1132029285436080579
5.8264837,339.16,1132389288132778403
6.1439548,465.89,1132411238146830398
6.402162,603.15,1132418095271972259
6.5023584,666.71,1132419809100447121
6.089922,441.39,1132423521723329185
5.861192,351.14,1132425590222475634
5.3752623,216.0,1132517918360661569
5.365151,213.82,1132517984513447548
5.365151,213.82,1132518255367066316
5.365151,213.82,1132518685681805280
4.5606847,95.65,1132607435121530226
5.481558,240.22,1132627681279726720
5.3200073,204.39,1132640033786298552
7.3644223,1578.8,1133018872991156287
5.954997,385.68,1133124820229510790
4.5687857,96.43,1133174093165121404
4.726817,112.94,1133184934071723245
4.425967,83.59,1133197561598618557
4.6120033,100.69,1133198087085466666
4.45127,85.74,1133214555724912900
4.5809965,97.61,1133406692220123867
6.1240864,456.73,1133458657707865232
5.397748,220.91,1133668845146798255
5.15936,174.05,1133980016774702249
3.715074,41.06,1134694029362015484
5.913971,370.17,1134752550892427499
4.587261,98.23,1134808233750226936
5.5970716,269.64,1135216684465108261
3.927349,50.77,1135338692014876409
4.6236486,101.87,1135357558243405460
5.4566174,234.3,1135373890489610895
5.9021244,365.81,1135378509709911508
4.551976,94.82,1135381424969808283
4.5136476,91.25,1135381639731805917
3.7829046,43.94,1135400651461158284
4.3932705,80.9,1135466751243960917
6.465288,642.45,1135639694909966915
6.4143715,610.56,1135645717564899800
4.9258842,137.81,1135982179027911913
5.0827723,161.22,1136013657305314300
3.5972548,36.5,1147777120783883201
4.4200664,83.1,1136153064853180727
4.6069245,100.18,1136177374708111387
5.485373,241.14,1136200630506150930
3.679892,39.64,1136214413654853295
5.347403,210.06,1136240351335249637
4.3595815,78.22,1136272823166885025
3.7998996,44.7,1136699993463873349
5.805956,332.27,1136700982994222706
4.8922677,133.26,1136819375101353352
4.4920754,89.31,1136876641370827618
4.536319,93.35,1136878249468205064
5.7694845,320.37,1136956165361219739
4.2387624,69.32,1137076371103931229
4.8385897,126.29,1137378841402238206
5.014324,150.55,1137661380827781745
5.0889482,162.22,1137667416344667887
6.29624,542.53,1137671739727570101
5.551154,257.53,1137750037151318432
5.1850605,178.58,1138121760895032814
4.3244185,75.52,1138289049191881009
6.369845,583.97,1138343879289843751
4.7994943,121.45,1140004695396245290
3.7249613,41.47,1140044534770049158
4.604888,99.97,1140457205424735008
3.898333,49.32,1140492022634699265
4.183316,65.58,1140500195672273646
3.235432,25.42,1140573181321433607
4.744305,114.93,1140592134080889747
3.2392833,25.52,1140598451483909612
4.572558,96.79,1141021073216683107
5.6937013,296.99,1141198953006148843
3.6258848,37.56,1141223289595470950
3.2814598,26.61,1141266105589851766
4.633077,102.83,1141326345432570951
3.8970788,49.26,1141747987922235643
4.85258,128.07,1141750349310501924
4.8629484,129.41,1141774933301616037
4.664358,106.1,1141797493835692559
5.433145,228.87,1141813398719785274
4.7983027,121.3,1141863396941462856
4.1387453,62.72,1141926721116888601
3.4807117,32.48,1141962522141519378
6.0554805,426.44,1142043034863950894
5.7806787,323.98,1142211734517969065
5.066765,158.66,1142476090201393625
5.029816,152.9,1142485100279703723
5.127333,168.57,1142498514598410751
5.123602,167.94,1142534186309777804
4.237705,69.25,1142547976144643381
4.459113,86.41,1142567755780101977
4.194428,66.32,1142705725424858444
6.7249346,832.92,1144125161433537567
3.7834027,43.97,1144744747297789570
4.070753,58.6,1144777328910291691
6.355089,575.41,1145049884970863310
6.109469,450.1,1145481008786845097
4.57293,96.83,1145606944609688501
5.0430217,154.94,1145810180125514289
5.0743113,159.86,1145849359755110771
5.377646,216.51,1146204722916952190
4.213294,67.58,1146337024618602998
5.0008297,148.54,1146574777659150274
4.7613235,116.9,1146894106484063876
3.5003793,33.13,1147010495167920227
5.204572,182.1,1147527725945110675
5.2236114,185.6,1147581517048466057
4.1891637,65.97,1147599762270863390
5.570706,262.62,1147765505964672167
4.684131,108.22,1147792776670099185
3.4916346,32.84,1147920392553535131
5.1540504,173.13,1148475343651410445
5.8530116,348.28,1148536168609533155
4.155946,63.81,1149910395662459301
4.195593,66.39,1150481251048203259
4.313948,74.73,1150486136980468501
7.4542212,1727.14,1150686705476054239
5.308538,202.05,1150689290527843746
4.4621,86.67,1150715453744599066
4.531296,92.88,1151255856978052922
5.9964213,401.99,1151257659108707273
4.6550293,105.11,1151262728047769085
4.8529153,128.11,1151361640126633361
3.9570098,52.3,1151374371928376099
4.6981196,109.74,1151413677044362904
3.6313243,37.76,1151454630222672721
4.84729,127.39,1151561249503497707
5.395051,220.31,1151860995156753171
4.6653943,106.21,1151922581579167733
4.682264,108.01,1151923660408859399
4.6226854,101.77,1151974949371597091
4.6493073,104.51,1152059269115526631
7.436179,1696.26,1152143225626013981
4.587211,98.22,1152166619643721242
4.665095,106.18,1152168457440654999
6.1598277,473.35,1152261799025687346
5.678465,292.5,1152267888622940604
5.2861314,197.58,1152270794244028064
5.759789,317.28,1152273389128737441
5.2807465,196.52,1152603049035461337
4.9574246,142.23,1152636842978651340
4.1375213,62.65,1152662290603838921
5.4323626,228.69,1152724920113615206
4.2789702,72.17,1152726065534773308
3.702423,40.55,1152738636962621742
4.7571754,116.42,1152835078545217577
4.747407,115.28,1152870452935947018
7.3485584,1553.95,1152990115537897501
4.739194,114.34,1153461890530183964
4.7367954,114.07,1153551405694487801
4.7511587,115.72,1153558289337354879
4.766297,117.48,1153607851270445388
4.710659,111.13,1153609240706245772
5.263536,193.16,1154069138922144002
5.412361,224.16,1154725992625293126
5.9508653,384.09,1154733352939699455
4.1906238,66.06,1154879188505627487
3.7255294,41.49,1155102498903204483
5.568269,261.98,1155323593068515782
5.6302276,278.73,1155602902903902829
5.4018426,221.81,1155631633158692615
5.342633,209.06,1155638783010122334
4.733097,113.65,1155725311940415286
4.168688,64.63,1156449573758408004
6.5799356,720.49,1156603131247871474
5.186307,178.81,1157033654900525674
4.091229,59.81,1157148637119358876
8.103928,3307.43,1157205495486273795
6.08776,440.43,1157453487638622893
5.449241,232.58,1157514816865924675
6.0228786,412.77,1157551446348892058
3.991124,54.12,1157625631289523340
4.005329,54.89,1157642085592889935
5.9926424,400.47,1157875388835811635
3.4126904,30.35,1157886482877386334
4.8934755,133.42,1157920067662137443
6.301803,545.55,1157973201240537138
5.287823,197.91,1158328451584798263
4.7881937,120.08,1158400325837720763
4.871512,130.52,1158420058010307342
5.1080565,165.35,1158429415915224084
4.74696,115.23,1158434582420060971
5.146271,171.79,1158437307781634908
5.0001264,148.43,1158440444425595358
5.097749,163.65,1158447742273373150
5.0035124,148.94,1158458047839608836
5.7839394,325.04,1158476660851860608
5.1107793,165.8,1158517285993630043
3.6332054,37.83,1158523272177509105
4.952873,141.58,1158528654850287188
4.9613066,142.78,1158530465054741257
4.87219,130.61,1158532332403322870
3.7240114,41.43,1158607123743792609
5.4144206,224.62,1158627427196384035
3.6764567,39.51,1158768809372748121
3.757255,42.83,1158769351611734513
3.7960544,44.53,1158770334074420869
3.68694,39.92,1158771253400084874
3.7704997,43.4,1158771945006477780
6.070957,433.1,1158840646829349073
5.1958175,180.52,1159230502467194595
4.9269924,137.96,1159357792105606515
3.836195,46.35,1159483103772783368
5.058052,157.28,1159486199678585470
3.9115431,49.98,1159488617772020994
4.121015,61.62,1159496889072157517
5.040124,154.49,1159500244039407524
3.6709843,39.29,1159514659020126924
5.071867,159.47,1159518667986571477
5.070882,159.31,1159895297310670415
5.0877604,162.03,1159905140117826877
5.0565577,157.05,1159918352126014503
5.995896,401.78,1160749755088996784
4.308067,74.3,1160852356501078318
4.738869,114.3,1161098263288275656
4.0183187,55.61,1161259798396785443
5.8236065,338.19,1161350489326842318
3.8737671,48.12,1161407749547830801
3.3658414,28.96,1161423302048497417
5.009044,149.76,1161435689442691812
4.5443535,94.1,1161461069965223990
5.6288395,278.34,1161504631453738664
3.4597208,31.81,1161580890279816443
4.7336473,113.71,1162078913703855789
4.186357,65.78,1162164759536685048
4.4073668,82.05,1162166736589564111
5.4674335,236.85,1162173423165499803
5.5249414,250.87,1162199266045846103
4.658984,105.53,1162434379991638395
7.027864,1127.62,1162471366744341217
5.6374936,280.76,1162738603923086567
5.5407586,254.87,1162780817387664090
5.1168556,166.81,1162812511686761715
4.0197353,55.69,1162870911469040689
5.833524,341.56,1162879762862938075
5.8474407,346.35,1162881825151583766
5.502274,245.25,1162893699111840880
5.141537,170.98,1162921722903792385
3.3188412,27.63,1162982537080460101
5.063216,158.1,1163007442156150539
4.518523,91.7,1163444823393716578
3.731299,41.73,1163531803107193503
5.5504923,257.36,1163534886371114052
4.4588647,86.39,1163546381465516033
4.861128,129.17,1163630040823540549
5.5005646,244.83,1163636760230234166
4.730802,113.39,1163776825614637653
5.759677,317.25,1163836485290983708
4.066911,58.38,1164241796939551162
5.020815,151.53,1164455472555088359
7.3521724,1559.58,1164612327217736264
4.36839,78.92,1165046357255267990
4.280141,72.25,1165111980050273763
4.3181295,75.05,1165449091727294869
3.710356,40.87,1165700417341970484
5.6961102,297.71,1165745800134118595
5.189536,179.39,1165811934796751793
4.242203,69.56,1165845123013833061
4.310086,74.45,1165892452665737615
5.144253,171.44,1166028384815630389
3.8934538,49.08,1166527852276074851
3.7355652,41.91,1166593357178772881
5.0783424,160.51,1166615473878825491
4.183738,65.61,1166704385578544195
4.357998,78.1,1166758563267187175
5.453819,233.65,1167183426722485069
4.5621057,95.78,1167257857434940201
5.1176596,166.94,1167268150627011531
4.4691715,87.28,1167273066708464783
5.6112084,273.47,1167325015489083860
5.8146973,335.19,1167908449760490618
5.244992,189.61,1167926076287194221
5.5356355,253.57,1167929239151208012
4.7287755,113.16,1167946335237375625
4.4557014,86.12,1167975997959967219
4.585319,98.03,1167978312670584417
3.379438,29.35,1168003596312824124
4.258325,70.69,1168086114036557336
4.7996817,121.47,1168130080490944954
4.585509,98.05,1168599251202630812
5.8450127,345.51,1168627934184999597
4.8410068,126.6,1168743950093556754
3.9133854,50.07,1168760836088431969
3.6624246,38.96,1168980470895785613
4.4702005,87.37,1169239678713258041
4.144156,63.06,1169246715476564664
4.4293127,83.87,1169257541608806675
5.1688695,175.72,1169448188590987887
5.2131624,183.67,1169650994261247781
4.7702966,117.95,1169790801861604839
6.558091,704.92,1169994528969621381
4.7710314,118.04,1170224609933226283
3.5629427,35.27,1170225341461158447
3.8922627,49.02,1170348881873073063
4.0746613,58.83,1170371865870983407
3.1742432,23.91,1170747845391402290
3.9441855,51.63,1170853990942722621
4.9902234,146.97,1170931554827840478
4.5104127,90.96,1170935599869557987
6.4192843,613.56,1171151838812482709
5.5260644,251.15,1171585396204913806
4.9026866,134.65,1171655852534680851
3.9122748,50.01,1171692839002546527
3.9123292,50.02,1171708598518553404
3.6977308,40.36,1171729791549585261
4.637059,103.24,1171827440503805847
4.3918343,80.79,1171833289151130879
5.616953,275.05,1171903494474621183
5.7054267,300.49,1171903548460092858
5.691211,296.25,1171903599043418438
5.1994624,181.17,1172209788844551928
5.1236753,167.95,1172227903513309069
5.3310494,206.65,1172244517176197699
5.031322,153.14,1172247977985897860
5.7805657,323.94,1172249971295319430
5.6511893,284.63,1172413287207146079
4.5954638,99.03,1172452149738982065
5.2729745,195.0,1172458987959691326
4.703252,110.31,1172473460618631556
5.2914457,198.63,1172475060639239062
5.1012774,164.23,1172476651012067305
4.9979596,148.11,1172476944451955980
5.133288,169.57,1172478618992954522
4.301692,73.82,1172562868215301114
4.449865,85.62,1172956421657025820
4.8863626,132.47,1172977397599877315
4.555611,95.16,1173000667948735787
4.629333,102.45,1173004099837252951
4.3017883,73.83,1173011045110427703
4.4186063,82.98,1173043584534438843
4.3705373,79.09,1173049126640851804
4.3822436,80.02,1173090944372884502
4.2661033,71.24,1173093496623231510
4.7399063,114.42,1173112089494068068
4.392395,80.83,1173121056453876777
5.3576913,212.23,1173173612230312659
4.9937916,147.49,1173247108076694196
4.524965,92.29,1173328422366437113
4.508435,90.78,1173648431450122416
5.6761093,291.81,1173660682020468367
5.3870764,218.56,1173660811280983564
5.3558803,211.85,1173660847108116856
4.013916,55.36,1173673227444534187
5.039734,154.43,1173703990366581061
5.1960397,180.56,1173709345926711363
4.5283046,92.6,1173759548716604241
4.8331437,125.61,1173965819765316882
7.404057,1642.64,1174044388585833591
7.1445394,1267.17,1174344347022316569
4.7285914,113.14,1175244768697903161
4.5444465,94.11,1175332285351724468
4.484268,88.61,1175371216621692847
5.876415,356.53,1175955069246165077
5.6040015,271.51,1175962683968950429
5.2983994,200.02,1175973084464497731
5.851566,347.78,1176067615351381457
5.0853624,161.64,1176071363470026332
4.6039424,99.88,1176582680202530996
5.922529,373.35,1176613052964280367
4.3870225,80.4,1176633104657065820
4.920171,137.03,1176714389959061196
5.7128596,302.74,1176930728618156011
4.3207946,75.25,1176947587105848808
4.6705704,106.76,1176952838312727408
4.7753987,118.56,1177243572407558928
4.44668,85.34,1177288518206729206
5.6267133,277.75,1177296974046344653
4.6965966,109.57,1177305644922906053
5.8968287,363.88,1177310493121857102
4.9574733,142.23,1177320518760949577
3.7101045,40.86,1177403200476551984
5.4163966,225.07,1178068849646264331
4.4214897,83.22,1178069429086525979
3.7323859,41.78,1178094099600823496
3.4478676,31.43,1178115855933085227
7.862116,2597.01,1178140193042111987
6.213695,499.54,1178143249088633134
5.7225957,305.7,1178189674856297359
5.984123,397.07,1178194119666204675
6.26693,526.86,1178201532256668159
5.589025,267.47,1178643130926724209
4.045667,57.15,1178683195721087509
4.009529,55.12,1178741029372216422
4.8380184,126.22,1178741129427938140
5.094475,163.12,1178788434959202222
5.1821012,178.06,1178815108007831530
6.350805,572.95,1178846807690858150
5.8573523,349.8,1178891261616123175
4.8236666,124.42,1178910876458935142
5.817973,336.29,1178913602413098699
4.3234057,75.45,1178960420122293326
4.372986,79.28,1179014598692564026
3.5866175,36.11,1179096446118706928
5.504662,245.84,1179331571615821877
4.358323,78.13,1180084030638483314
4.4605303,86.53,1180099021196728203
4.4605303,86.53,1180133580701375555
4.144704,63.1,1180161973371834422
4.144704,63.1,1180176043188073820
4.5174737,91.6,1180333718743295132
4.8514285,127.92,1180931254706140254
5.2252607,185.91,1180953598459665117
5.3980064,220.97,1180966254426962573
4.8976626,133.98,1181035959729689064
4.670181,106.72,1181179245438457161
4.912268,135.95,1181666394565356279
4.9263177,137.87,1181675695073436672
4.8910747,133.1,1181730858185001591
4.9193,136.91,1181732288825715556
4.51798,91.65,1182330860100460684
3.7494144,42.5,1182366113868442798
5.8147616,335.21,1182408846229894012
4.91274,136.01,1182433170193595343
5.3627286,213.31,1182435899792454124
5.5575304,259.18,1182436030415173496
4.8382425,126.25,1182440657384910039
4.8787084,131.46,1182543456349257717
3.8587284,47.41,1182543558837339999
5.554804,258.48,1182557199955821152
4.9327826,138.77,1182559959019324003
3.8375344,46.41,1182589999280472357
3.8914833,48.98,1182596606691774923
7.2264495,1375.33,1182669824675958306
3.946117,51.73,1183054360357931024
5.705837,300.62,1183108967315268306
6.3852353,593.02,1183146635229347122
4.4950814,89.58,1183163726496320538
4.2269473,68.51,1183219693202376567
4.413616,82.57,1183248361128738308
4.95711,142.18,1183473787840327843
3.4632108,31.92,1183496678114616916
4.611929,100.68,1183819935903366882
4.506406,90.6,1183832794462525940
5.675793,291.72,1183887301587375929
5.4023275,221.92,1183919821087725041
5.3642054,213.62,1183928855131397521
5.8901505,361.46,1183942068681385949
4.679297,107.69,1184191105799589803
5.60372,271.43,1184729444473533515
4.224074,68.31,1185273224252326430
4.284815,72.59,1186139754308122046
5.4958954,243.69,1186184497071385387
5.674232,291.26,1186373504921024254
3.4682057,32.08,1186770230341276738
4.260311,70.83,1186851207457633529
4.0998755,60.33,1186909004141961532
4.4211206,83.19,1186973973458204666
5.8599334,350.7,1187400142472714536
4.240049,69.41,1187601109106557949
5.3114977,202.65,1187630303188276369
5.7072754,301.05,1187642824489549568
5.428921,227.9,1187664999635491564
4.461856,86.65,1187813823474878914
4.355586,77.91,1188155773265159510
5.637014,280.62,1188182279562350532
5.7580404,316.73,1188232786804005752
5.6674547,289.3,1188235635594547911
5.089916,162.38,1188249118309412657
4.49574,89.63,1188280214145189547
4.657159,105.34,1188283819319979020
5.560398,259.93,1188322635897925845
5.4478602,232.26,1188362490555472598
5.6824355,293.66,1188621594250819165
7.715497,2242.84,1199159843420838704
4.5611167,95.69,1188893660185109946
4.0555673,57.72,1188927476613302606
5.835872,342.36,1188964822446498251
4.4149456,82.68,1189105473317299034
3.874132,48.14,1190445568074619542
3.6063964,36.83,1190529760144503097
6.066738,431.27,1190659400789301944
5.8455667,345.7,1191091092407029733
4.58748,98.25,1191099057395003053
5.2161026,184.21,1191175396686922518
3.7728617,43.5,1191247917965044104
7.6117687,2021.85,1191913169336565953
5.189147,179.32,1192010287930228289
3.9493823,51.9,1192012172131992430
4.4670734,87.1,1192126488911876549
4.524605,92.26,1192515995172831418
5.732189,308.64,1192671811470480375
4.601783,99.66,1192899176608919375
4.6205187,101.55,1193236355882398633
4.7051334,110.51,1193285910042178304
3.23325,25.36,1193313212148079943
5.2619414,192.86,1193339625249054448
4.558179,95.41,1193375637948340652
5.046638,155.5,1193430635419554214
7.5954113,1989.05,1193444313187805484
5.9209943,372.78,1193489282907682195
4.5886908,98.37,1193944019603306284
4.3813033,79.94,1193967935590150583
4.6405168,103.6,1193998704081826495
4.309828,74.43,1194003781226579191
5.156241,173.51,1194059564419081195
4.076107,58.92,1195097068596121485
3.302073,27.17,1195497715225705067
4.3866906,80.37,1196093479495266554
7.917608,2745.2,1196105596397905525
5.3760414,216.16,1196206808412526072
4.0989404,60.28,1196278437716165731
5.663246,288.08,1196520699255082003
4.5758257,97.11,1196521519374260784
5.5573606,259.14,1196522167883029928
4.3769493,79.59,1196542036975677907
3.9779742,53.41,1196929560570734349
5.3397236,208.46,1197058036461399646
5.4550886,233.95,1197082508477861921
5.8728714,355.27,1197146536471095941
5.6129365,273.95,1197588737580538038
5.0626483,158.01,1197637831227097242
3.7732527,43.52,1197669261986697767
5.4957414,243.65,1197785090599152642
4.1585245,63.98,1197790620129181595
4.2258186,68.43,1197848565317865909
4.2547064,70.44,1197887102110976541
4.388571,80.53,1197926002962930640
5.39502,220.31,1197993987379633328
5.2133646,183.71,1198306822042996642
4.860588,129.1,1198313873070339375
4.0283265,56.17,1198326482538452020
3.457107,31.73,1198345576668715701
3.2004113,24.54,1198364274204805432
3.3616438,28.84,1198376695031551855
4.9052877,135.0,1198378221784862641
5.745087,312.65,1198384020779966697
5.9002132,365.12,1198387333196750651
5.7202888,304.99,1198388465339321061
5.320898,204.57,1198735153468469380
4.1615925,64.17,1199131737707220711
5.7164783,303.83,1199146287880967627
5.2604628,192.57,1199303285070608247
7.151956,1276.6,1199996731779573327
5.826763,339.26,1200702852049384644
4.614078,100.89,1201180439699157461
4.0095773,55.12,1201195155949589340
4.3708053,79.11,1201222399197767769
5.753088,315.16,1201323629203064902
4.2319784,68.85,1201430492943440676
5.3744383,215.82,1201902494120114622
4.826884,124.82,1201951403191880255
3.5972307,36.5,1201958956739216814
5.3208003,204.55,1201981256889427471
5.4897375,242.19,1201988144739551432
5.8946977,363.11,1201992586208097271
5.0177045,151.06,1202008662427093561
4.288852,72.88,1202185650975575161
5.20848,182.82,1202756690666304501
5.342666,209.07,1203377319704112022
5.4046407,222.44,1203388205050933268
4.893941,133.48,1203477932347956036
5.8457284,345.75,1203591412271478352
4.1355863,62.53,1203739988954192761
5.0925727,162.81,1204138121863893550
5.082452,161.17,1204147520650203611
4.471526,87.49,1204148279148080738
5.8672886,353.29,1204315780163607558
3.9601684,52.47,1204387021403564309
4.5057063,90.53,1204387159675855891
5.84226,344.56,1204391093973224476
5.630104,278.69,1204915864617584348
4.6464624,104.22,1205555238744791629
6.1772127,481.65,1205811962093195958
5.018298,151.15,1206266255895395497
5.5881624,267.24,1206368983081316570
5.389193,219.03,1206416200126980818
6.208166,496.79,1206454292725403063
4.180085,65.37,1206465877372266516
4.527899,92.56,1206499960683677546
5.40642,222.83,1206680955778457576
5.738057,310.46,1206959654099952091
4.657229,105.34,1207051802372958478
5.210912,183.26,1207065162731542501
4.450578,85.68,1207189490695534558
3.6316876,37.78,1207213326104615318
6.7416396,846.95,1207368432821696862
4.0536704,57.61,1207731279848423979
5.630432,278.78,1207748775116221902
5.3870277,218.55,1207801782174660643
5.3318367,206.82,1207805571084650440
3.3991318,29.94,1207834662291662165
4.030718,56.3,1207836838208711150
6.1189547,454.39,1207879537528370504
5.389071,219.0,1207882745843272100
4.049336,57.36,1207953407390623508
3.8606958,47.5,1208461601088272828
4.9469857,140.75,1208472359258533658
4.8838415,132.14,1208477821452222877
4.41315,82.53,1208523969156588017
3.8476725,46.88,1208533268262342699
4.7307777,113.38,1208639686608158295
6.327457,559.73,1208692838839412896
4.425449,83.55,1208693661528728021
5.5931516,268.58,1209137739796822063
4.7150035,111.61,1209210321380684304
5.082681,161.21,1209239118309268755
4.5306573,92.82,1209249408265418572
5.7459626,312.92,1224627536379677833
5.4458017,231.78,1209320062016453596
4.106338,60.72,1209360109144187702
5.334317,207.33,1209974145932261439
5.145413,171.64,1210009033059543378
4.715548,111.67,1210129999708891888
4.783088,119.47,1210246568384373433
4.2649827,71.16,1210279236336851425
5.1329,169.51,1210798015220889177
4.5342503,93.15,1211371077730491508
3.792533,44.37,1211409570028877222
5.313032,202.96,1211542322291615675
4.271261,71.61,1211581179889144921
4.4316597,84.07,1211610473146632691
5.048989,155.86,1212163679340336559
4.277212,72.04,1212265621410539148
5.39295,219.85,1212272386691330030
4.4306293,83.98,1212434992035628175
5.504571,245.81,1212754019935440498
3.7864692,44.1,1212810001729457579
3.562531,35.25,1212891558157572776
5.4202833,225.94,1212898180864150971
6.957149,1050.63,1212928462439689138
6.528346,684.27,1212973964846487343
6.4115825,608.86,1212976727440054378
6.4116797,608.92,1212979076153403244
6.3216085,556.47,1212981099774277959
6.336213,564.65,1212981875926241588
5.7096963,301.78,1212984348278929857
7.1261907,1244.13,1213594605692088141
4.2675657,71.35,1213650832129089330
4.1445155,63.09,1213657880087247883
4.224835,68.36,1213664960919705015
4.699446,109.89,1213666608956095851
4.2166824,67.81,1213668339224611067
4.5304003,92.8,1213830538666318828
4.6624656,105.9,1214305826639566374
4.889779,132.92,1214310612584607088
4.660775,105.72,1214401689866970261
4.118185,61.45,1214546776564964627
5.6186867,275.53,1215287294821729698
5.5804996,265.2,1215843653356534785
5.750829,314.45,1215985606461978788
5.295759,199.49,1216581473387870068
4.1503615,63.46,1217245771140870378
4.2033553,66.91,1217961158633340705
4.1399617,62.8,1218120401585777678
5.3672667,214.28,1218689817339568829
4.8033586,121.92,1218701523077503801
4.0421925,56.95,1220122484272869586
3.548847,34.77,1220269387992791074
4.6149707,100.98,1221069927319448967
6.4104514,608.17,1221557210463790967
5.4351664,229.33,1221583181175050186
4.9157505,136.42,1221636487077956868
4.583978,97.9,1221660235329133658
4.7673044,117.6,1221887078784891228
5.1279783,168.68,1222206532119017601
3.991331,54.13,1222301826134687613
4.652641,104.86,1222313335088242444
4.9574475,142.23,1222431093287747463
4.1284847,62.08,1222432282003554208
4.3132415,74.68,1222474478699584458
3.600624,36.62,1222600833064545339
5.4992266,244.5,1223000395012760436
3.1573672,23.51,1223006859937655886
5.129086,168.86,1224443888926142604
5.241991,189.05,1224493754324860932
5.3393974,208.39,1224517665577026228
4.825535,124.65,1224601898219525504
5.774115,321.86,1224713457770160181
4.5945077,98.94,1224715854659179964
5.885118,359.65,1226644265166272585
3.7936404,44.42,1226791364408894908
5.872492,355.13,1227281610803448523
5.647832,283.68,1228812933215136247
6.122299,455.91,1229067471743339407
5.533693,253.08,1229113411425294904
5.690813,296.13,1229441398544053040
5.2242336,185.72,1229525461082470897
5.6067915,272.27,1229773878365172202
4.5257926,92.37,1229883520231652590
3.4306972,30.9,1230271730537425774
4.760964,116.86,1230311605131296050
6.1060705,448.57,1230330835665725806
4.394819,81.03,1230425823437863168
7.9643393,2876.53,1230954677198037015
5.4787283,239.54,1230997020785721937
4.530521,92.81,1231243122367403420
5.4566374,234.31,1231711118201011175
3.9263515,50.72,1231873901540101125
3.483128,32.56,1231888955414770743
7.4291835,1684.43,1232055341998595744
4.7010365,110.06,1232476510580037419
5.464827,236.23,1232663795144339398
4.6761103,107.35,1233058476075764147
4.273677,71.79,1233126138495007574
3.5063932,33.33,1233784367426442134
4.0583024,57.88,1233858065982190568
4.7908044,120.4,1233860570112143448
4.0910845,59.8,1233903133019514166
5.4422626,230.96,1234048635473854656
4.476262,87.91,1234559107437816415
5.053156,156.52,1234590291744808736
4.4911838,89.23,1235416836859446239
4.874595,130.92,1236001030275764928
6.095687,443.94,1236407294748105225
3.560898,35.19,1236838854576051162
4.4293337,83.88,1236886432100035924
4.5098124,90.9,1236912485026005679
4.5428095,93.95,1236929374066255136
4.508417,90.78,1237467386623283554
4.556972,95.29,1237846369820354113
5.001469,148.63,1237879811895916563
4.4398756,84.76,1238176796073849052
4.243648,69.66,1238218528860346333
4.4878674,88.93,1238248453439483060
3.4599717,31.82,1238366143900316191
5.70848,301.41,1238921229100113878
4.6480565,104.38,1238969641315202917
5.6548967,285.69,1239013446517609806
5.4779296,239.35,1239115479150278221
5.6971207,298.01,1239157945175591246
4.277954,72.09,1239178315554064140
4.5200977,91.84,1239188513599742381
5.351218,210.87,1239273147811714328
5.317071,203.79,1239618639352958825
4.6699104,106.69,1240410109941680055
5.9127755,369.73,1240414706566604979
4.293451,73.22,1241405118821237465
4.2279778,68.58,1241424709759784545
4.7503915,115.63,1241469884207499334
4.539224,93.62,1241967663066770352
5.457829,234.59,1242042776882636053
4.138302,62.7,1242095854419395269
5.526937,251.37,1242127510170199632
4.1046753,60.62,1242459566802549351
4.086472,59.53,1242477994527118864
4.0902696,59.76,1242495024340151783
4.091447,59.83,1242539976811250712
6.3537683,574.65,1242561036565357707
5.2634897,193.15,1242569394224584220
4.972425,144.38,1242579368518826149
5.2543902,191.4,1242585013851470627
5.4514236,233.09,1242703540263692820
5.1176977,166.95,1242834828567547576
4.8849487,132.28,1243869709497084860
5.235034,187.74,1243996019024503830
5.4365406,229.65,1244006481002395670
5.3121815,202.79,1244359350654541566
5.3369684,207.88,1244364262425758546
5.049696,155.98,1246822178148760319
4.617136,101.2,1246827371250403665
3.3030045,27.19,1246921361187062790
4.48909,89.04,1246966203867106373
5.7285895,307.54,1246979958320279764
4.2742796,71.83,1247190570250658136
5.4917235,242.68,1247232519888882329
5.5054345,246.03,1247592899083296771
3.7563784,42.79,1247603320349764467
5.2333307,187.42,1247782926935570838
5.635343,280.16,1247805915091301458
4.6863084,108.45,1248297489463923716
5.093354,162.94,1248520945208383330
4.7986646,121.35,1248545975845299128
4.8459663,127.23,1249069111635270830
3.5776696,35.79,1249105296291537348
3.7292402,41.65,1249267416507174261
7.8380575,2535.28,1249478654058479312
3.6312804,37.76,1249938738421216873
3.6094797,36.95,1250554440822435151
3.8360012,46.34,1250645544267820381
3.7304378,41.7,1250656428548869202
4.253812,70.37,1250713894680898924
4.6491795,104.5,1250756140910543033
3.6619403,38.94,1250858158556799463
4.5579605,95.39,1252034020572614938
3.6494384,38.45,1253537326893620760
3.3120246,27.44,1253543840321545310
3.4848754,32.62,1253545634030076294
3.494666,32.94,1253547775962933087
3.2903411,26.85,1253551502529510819
5.346162,209.8,1253557504362347433
4.93588,139.2,1253733206540294227
3.9690967,52.94,1253780804969900131
3.9820874,53.63,1253815571252383097
5.3830767,217.69,1253824567135088293
4.0082183,55.05,1254074283884311645
5.242621,189.17,1254121757227001069
4.125552,61.9,1254165680676299508
5.065258,158.42,1254214238484330596
5.176775,177.11,1254352860485090602
3.6973343,40.34,1254446434327073561
4.927812,138.08,1254908244347426640
3.879492,48.4,1255010304629266857
4.498171,89.85,1256358577849931420
5.3174543,203.86,1256437657006404870
4.4311213,84.03,1257053851320752015
5.108859,165.48,1257065167091036979
5.590499,267.87,1257761162237790482
5.644178,282.64,1257762952617391062
5.5702996,262.51,1257764982124259488
5.695439,297.51,1257766145037388052
5.6565204,286.15,1257767643344156162
5.7329273,308.87,1257769885054208712
5.5832167,265.93,1257772539079826320
5.520608,249.79,1257774667243001508
4.3147697,74.8,1257818156857097051
4.570738,96.62,1257926872240321620
5.4961195,243.74,1258087056070281135
5.081049,160.94,1258464231297355453
6.171609,478.96,1258660182490965044
4.5950828,99.0,1258743349944911323
5.863373,351.91,1259116019707310328
5.7744684,321.97,1259188461725426904
6.6363535,762.31,1259203398663192048
3.8682997,47.86,1259235838441963941
4.308029,74.29,1259343927012592530
4.5227404,92.09,1259463575049587349
4.47269,87.59,1259922351017761067
5.6373935,280.73,1259951671340610312
4.597148,99.2,1259996911552550349
4.3462925,77.19,1260098350441238060
3.7430885,42.23,1260680880339077297
4.4337,84.24,1261658095306177442
5.847173,346.25,1261692756822483968
4.5485578,94.5,1261823789447238409
5.5414743,255.05,1262020200682633957
5.490657,242.42,1262020237213179367
5.5788817,264.78,1262020247908936598
5.605661,271.96,1262020258727301612
5.5122595,247.71,1262020276782066838
5.5922637,268.34,1262020301771923877
5.6170645,275.08,1262020321845460083
5.430176,228.19,1262020345534081099
5.598521,270.03,1262020365525603325
5.4394407,230.31,1262020386931821398
5.532146,252.69,1262064103915409046
5.8668785,353.14,1262068660585143684
5.0730886,159.67,1262302193899075614
4.976579,144.98,1263001279362727118
3.6355934,37.92,1263075225451690702
4.496386,89.69,1263076696521458056
3.7044196,40.63,1263545683313293243
5.529977,252.14,1263550148905272965
3.8296056,46.04,1263577433199450829
5.5384545,254.28,1263758328804550379
5.759066,317.05,1263826088236441567
5.7627673,318.23,1263832943320023769
5.5557184,258.71,1263839271908508069
5.3495607,210.52,1263902919365762489
5.468053,237.0,1264297802923808590
4.9072433,135.27,1264299304402271234
4.8475146,127.42,1264301683743895214
7.3918405,1622.69,1264687570868768394
4.266408,71.27,1264706040438005546
5.5546465,258.44,1265031652387752435
4.742551,114.73,1265142428883715255
5.73833,310.55,1265216980844013939
4.7555437,116.23,1265660833018089515
3.6159174,37.19,1265891542103942472
5.606594,272.22,1265937947429100360
4.6108775,100.57,1266646327123161679
4.899772,134.26,1267238480378549912
4.7174344,111.88,1267362321016719096
5.370199,214.91,1267387539669539831
4.4378533,84.59,1267986806251524491
4.2488585,70.03,1268006634366136785
5.377248,216.43,1268040992952367041
5.789641,326.9,1268105332052391445
7.072906,1179.57,1268165605219141537
5.8656344,352.71,1268598289053178834
5.7047577,300.29,1268628408935330821
5.1973968,180.8,1268632489155363105
5.5767016,264.2,1268675862899594512
5.2487783,190.33,1268681935743633284
6.227051,506.26,1268709597010142194
7.287785,1462.33,1268721206149437014
4.2988024,73.61,1269377692951057347
5.8614926,351.25,1269626036941109483
6.1390033,463.59,1269628998423096063
3.4703338,32.15,1269699654188860961
4.5862746,98.13,1269823287216342405
4.3059125,74.14,1270093353845840756
3.9450674,51.68,1270136464235635661
4.3212333,75.28,1270206282694638377
4.2626796,71.0,1270219755850878144
4.326254,75.66,1272305862392299336
4.3968606,81.2,1272354690384030038
4.9815044,145.69,1272406481929740674
7.4698853,1754.41,1272526835348841371
4.5291796,92.68,1272875661906759348
5.0814786,161.01,1273015261723163388
4.097532,60.19,1273054275797235989
4.3580303,78.1,1273135834724358336
4.729124,113.2,1273643923449202590
3.3844752,29.5,1273745571260002842
5.246471,189.89,1273772981140000553
5.574535,263.63,1274399988215609414
5.396412,220.61,1274425142885037914
5.4432254,231.19,1274440175767540315
4.5124173,91.14,1274445505178490427
4.7600455,116.75,1274477574190577933
5.5870132,266.94,1274572218076420972
5.534457,253.27,1274573185296007598
3.3703127,29.09,1275239215037970893
5.1928973,179.99,1275319945574236326
5.0810175,160.94,1277505852771436074
5.656565,286.16,1277528490911798669
3.6290786,37.68,1277607601125960996
3.4497585,31.49,1277690538432789730
5.3492002,210.44,1278376996514168548
5.4006023,221.54,1278856333390281590
4.462044,86.66,1278884216817391685
5.1665134,175.3,1278939391302989570
7.270915,1437.87,1278968347892035134
5.8213534,337.43,1279099443147330026
5.449751,232.7,1279140214037905587
4.3681583,78.9,1279497780429889135
5.953076,384.94,1279532347583006768
5.8737755,355.59,1279574075197060201
5.350358,210.68,1281076298725850294
5.351674,210.96,1281077446229816714
5.4327793,228.78,1281078571543311726
5.480506,239.97,1281079692152457590
4.314926,74.81,1281187408224861185
5.6402254,281.53,1281265068067579565
5.5033054,245.5,1282464405130904001
3.7979217,44.61,1282472971309417780
5.594918,269.06,1282483503021238272
3.835167,46.3,1282503051788772156
4.6374054,103.28,1282511836406019831
3.7341926,41.85,1282554834553489868
4.437131,84.53,1282590912551737732
4.7742715,118.42,1282757717946187412
3.8209856,45.65,1283141141289067391
5.610507,273.28,1283310674234099615
5.9793835,395.2,1283872953286006130
5.337121,207.91,1283880732136948116
3.5224533,33.87,1284029658868467699
4.0571084,57.81,1284030510623201095
4.032907,56.42,1284057598369705788
4.056789,57.79,1284071041316278463
4.009597,55.12,1284087414294918434
4.4718437,87.52,1284136145126178313
4.0731564,58.74,1284137817222954292
4.5020933,90.21,1284139264606236279
5.630659,278.85,1284266676737499564
6.1285176,458.76,1284304925601085779
4.209094,67.3,1284590816663751175
4.0347104,56.53,1284610196354299317
5.88072,358.07,1284620282893985505
3.8974144,49.27,1284625713930086427
4.067832,58.43,1284663432855044969
4.0570536,57.8,1284695394865128528
3.833864,46.24,1284705365537739439
6.241019,513.38,1284860789473844437
5.022236,151.75,1285269934807317892
3.6454248,38.3,1285340367673704294
5.848953,346.87,1285348429284956684
5.300581,200.45,1285442701470370489
3.20188,24.58,1285469633033394486
5.2314754,187.07,1285518492653137479
4.8491173,127.63,1285533249898369222
5.2613707,192.75,1285536719028972599
7.5482097,1897.34,1285655181481821659
4.276506,71.99,1285659568413685657
4.315253,74.83,1285708175913309166
7.464171,1744.41,1285736153466318287
8.037149,3093.78,1286330785801235937
7.5241795,1852.29,1286410523989349506
3.8591568,47.43,1286775602069424237
5.0439053,155.07,1287030835272556589
5.0478916,155.69,1287056249669363822
4.367533,78.85,1287065610901012324
3.228629,25.25,1287544266989775089
3.6766715,39.51,1287580807924554102
5.3213096,204.65,1287581438142812581
5.454984,233.92,1287610757999307965
5.0828133,161.23,1287678875339341628
4.0554543,57.71,1287735733499951937
3.4542482,31.63,1287776248566458561
4.2021546,66.83,1288321446407266270
3.3529172,28.59,1288364912175374056
7.66753,2137.79,1288427045124652159
4.70201,110.17,1288868107219207264
3.807916,45.06,1289001999467815270
5.1132135,166.2,1289098743520143632
7.3180957,1507.33,1289179663576096433
4.4313154,84.04,1289227322171655736
5.3742666,215.78,1289640153479645444
4.433743,84.25,1289663566344545042
5.3044696,201.23,1289710314820680874
5.7724113,321.31,1289711388153884003
5.56566,261.3,1289711609008675584
6.0431833,421.23,1289711807265910334
5.7069287,300.95,1289711913724159460
6.0721216,433.6,1289712054628616343
5.2742567,195.25,1289712250241327646
4.189677,66.0,1289726887510587934
4.952494,141.53,1289740146311832448
4.0720224,58.68,1289831077184398013
4.380011,79.84,1289847498617242029
5.912901,369.78,1289860939412405193
6.068254,431.93,1290481615385535091
5.5842195,266.19,1290504759208406637
6.0703006,432.81,1290526135170279789
3.336692,28.13,1290548594961016158
4.169018,64.65,1290582335628370248
5.152096,172.79,1290587325312695096
5.203715,181.95,1290588211656340930
5.400552,221.53,1290786013798769023
5.5163054,248.71,1291491997360100119
5.276421,195.67,1292572097535731444
5.2376986,188.24,1292608863353103593
5.312446,202.85,1292611893703792665
5.3301663,206.47,1292745180976266595
5.2699194,194.4,1292750816888153923
5.3403645,208.59,1292854856562272057
5.9824467,396.41,1292981330950475641
7.87264,2624.49,1292983743725650003
4.0767303,58.95,1293272291723523068
4.3712416,79.14,1293284749765814594
4.105302,60.66,1293295194230169817
4.0890346,59.68,1293933503939614653
4.6080503,100.29,1293965563737318901
3.7413366,42.15,1294038952258645423
3.9065568,49.73,1294054405835295805
4.8811536,131.78,1294060431310223298
4.830204,125.24,1294073821719423849
4.5353355,93.25,1294190924015692104
4.3769784,79.6,1294293553075621477
4.5552197,95.13,1294462487332115339
5.340283,208.57,1294764573635644813
5.356537,211.99,1294777663656386682
4.9445868,140.41,1294991566354580744
7.653017,2106.99,1295061394519116760
4.695021,109.4,1295069711004420200
7.1258907,1243.76,1295362025564110062
7.7600245,2344.96,1295404732084699657
3.9525375,52.07,1295456298046796527
7.600017,1998.23,1295503756320003869
5.1585703,173.92,1295527377922882528
5.000214,148.44,1295650916630348886
7.4509144,1721.44,1295850237784093567
6.609593,742.18,1295868939315012660
6.066331,431.1,1295882344774357966
3.518059,33.72,1296145804793077723
4.251865,70.24,1297250957737849432
5.76446,318.77,1297679090632750363
6.4849916,655.23,1297680616341035691
6.2572985,521.81,1297681336375249362
4.5024137,90.23,1297700786324823861
6.69595,809.12,1297737130940212054
7.6924715,2191.78,1297737985809780206
6.057862,427.46,1297743315013054363
6.174726,480.45,1297743956422540931
3.30539,27.26,1297745720721045976
5.1841373,178.42,1297751755682926176
5.6245008,277.13,1297752048731285588
3.7701442,43.39,1297781459596087186
7.904041,2708.2,1297793480346490960
6.144496,466.14,1297846893181764246
6.0692835,432.37,1297860379512581676
5.560026,259.83,1298595332622901931
6.0910425,441.88,1299083488937442169
6.3768325,588.06,1299112646721821277
6.054576,426.06,1299113183025970107
8.017562,3033.77,1299122570744917480
4.3008585,73.76,1299132945728078706
8.031034,3074.92,1299147955364268906
5.355336,211.74,1299187229183049794
5.3775754,216.5,1299188100593583919
4.7089496,110.94,1299227531057750706
6.560016,706.28,1299233825680769998
5.061014,157.75,1299261662221026058
4.726991,112.96,1299267185484928058
5.3286166,206.15,1299327928451308644
4.589738,98.47,1299331630232875541
7.760628,2346.38,1299441797194515562
4.770964,118.03,1299795321811457545
4.9896164,146.88,1299796008954138161
5.1785445,177.42,1299851591351614233
5.3893943,219.07,1299879800698984127
5.1110654,165.85,1299929145735637840
4.279294,72.19,1299966060832849136
5.4312234,228.43,1300062299528077996
5.3686557,214.57,1300524031257626485
5.925824,374.59,1300597584332341954
3.5781596,35.81,1301655253617580282
4.162759,64.25,1302001809566159125
4.462092,86.67,1302259208981612431
5.4658113,236.47,1302313221763681420
5.366939,214.21,1302691318416319903
5.6425514,282.18,1302736639652991402
5.857189,349.74,1302759967739924717
5.880025,357.82,1302768650225196632
5.0307927,153.05,1302780393303438953
5.162338,174.57,1302783407322848207
5.180814,177.83,1302802410311320474
4.51428,91.31,1302903639165900325
4.9632688,143.06,1302924222776293708
4.3260345,75.64,1302924709991387771
5.5509634,257.49,1302993519915753251
5.5030327,245.44,1303397385673517963
7.270968,1437.94,1303402227910945625
5.6558933,285.97,1303446423706620556
5.3130445,202.97,1303479079283329230
5.585503,266.53,1303545795604308222
5.548099,256.75,1303550131257931742
5.308475,202.04,1304150330106462236
5.413918,224.51,1304202410982822788
5.512714,247.82,1304202412174371450
4.756079,116.29,1304208301674161474
5.538686,254.34,1304357303776590165
3.6688917,39.21,1304469077113151248
5.883736,359.15,1304888672971883182
5.7535253,315.3,1304938870438868046
5.3583336,212.37,1305002871504629631
5.3981733,221.0,1305003029149989832
5.219063,184.76,1305003207182580634
5.661853,287.68,1305003393108534173
7.188371,1323.94,1305122407613584155
3.7767806,43.68,1305158109361011988
5.267124,193.86,1305738262744737528
5.5056314,246.07,1305764094988800471
3.730573,41.7,1306713731850006941
4.053818,57.62,1307027834919861791
5.488066,241.79,1307809072229276191
3.2716427,26.35,1307901968588141851
5.4994473,244.56,1307980669393269424
5.122372,167.73,1307988683581191328
3.8896594,48.89,1308120349235863395
5.0087233,149.71,1308555443963740070
5.243298,189.29,1308578841336198721
7.7218556,2257.14,1308634202553026045
5.4439907,231.36,1308648086744624847
5.322033,204.8,1308693253144149108
5.467251,236.81,1308701077592779204
7.9054475,2712.02,1308738273720498469
5.6915874,296.36,1309244889637557975
5.6686606,289.65,1309245143090144788
5.7037253,299.98,1309245420322524526
5.7043324,300.16,1309245713043150845
5.6757383,291.7,1309246019993871205
5.730155,308.02,1309246292550887430
5.7499127,314.16,1309246604537468632
5.6840305,294.13,1309246899429560084
5.6831527,293.87,1309247171291706908
5.726954,307.03,1309247474940324391
5.327601,205.94,1309249726656871437
5.3315926,206.77,1309250214543006367
4.979901,145.46,1309285400300084564
4.965928,143.44,1309457383556510677
3.4222918,30.64,1309590451919548244
8.052698,3142.26,1309611159285218484
4.3524833,77.67,1310027697815326025
5.7463794,313.06,1310093352132261619
5.2193255,184.81,1310100081373243295
5.6511188,284.61,1310109910077027618
5.8651266,352.53,1310121770912206401
5.832849,341.33,1310131832748359862
5.70078,299.1,1310136638630782575
7.0357833,1136.58,1310155812196416061
5.5977287,269.81,1310201740566888321
3.9281516,50.81,1310753257246811226
5.2594786,192.38,1310898879325120394
6.227512,506.49,1312116501986606199
5.1239877,168.0,1312959452398929875
4.677553,107.51,1313632400735190986
4.811587,122.93,1313637472788329167
5.9088435,368.28,1313936317749040185
6.588418,726.63,1313957097583040440
7.086763,1196.03,1313980379020713421
5.504651,245.83,1314309650430221260
5.4132943,224.37,1314320958181038383
5.5000496,244.7,1314396946560896800
5.664404,288.42,1314437612224801041
5.331567,206.76,1314442961407059261
5.411934,224.06,1314453766983340426
5.655419,285.84,1314457064511854908
5.164007,174.86,1314459637621301332
5.30499,201.34,1314460161293801208
3.9174924,50.27,1315078042607685372
5.900066,365.06,1315228311877259219
5.4831185,240.6,1315710436628884141
5.0830846,161.27,1315796153035176516
5.6571064,286.32,1315900817259894389
5.742525,311.85,1316575427512783525
4.560456,95.63,1317390640876157384
4.123751,61.79,1317514331436675891
5.173922,176.61,1317877815021271424
5.6303883,278.77,1317934343356012455
5.665457,288.72,1317934969837035059
5.716576,303.86,1317936084952068835
5.616267,274.86,1317959724020922334
5.438192,230.03,1318000178706046770
7.7186913,2250.01,1318232116457761834
5.382439,217.55,1318671408001838181
5.37043,214.96,1319378282912026944
7.2393994,1393.26,1320349300269511085
7.261288,1424.09,1320483442908165755
3.6222157,37.42,1321021264235011863
4.2595873,70.78,1321975794384614277
4.058958,57.91,1321979094822000659
4.2295837,68.69,1322355446652980391
4.1980414,66.56,1323024116436025141
5.5673947,261.75,1323172417110122176
5.3765364,216.27,1324003835315236048
4.113834,61.18,1325202837005770493
4.348577,77.37,1325219851768682206
6.1256695,457.45,1325313703403864735
3.7766824,43.67,1325327024999365387
5.194844,180.34,1325331640243957198
3.8115,45.22,1325376214678060163
3.721376,41.32,1325391325704328005
6.08078,437.37,1325574011713901080
6.12237,455.94,1325589351694778888
4.8406606,126.55,1325887753366219044
4.9271154,137.98,1326720473830294071
4.8520927,128.01,1326722320966705720
4.3577256,78.08,1326723437176316894
4.552633,94.88,1326725326505465825
4.5692267,96.47,1326908239582237994
4.864515,129.61,1327694642487336494
3.7494342,42.5,1328221384851594409
5.3512964,210.88,1328274292171330109
5.0910697,162.56,1328843623635256644
5.7956376,328.86,1329016518241512219
5.902878,366.09,1329029723967728134
4.6416698,103.72,1329110937136768313
6.4255233,617.4,1329171328224026049
4.8244433,124.52,1329194600564581656
5.4007664,221.58,1329519584169701638
4.1231117,61.75,1329615216235444406
5.631206,279.0,1329663798648754889
4.0671444,58.39,1329741692511693101
5.5962806,269.42,1329796077441129512
3.6166513,37.21,1330342613335117920
4.3102417,74.46,1330664252938425459
5.247059,190.01,1330965198032180262
5.6875076,295.16,1330966296732776634
5.5136504,248.05,1330966950087493250
4.971625,144.26,1330968205979725723
5.529954,252.13,1331153709044444663
5.5798883,265.04,1331170374122517925
4.683224,108.12,1331789859963619033
4.845718,127.19,1331968663879866746
5.7875047,326.2,1333303136380101593
3.4508903,31.53,1333327743739033600
3.1965072,24.45,1333351749948614356
4.7472973,115.27,1333425121216491265
3.9495673,51.91,1333478477819020080
3.8495207,46.97,1333851041144970777
5.4644966,236.16,1333864081067667255
3.7802355,43.83,1333875317933520304
4.4614406,86.61,1333892040184927695
5.200922,181.44,1333991040162901012
5.538685,254.34,1334170501496595542
4.195115,66.36,1334643575665297358
5.7863207,325.81,1334651897033679622
4.102437,60.49,1334782211559621660
3.4419074,31.25,1334791063644067033
3.5860913,36.09,1334791067606483247
3.5937595,36.37,1334791180236519269
3.5863032,36.1,1334791209254848009
3.6509292,38.51,1334791213112571721
4.0368395,56.65,1334791218146120509
3.5863032,36.1,1334791269960200590
5.9204125,372.57,1334805175379921942
4.385578,80.28,1334831678590363106
4.6189213,101.38,1334845938221013464
4.1404996,62.83,1334850920640908759
5.594308,268.89,1335834875708783005
5.2712917,194.67,1336040646972899486
4.29857,73.59,1336198914296592911
4.7192607,112.09,1336225864036886086
4.139499,62.77,1336233019941898822
5.4359837,229.52,1336233320275929665
5.6761785,291.83,1336258024158738296
4.5501523,94.65,1336898499242940411
6.131694,460.22,1337192405692068449
6.6457863,769.53,1337849583414226402
5.493455,243.1,1338180181581069222
5.4853597,241.14,1338180213197180540
5.7360864,309.85,1338185574807300119
5.6629806,288.01,1338185624910869814
5.888932,361.02,1338185641954879527
5.700957,299.15,1338188071244178236
5.493725,243.16,1338188096476538386
5.970469,391.69,1338188231124570011
5.706045,300.68,1338320017977760099
5.475512,238.77,1338934630633352572
5.5210614,249.9,1338934645732846973
5.501743,245.12,1338934657490458167
5.5112567,247.46,1338934666210370276
5.57189,262.93,1338934678039515276
5.57189,262.93,1338934687386652193
5.314978,203.36,1338934697682776010
5.482762,240.51,1338934721622095980
5.4208136,226.06,1338934741854061619
4.612733,100.76,1338936178306612842
5.1108003,165.8,1338960389972530228
4.5993657,99.42,1338967799459455681
4.734089,113.76,1338977277054778693
3.646046,38.32,1338993223440921441
3.7651951,43.17,1338999410536012066
3.5389845,34.43,1339037813864064546
3.74601,42.35,1339087382333062483
4.987036,146.5,1339220989094091250
5.8468204,346.13,1339589383437586294
5.8881226,360.73,1339589427885462964
5.8561254,349.37,1339590231240491450
5.9460535,382.24,1339590247009339598
5.95417,385.36,1339590268240104059
5.9106297,368.94,1339590679738363178
3.497617,33.04,1339641932141207701
3.441941,31.25,1339664408343787406
3.4214163,30.61,1339756394003597893
5.346407,209.85,1339783363539718023
4.3583174,78.13,1339866623086983630
8.1076,3319.6,1339917642974769986
4.464924,86.91,1339938231275488415
5.518347,249.22,1339939422295250449
4.3507004,77.53,1339948648530546635
5.4315147,228.5,1340453141533549990
5.4066772,222.89,1341210922292380699
4.3183503,75.06,1341245714025300037
3.7908142,44.29,1341373292732192790
5.499396,244.54,1341810011249395544
4.3308873,76.01,1341857878932218015
4.9307065,138.48,1341869883361276307
4.6385117,103.39,1342141191802726809
4.5179024,91.64,1342191635690126897
4.9307933,138.49,1343258398346618726
4.932047,138.66,1343259485892197204
5.0035033,148.93,1343277199240945655
5.370718,215.02,1343277293550256749
4.816765,123.56,1343288209898082567
5.663179,288.06,1343295080046157710
5.6505923,284.46,1343296176809743667
5.784135,325.1,1343296185105010491
5.618653,275.52,1343296194844057868
5.663729,288.22,1343296198474531368
5.587955,267.19,1343296215238831979
5.789908,326.98,1343296223453824356
4.990561,147.02,1343299216692918471
5.356358,211.95,1343315218370013704
3.664444,39.03,1343316398746842692
4.5089135,90.82,1343377908585547091
4.4923534,89.33,1343974851727940224
4.4086657,82.16,1343989785362637736
4.6803536,107.81,1344016102127474134
4.5163045,91.5,1344028669068392081
5.77376,321.75,1344056768779967791
4.9533997,141.66,1344071068087957145
4.292625,73.16,1344123402233835477
5.785846,325.66,1344222012766013470
4.8799524,131.62,1344371036862498857
4.427166,83.69,1344427620070124766
3.61648,37.21,1344725780031765490
3.7448795,42.3,1344726067761354709
5.692994,296.78,1344730019776280856
5.679179,292.71,1344730030550461458
3.584747,36.04,1344746790068044862
5.652367,284.97,1344751081886808772
5.541925,255.17,1344754178414609200
3.6544394,38.65,1344757769504940450
5.4496427,232.68,1344762356586640995
3.5838132,36.01,1344765093291637411
4.868474,130.12,1344767805991852550
5.525487,251.01,1344786460506580150
3.7453434,42.32,1344826001085748157
3.780283,43.83,1344836352896455615
4.8174477,123.65,1344846065261937513
5.1718593,176.24,1344869557633871123
5.7844477,325.2,1344870851603136161
5.412301,224.15,1344876177673687446
5.3856597,218.25,1344907350901165794
6.3831277,591.78,1345493386987122505
3.496379,33.0,1345497193634202183
3.5816665,35.93,1345513091349371202
5.4147773,224.7,1345564814164731959
5.7798953,323.73,1345627919492423416
4.9502516,141.21,1345647446537350850
6.308997,549.49,1345885151072673453
4.8991656,134.18,1346191168200280107
4.987643,146.59,1346203859052768434
4.967437,143.66,1346219178068412069
4.860801,129.13,1346240292823021268
4.929159,138.26,1346250027395423969
4.9870033,146.5,1346256590066163440
4.319491,75.15,1346258397966492659
3.4065652,30.16,1346418558663874618
5.425711,227.17,1346431785245999666
5.728373,307.47,1346473519252448282
4.920201,137.03,1348434271784907971
4.2802496,72.26,1348491805177215130
4.6129575,100.78,1348514522411011515
3.7701726,43.39,1348618519277238910
3.2198193,25.02,1348646385754197540
3.202122,24.58,1348655123202102309
3.2539856,25.89,1348659578335399174
6.19941,492.46,1349116806799971902
3.845588,46.79,1349133163600431876
5.606526,272.2,1349141836359299848
5.690085,295.92,1349274513085425079
5.461966,235.56,1349291813205480472
4.1336045,62.4,1349457432272002852
3.466814,32.03,1349502351963303727
5.9232855,373.64,1349830143081334657
6.019445,411.35,1349874036500987649
5.7076373,301.16,1349874052401837573
5.7760954,322.5,1349874071475001709
5.1161227,166.69,1349964798122466910
5.274509,195.29,1350115321401751058
5.7679524,319.88,1350531463760829364
4.528796,92.65,1350579643422853152
3.6505833,38.5,1350611496079747450
5.626377,277.65,1350617154830818436
3.7180328,41.18,1350617922177035916
3.6271129,37.6,1350628056266263295
5.9660535,389.96,1350811755017970887
5.6592097,286.92,1350877159785922767
3.5961835,36.46,1351310641282846749
3.5339727,34.26,1351318869823441796
3.7086859,40.8,1351338267582538919
4.964348,143.22,1351355607051715232
4.9855957,146.29,1351365258936874266
4.949255,141.07,1351377192985437452
4.745875,115.11,1351409407655293126
5.5100617,247.17,1351450045402368913
5.4091487,223.44,1352395513790127126
4.4122915,82.46,1353456079908982208
4.683324,108.13,1353457610399356090
4.9192567,136.9,1353472971419672576
4.929871,138.36,1353482403867438910
4.544752,94.14,1353497379617979967
4.869431,130.25,1353503029026613533
4.9302826,138.42,1353511761201641339
4.929361,138.29,1353515013687480764
4.9028435,134.67,1353520106425214961
4.547128,94.36,1353525203265510896
4.6045027,99.93,1353527798796361746
4.493981,89.48,1353531671237980807
3.5565646,35.04,1353550843022453659
4.4245467,83.47,1353638825448080264
3.6433973,38.22,1353786480121124726
5.4194207,225.75,1354014514263994647
5.589718,267.66,1354153109864890529
3.4688108,32.1,1354179659690182026
5.613354,274.06,1354292507938470804
5.4074087,223.05,1354354724922992663
5.5676255,261.81,1354478279124694847
4.69183,109.05,1354610642520413295
5.869135,353.94,1354941035269435641
4.127035,61.99,1355168877201660866
3.3539956,28.62,1355608539769151419
5.046169,155.43,1355646015486727253
5.208976,182.91,1355671586787390561
4.8323574,125.51,1355695098912656151
3.818391,45.53,1355698054664818657
5.35557,211.78,1355810310825220795
4.343699,76.99,1355811348624731703
4.540573,93.74,1355815911208846081
4.918927,136.86,1355827605626571475
4.8187485,123.81,1355838310302819005
5.4719844,237.93,1355904638608779480
7.7274284,2269.76,1355934470868323539
5.3565125,211.98,1355983012552006018
4.105343,60.66,1356326623313394494
4.846512,127.3,1356329114191961667
4.6995125,109.89,1356349921748034237
4.8547297,128.35,1356506503966478436
4.9845443,146.14,1356577678115233048
5.481782,240.27,1356649495026613989
4.3917623,80.78,1357247905218169136
4.646986,104.27,1357251115422858401
4.4757614,87.86,1357263419183247413
3.5378723,34.39,1357870466752596075
4.7580004,116.51,1357989226343687257
4.628021,102.31,1358004685576152450
4.561853,95.76,1358009957023070903
4.9843893,146.11,1358024882860115285
5.6674695,289.3,1358057203772969829
4.493829,89.46,1358427475858090538
7.6304,2059.87,1358449051553290340
3.7327487,41.79,1358483572498758826
7.4341607,1692.84,1358510617476775551
4.034318,56.5,1358556295011439293
4.134951,62.49,1358642819649304916
5.1598544,174.14,1358650361151431608
4.472404,87.57,1358654161090932965
4.3212724,75.28,1358688889998445226
5.123689,167.95,1358702876726433179
5.381464,217.34,1358731072078192088
5.361201,212.98,1358738372936635811
5.3588977,212.49,1358745153008344797
5.4057393,222.68,1358768214927137133
5.3556695,211.81,1358830218202741234
5.234796,187.69,1358841543651189631
5.391118,219.45,1358858039579099543
5.4576273,234.54,1358865970334982489
5.3842006,217.94,1358875479549590733
5.2094545,182.99,1358882029863625052
5.258691,192.23,1358888722628194887
3.6045437,36.76,1359193169503731492
5.246076,189.82,1359274788988845680
3.7509408,42.56,1359280737615943699
4.5371795,93.43,1359292703838065652
4.32448,75.53,1359319316787077133
5.006901,149.44,1359340094145769572
4.3754644,79.48,1359358459687401649
5.7869215,326.01,1359389748779400036
6.7138233,823.71,1359423027526337342
5.229014,186.61,1359515419911936257
5.0125914,150.29,1359997152824654426
4.965434,143.37,1360011993791637473
4.6932344,109.21,1360030072407724721
5.0739174,159.8,1360137752440325207
5.1256485,168.28,1360321988927450011
4.507227,90.67,1360809440567082949
4.250664,70.15,1360868065938498769
4.430868,84.0,1361459812465083743
5.7637877,318.55,1361616014718656647
4.7365804,114.04,1362198698178942718
5.434698,229.22,1362289829759157980
3.9799168,53.51,1362982912586063195
3.7366445,41.96,1363001836980897299
5.0100026,149.91,1363069298893166430
5.2650833,193.46,1363116670249594508
4.2972555,73.5,1363600705904479121
4.9869123,146.48,1363604168123182567
5.4284096,227.79,1363773735260420931
4.5926366,98.75,1364352946919862912
5.929755,376.06,1364425540755963449
5.243538,189.34,1364436964919537178
4.430401,83.97,1364449037600513206
4.85842,128.82,1364477936512622646
5.5398645,254.64,1364483938201317180
6.1705594,478.45,1364532852684774003
7.5849066,1968.26,1364670776327037937
3.6064076,36.83,1365015515567765916
5.840731,344.03,1365054928942050026
3.7080429,40.77,1365056831249886016
5.173207,176.48,1365258746645963392
7.4328203,1690.57,1365305407416345734
4.827487,124.9,1365314325470151796
4.7942243,120.81,1365845597897819353
5.280428,196.45,1365941071930913222
4.110742,60.99,1366018249014759731
7.8496113,2564.74,1366107085295449512
4.4876733,88.91,1366108822123777508
5.8194556,336.79,1366501139971684620
3.7217903,41.34,1366518279488440213
5.6453457,282.97,1366543104371641417
4.097556,60.19,1366558722771163698
3.2177749,24.97,1366655363430412433
5.945162,381.9,1366699440000874050
6.7253623,833.27,1367168937904224558
5.408072,223.2,1367178071432593520
3.6285248,37.66,1367460033741158426
5.0098424,149.88,1368129910894226990
5.6109962,273.42,1368630808674547841
5.6421776,282.08,1368636039679683520
6.0638895,430.04,1368636590466189082
5.3633447,213.44,1368857282499600549
5.3527327,211.18,1368965855500703159
3.5023904,33.19,1369362515416539992
5.428442,227.79,1369393454970114833
6.0088277,407.01,1369460878296541243
5.989866,399.36,1369464721676324645
6.006572,406.09,1369468116676947243
6.1100574,450.36,1369469834506107469
6.0458584,422.36,1369469917065573818
7.7167597,2245.67,1369476163883480858
6.702654,814.56,1369479001724859473
6.7024517,814.4,1369481065109728357
6.7024517,814.4,1369484125470772927
6.6607,781.1,1369487310117454151
7.3615513,1574.28,1369494844753784300
7.3057985,1488.91,1369496261501105712
7.337615,1537.04,1369498043130508979
3.6017866,36.66,1369522366118461782
5.0996137,163.96,1369524636715523843
3.4464314,31.39,1369536596207462556
3.5280335,34.06,1369536679945158634
4.139464,62.77,1369590714237456617
5.4771037,239.15,1369618339044384560
4.4461484,85.3,1369621685056577450
5.807509,332.79,1369776193235726083
5.9462996,382.34,1370098973489304698
6.169816,478.1,1370111542036309071
5.072589,159.59,1370133014891626565
4.2875853,72.79,1370155080869992376
4.186575,65.8,1370216005011230171
3.7510123,42.56,1370281667415285853
4.0625687,58.12,1370299277070626763
4.1602015,64.08,1370330985769505597
4.114445,61.22,1370351621904279463
3.879925,48.42,1370801082109853434
5.3908424,219.39,1370855426145980536
3.843712,46.7,1370864005899187572
5.2295732,186.71,1370925206458128484
7.507298,1821.29,1371064079737523755
7.5008035,1809.5,1371067336274437131
3.7032452,40.58,1371234269655683594
3.6631484,38.98,1371553035752931462
3.607995,36.89,1371567140343040722
5.873354,355.44,1371572398074696923
3.8222806,45.71,1371577700808109451
5.647254,283.51,1371599033626253385
3.8976538,49.29,1371606888971127450
5.1383724,170.44,1371610424669802042
4.1030626,60.53,1371616456854152311
3.783802,43.98,1371633122739738702
4.4192724,83.04,1371933967813728297
5.9758434,393.8,1372507183413571317
4.304822,74.06,1372955336887030554
5.3517437,210.98,1373005404778595213
6.261493,524.0,1373222493376074198
3.7402074,42.11,1373740440546031698
3.7009382,40.49,1373761590259884734
3.9894557,54.03,1373777695726124182
3.5995302,36.58,1373797323498377397
3.5180407,33.72,1373806887911770076
4.2114663,67.46,1373820976406829762
5.134286,169.74,1373830797288002812
5.211435,183.36,1373839405296654999
4.5847874,97.98,1373872828832466554
4.395524,81.09,1373894934473503511
3.6677072,39.16,1373896980827507576
3.5934818,36.36,1373914598996752018
5.293314,199.0,1374406602542109623
4.376988,79.6,1374444504580191211
3.738448,42.03,1374444590371433114
3.7725322,43.49,1374451127414907029
3.5512795,34.86,1374458174384767386
4.790557,120.37,1374464370810120229
3.6703959,39.27,1374481832969225584
3.5881138,36.17,1374511523802935774
7.4589686,1735.36,1374549645942719771
3.5284967,34.07,1374612698645839054
3.5634763,35.29,1374620745169891788
7.453763,1726.35,1374654213066610980
3.5959702,36.45,1374696747250734138
7.6873155,2180.51,1374708578482079538
4.245432,69.79,1375153765282405904
3.5642145,35.31,1375213157372692268
5.316842,203.74,1375267654355525259
5.7107925,302.11,1375334323814504092
4.7615924,116.93,1375345169481877299
6.0601153,428.42,1375472571441582786
6.0524054,425.13,1375476636670135373
4.730629,113.37,1375910517030572789
5.214181,183.86,1375952052030360734
5.6175337,275.21,1375985085394145219
3.7684233,43.31,1376004862196555373
5.5342493,253.22,1376006688454754148
5.8643575,352.26,1376012590107118769
4.998226,148.15,1376059743598478182
4.7964573,121.08,1376072326544240146
5.5342646,253.22,1376082900651731384
6.039491,419.68,1376105241654714185
6.003785,404.96,1376107872097638768
7.26636,1431.33,1376125873143639173
7.858699,2588.15,1376199104930527910
7.8865337,2661.2,1376218061920803558
5.3009205,200.52,1376648852435177038
4.8281255,124.98,1376669499689713887
3.6580997,38.79,1376674283476335922
3.815204,45.39,1376698939331320090
3.086017,21.89,1376703980878376029
3.6330154,37.83,1376721595204223616
3.6261935,37.57,1376733166596147684
3.6217997,37.4,1376739205652539546
4.552725,94.89,1376810574430794096
4.574827,97.01,1376811188912053690
4.0776067,59.0,1376835842031336452
6.9233217,1015.69,1376840766920412315
6.9241185,1016.5,1376844860942375982
7.359479,1571.02,1376853906451769036
7.6361084,2071.67,1376857543986403236
7.8674493,2610.9,1376861581190016240
5.459985,235.09,1378308558954645370
3.4629407,31.91,1378792308722379129
3.6555536,38.69,1378856491637591454
3.2537758,25.89,1378902702917054452
4.8639364,129.53,1378910638853832385
3.6441681,38.25,1378957883416600226
3.2700276,26.31,1379002593692024936
3.7395494,42.08,1379023760435375739
5.815696,335.52,1379026309141233528
3.7788048,43.76,1379034834672997423
3.7261682,41.52,1379047926046556646
4.1007667,60.39,1379347016736225071
5.6000414,270.44,1379505724200088232
3.6829832,39.76,1379554715587860832
5.4709206,237.68,1379562849653288037
5.6495376,284.16,1379563933284185855
5.798848,329.92,1379564571090428807
5.7218003,305.45,1379565974919836083
6.0169053,410.31,1379566813423012124
5.1748366,176.77,1379577927478923669
3.6557717,38.7,1379601572841803887
3.6108134,37.0,1379608111569795917
3.1141198,22.51,1379617430819734301
3.6187768,37.29,1379635479252200527
5.4782977,239.44,1379640810866479074
3.660887,38.9,1379646364075586160
3.701482,40.51,1379671832168889549
8.025142,3056.85,1379673584038995374
3.557033,35.06,1379675567990284899
3.5731838,35.63,1379678358824049224
3.611849,37.03,1379697197172209746
6.2381105,511.89,1379709744481057139
3.7525542,42.63,1379720354809911268
5.6170993,275.09,1379725300582682002
3.7588887,42.9,1379727904606873000
3.564984,35.34,1379734946467426739
3.6624436,38.96,1379741495234981855
3.7473483,42.41,1379754069279545040
4.0527453,57.56,1379761620300932178
6.1750026,480.58,1379765620733498602
3.7303617,41.69,1379769674066149466
3.6809156,39.68,1380223666975498479
5.470786,237.65,1380248380946520434
5.4623837,235.66,1380248801044798312
3.6652844,39.07,1380290612330794771
3.7540593,42.69,1380308223878395592
3.7056408,40.68,1380316785350334095
3.765606,43.19,1380330374117802104
3.6573741,38.76,1380334396557406903
3.7499232,42.52,1380338426041003616
5.531239,252.46,1380343298990122714
5.5689597,262.16,1380343309501765508
5.5470166,256.47,1380343435190777979
5.3732057,215.55,1380343438976742152
5.480961,240.08,1380343572373521549
5.5071993,246.46,1380344661913983023
5.3785977,216.72,1380358911164191381
5.626505,277.69,1380358961887368085
5.350811,210.78,1380359029998158314
5.2979326,199.92,1380359039888993914
3.403803,30.08,1380399418249295366
7.8838496,2654.07,1380408992156437901
3.6394675,38.07,1380421474508683001
2.9739466,19.57,1380421978473087958
5.1182446,167.04,1380429361780747428
3.5963836,36.47,1380433046854029667
3.6051214,36.79,1380433551146979989
3.7619584,43.03,1380435064405082581
5.6360207,280.34,1380480341129835698
7.582167,1962.88,1380488215167940783
4.493599,89.44,1380510013299229945
5.1277075,168.63,1380953491371994843
5.24033,188.73,1381121238274076534
5.8570523,349.69,1381171851419372213
3.888808,48.85,1381713484860110134
4.048132,57.29,1381723050617265065
3.9087803,49.84,1381723230569898013
6.135156,461.81,1381729513390915954
3.5270646,34.02,1381734625136575368
4.042961,56.99,1381772370042992397
3.9640713,52.67,1381782433662547331
3.9310782,50.96,1381790998275930159
2.9197948,18.54,1381795022764959572
3.5168695,33.68,1381800292567541054
3.487047,32.69,1381803074954656504
3.910556,49.93,1381805092871133511
3.5118823,33.51,1381822196851779614
3.5845616,36.04,1381830149578594250
5.495641,243.63,1381862984393458622
4.7396903,114.4,1381898058027191729
5.4428205,231.09,1381916336399313554
4.0195045,55.67,1381976848675292819
4.1132655,61.15,1383331862743879013
4.534439,93.17,1383415780610057831
3.997381,54.46,1383852080558645484
3.9668386,52.82,1383856609169276064
3.7153246,41.07,1383867960663348575
3.5774043,35.78,1383876737193511451
3.624795,37.52,1383878368550642710
3.4909084,32.82,1383885292445939971
3.7348268,41.88,1383885551745498806
4.1486382,63.35,1384082405245430764
4.82693,124.83,1384119838621306776
4.785394,119.75,1384138618211529835
4.7144985,111.55,1384169957456601855
4.494112,89.49,1384175725287331207
4.835275,125.87,1384178225825737218
4.692523,109.13,1384185746460062114
4.45296,85.88,1384188598959275879
4.833755,125.68,1384264444926977903
4.7127604,111.36,1384269867848472173
4.535152,93.24,1384272712878814400
4.884567,132.23,1384274697128539329
4.698119,109.74,1384292255752359921
4.495487,89.61,1384295168673748296
3.1829321,24.12,1384643600215437127
3.3652546,28.94,1384666328667999706
3.255435,25.93,1384666441754512030
3.2055175,24.67,1384679627282328000
5.1754904,176.88,1384764093753060604
4.6749916,107.23,1384782247482094482
5.1999874,181.27,1384804871608987992
4.6675744,106.44,1385391827063240229
5.05038,156.08,1385451174607711550
4.8204074,124.02,1385459181887243798
4.430917,84.01,1385541733072792746
4.229652,68.69,1385723715851218230
4.6310945,102.63,1386212734949712020
6.1656075,476.09,1386222804875505114
4.6690474,106.6,1386318028603722000
4.120612,61.6,1386727508504390186
3.5891974,36.21,1386790434912615288
4.7772355,118.78,1386823013065121310
3.935984,51.21,1386836117635317877
5.760266,317.43,1388245558488306034
4.655812,105.19,1389158018945302064
4.6041555,99.9,1389195153125401154
3.569035,35.48,1389324497339710139
5.7668886,319.54,1389683489521227535
5.677572,292.24,1389857840805300418
4.524905,92.29,1389895032809596458
5.1567035,173.59,1389895054032360605
4.7676363,117.64,1390317475335051053
5.376004,216.16,1390475696251866988
4.1899095,66.02,1390548229701088417
4.455251,86.08,1390753475383339202
3.9473217,51.8,1391186995368799238
4.985281,146.24,1391298535374696729
5.3372073,207.93,1391460147785095806
3.8445253,46.74,1391814011557816149
3.8551733,47.24,1391827155208518436
3.939203,51.38,1391852551574450413
5.089043,162.23,1391883997849474914
4.7651925,117.35,1391907799309008153
7.4871707,1784.99,1392034344774768888
7.1533346,1278.36,1392070372193333841
4.2196255,68.01,1392737127754666571
4.303055,73.93,1393279220132045957
5.7207723,305.14,1394269933602155513
5.5896,267.63,1394307549387803236
4.567021,96.26,1394773500642844241
6.0869923,440.1,1394776537961748499
4.712614,111.34,1394791871601530212
4.6382103,103.36,1394826946727751336
4.6435304,103.91,1394855747314311569
4.8217654,124.18,1394963562793755425
5.0491376,155.89,1395436618707810628
6.0575347,427.32,1395517298662932132
4.8873816,132.61,1395524371687271777
5.0714917,159.41,1395551499920098875
6.0117936,408.21,1395556997227600715
4.9150577,136.33,1395581371432024049
6.182822,484.36,1395606077923202839
5.190673,179.59,1395606751244091946
3.4085965,30.22,1395616579066520047
4.502346,90.23,1395632387777873157
3.4204617,30.58,1395660922989787647
4.58807,98.3,1396142234852956845
4.515848,91.46,1396152735270325638
4.7735157,118.33,1396166290819321475
4.8793874,131.55,1396173717452603494
5.1761417,177.0,1396181648206127766
5.5865865,266.82,1396181656330510940
5.014047,150.51,1396181670035202832
5.600333,270.52,1396181676895008104
5.613375,274.07,1396181695523399621
5.077172,160.32,1396181725251299060
5.0270276,152.48,1396182692661120086
6.078633,436.43,1396203306515467127
4.202944,66.88,1396203482298195481
5.6793633,292.76,1396209131556853666
5.074768,159.94,1396209828373311205
6.2876873,537.91,1396237626268476789
5.0136757,150.46,1396240218026254431
6.4038568,604.17,1396268866136022255
4.207383,67.18,1396271124590536919
7.4374275,1698.38,1396329640376980023
4.752821,115.91,1396340375915783945
6.1166396,453.34,1396340594815802799
4.9518433,141.44,1396364814218289239
4.971217,144.2,1396373104251718445
4.8580575,128.77,1396378183659760562
4.8740997,130.86,1396383167995728010
4.996511,147.9,1396389720322461976
5.0723877,159.55,1396392297911374994
5.091128,162.57,1396397668311116247
5.091128,162.57,1396400508378215188
5.1850057,178.57,1396403784563793426
3.3378637,28.16,1396524653543751020
3.0913937,22.01,1396537850615760238
5.052543,156.42,1396850405444765583
6.2581844,522.27,1396999775183317412
4.6982036,109.75,1397034951710507339
5.2172556,184.43,1397069449595166879
4.740855,114.53,1397069687189350326
5.305304,201.4,1397085600000552318
4.9163456,136.5,1397091440686735009
5.074895,159.96,1397093721699197842
4.9036994,134.79,1397100073124078693
5.064901,158.36,1397102105156555604
5.1313243,169.24,1397106840296209049
5.1313243,169.24,1397109782926212490
4.8267574,124.81,1397118002642076609
4.44403,85.12,1397124713497479421
4.831657,125.42,1397178895855021749
4.552634,94.88,1397580693865197941
6.0575895,427.34,1397690525233018955
4.4137807,82.58,1397818755564758180
5.042821,154.91,1398005237747684510
4.526612,92.44,1398298598901201198
3.4883373,32.73,1398437909891229670
5.3959737,220.52,1399047126274025675
5.893028,362.5,1399052819353049772
5.6915393,296.35,1399054072016150568
5.5074234,246.52,1399058855636237528
4.936241,139.25,1399076310923980130
5.056849,157.09,1399090782713045079
5.563061,260.62,1399112524999101943
5.44643,231.93,1399112531085912534
5.6493073,284.09,1399112540643395599
5.55912,259.59,1399112559171166818
5.6549897,285.71,1399112579281949206
5.5561104,258.81,1399112591589162337
5.698103,298.3,1399112602583968962
4.9305897,138.46,1399179075514660772
4.8424582,126.78,1399258601353869048
5.631449,279.07,1399325599096682603
4.5516667,94.79,1399349096586246394
4.212355,67.52,1399378925107899126
5.5416636,255.1,1399752022445000435
5.10758,165.27,1399804373193448231
5.820465,337.13,1399855656798030757
3.7707849,43.41,1399864500237149858
5.2162642,184.24,1399870245656884304
4.4628453,86.73,1399875426829662689
4.598317,99.32,1399875495875478822
4.5706244,96.6,1399875527265728917
4.646439,104.21,1399875888533498427
4.7319555,113.52,1399876350198384349
5.513822,248.1,1399886538088603296
6.0741725,434.49,1399911587589985654
4.5937,98.86,1399912945645602366
5.544155,255.74,1399914020990652154
4.57152,96.69,1399920090565484871
5.4996047,244.6,1399924193777582236
5.480215,239.9,1399928077145940633
4.6910877,108.97,1399934084258835021
4.71709,111.84,1399938819660341449
5.3547764,211.62,1399955642443442886
5.161852,174.49,1399996531919062896
4.3139515,74.74,1400048343191088192
8.082046,3235.85,1400057633003120901
4.494717,89.54,1400169823720029412
4.549811,94.61,1400536853545203413
5.141542,170.98,1400621585631699649
5.44588,231.8,1400722802316658828
5.3627543,213.31,1400737410506859636
4.975155,144.77,1401385986995887201
5.6208396,276.12,1401415700505407093
4.04013,56.83,1402108226663795438
4.604391,99.92,1402122843854473702
4.212386,67.52,1402192736162453085
4.5070558,90.65,1403032895309382082
5.425736,227.18,1404224816393237538
4.039214,56.78,1404394808333624354
4.3669896,78.81,1404396377607023790
4.678251,107.58,1404487908222433874
4.181592,65.47,1404877859873517902
4.4402194,84.79,1404909125926547347
4.335196,76.34,1404916280227569368
4.6617374,105.82,1404929061982098547
4.2337065,68.97,1404958917897209879
3.7741966,43.56,1404959365082014401
5.2338705,187.52,1404974672441698751
4.8281064,124.97,1404996308409043572
6.085161,439.29,1405029676818838677
8.785661,6539.79,1405062163700981309
4.8678083,130.04,1405595957405079925
3.8307502,46.1,1405618627077602779
4.871857,130.56,1405631404551695058
4.910815,135.75,1405635623803266006
4.63527,103.06,1405638548074370795
4.924889,137.67,1405669854328318205
4.8669963,129.93,1405712773870315150
6.3173566,554.11,1405732504219995345
4.6345906,102.99,1405766532026389737
5.681003,293.24,1405871028469202834
3.9121637,50.01,1406398640145638201
4.3097854,74.42,1406402631895577569
4.387545,80.44,1406404077664781116
4.6090693,100.39,1406406333107182090
3.9726827,53.13,1406415751799127587
8.386773,4388.63,1406454143054865483
5.3590436,212.52,1406455146614511215
4.657334,105.35,1406459600282712615
7.861324,2594.95,1406494280429831316
5.029612,152.87,1406514408931188887
3.2482495,25.75,1406972321436944363
4.1607428,64.12,1407029607457109351
5.1012106,164.22,1407144560399669685
4.7770023,118.75,1407211966941413699
4.6677322,106.46,1407233153235721261
5.7970705,329.33,1407987673919415813
4.8210797,124.1,1408030914362916865
6.333798,563.29,1408827833415469256
3.3747048,29.22,1409058206040751588
4.16939,64.68,1409227817833932117
5.220565,185.04,1409931233018633520
5.5430737,255.46,1409934915287319363
6.1076097,449.26,1410100638720830117
4.949067,141.04,1410114920982690691
5.4473095,232.13,1410211570379267234
4.2050667,67.03,1410430023201232065
5.812555,334.47,1410675899936076041
5.6441517,282.63,1410692356282106039
6.4741883,648.19,1410754616028063608
4.681321,107.91,1410804896452331088
3.7935581,44.41,1410833872098234922
3.8568826,47.32,1410855002154321982
4.09956,60.31,1411663422189817536
4.0898347,59.73,1411673048532926000
4.0045567,54.85,1412144723486514979
3.8442304,46.72,1412176719325693493
3.8394244,46.5,1412179232672870237
5.780679,323.98,1412183069362512996
3.988142,53.95,1412202068127151289
5.3004375,200.42,1412210530486794569
3.8419604,46.62,1412218992663506397
5.712851,302.73,1412228349207194718
7.8717566,2622.17,1412307889209674652
5.0446334,155.19,1412310100578546599
4.3085413,74.33,1413023211336399090
5.9689054,391.08,1413129527638711527
4.561396,95.72,1413518049086616595
4.8830643,132.03,1413815739979208865
4.67033,106.73,1413875179703296651
5.1399045,170.7,1414269297761188538
5.545839,256.17,1414324796812070530
4.9528193,141.57,1414333914527824188
3.7871575,44.13,1414367584968226224
4.022898,55.86,1414473753453618431
4.473365,87.65,1414474285579566985
4.619953,101.49,1414477707248499251
4.0175,55.56,1414997879189214731
4.7036715,110.35,1415134216660282358
4.1647725,64.38,1415184110653096509
4.73596,113.97,1415186217214845537
3.5374482,34.38,1415585277355035653
4.4518933,85.79,1415728574595322500
5.072373,159.55,1415759690151714970
4.13846,62.71,1415761777762873704
4.521565,91.98,1415800505157499166
5.749635,314.08,1415806851679529785
4.658994,105.53,1415847145460811950
5.3079576,201.94,1415861713642942275
3.253636,25.88,1415886652606669597
6.2339764,509.78,1415892898480273010
6.2935257,541.06,1415896737207823776
5.5870676,266.95,1415900009149951398
6.1506505,469.02,1415903240801557861
6.166228,476.39,1415906161659948332
6.2044697,494.96,1415909384452954122
5.2551394,191.55,1415937511126886333
5.2366467,188.04,1415938628730902926
4.8653255,129.71,1415990133571545532
5.892824,362.43,1416027064392254893
5.0429077,154.92,1416125708956815218
5.379092,216.83,1416441107119905785
3.8438146,46.7,1416462565839820229
5.030684,153.04,1416510432419982701
4.5636673,95.93,1416682309190602954
4.809406,122.66,1417174928989646965
5.4782,239.42,1418937987562388550
3.8110511,45.2,1419334898044402810
7.4450912,1711.44,1419404545867011365
5.5290046,251.89,1419416206499744555
4.52419,92.22,1419424307130291638
4.3583155,78.13,1419438765712086505
6.382788,591.57,1419443269849054414
3.9588213,52.4,1419471856382646362
4.03764,56.69,1419488758241195365
5.231368,187.05,1419493979612347877
4.029405,56.23,1419500767832779779
4.026102,56.04,1419506559374942898
5.64692,283.42,1419512258219625497
6.5383463,691.14,1419517451941136977
4.1387196,62.72,1419522432451078954
6.5542603,702.23,1419524757302673075
5.5026264,245.34,1419526091435012525
6.5352635,689.02,1419535476448668180
7.5126133,1830.99,1419543826093862915
5.5536375,258.17,1419606570687008601
7.4677076,1750.59,1419648547013702629
7.251758,1410.58,1420052585423488158
8.080862,3232.02,1420061965912952835
6.531582,686.48,1420126948210427049
4.7824574,119.4,1420306609498712441
7.63991,2079.56,1420306855869335909
5.4954996,243.59,1420459445944171517
4.4078493,82.09,1420778619676467014
3.6240637,37.49,1420799754443520658
3.6202512,37.35,1420812520503559440
3.2243326,25.14,1420849482428866857
5.61358,274.12,1420850632541664424
7.8696623,2616.68,1420978633560769629
5.1860027,178.75,1421019991882458446
8.050076,3134.03,1421086650720386956
5.485115,241.08,1421121264700859038
4.5238414,92.19,1421124844283209226
5.471284,237.77,1421144681926553120
4.933176,138.82,1421597886982452487
4.619016,101.39,1421654824321336715
3.4375477,31.11,1421673888406231147
5.132199,169.39,1421700351944138896
4.8708925,130.44,1421733198973728320
5.6697164,289.95,1421838649879501232
5.990075,399.44,1422488583273714544
8.115617,3346.32,1422503644038088158
5.9361444,378.47,1422608169036716911
4.300989,73.77,1423306759235900860
4.6809883,107.88,1423831714486135816
4.82203,124.22,1424051584661529256
4.6392756,103.47,1424435116161800058
4.5887656,98.37,1424509249792427622
4.8604455,129.08,1424576935252435922
4.389709,80.62,1424636371013650687
5.579438,264.92,1424695259252236017
4.238279,69.29,1425129662921359036
5.735824,309.77,1425171938946783594
4.7134333,111.43,1425174370813171067
5.2065024,182.45,1425279784893662580
4.792965,120.66,1425336436127513628
3.6747777,39.44,1425369333105240838
3.6456902,38.31,1425369650145068153
5.553279,258.08,1425378135024507435
3.7075386,40.75,1425386253034404402
3.641244,38.14,1425386759448575499
3.6198466,37.33,1425387267942371172
4.1243486,61.83,1425436724401695129
4.3269997,75.72,1425439035151743839
3.7322185,41.77,1425520377489379799
5.534855,253.37,1425787547073517335
6.6773767,794.23,1425865198854024777
4.8894215,132.88,1426033664101088796
5.163249,174.73,1426056180086611630
7.5901504,1978.61,1426073277213038085
5.6800814,292.97,1426125703728675970
6.2971396,543.02,1426130648109747450
8.317116,4093.34,1426637760045243370
4.101863,60.45,1426689404196579013
5.1610994,174.36,1426698978397839292
4.092676,59.9,1426705948171754534
4.0953174,60.06,1426713635709404178
4.7163796,111.76,1426803995568739397
8.019012,3038.18,1426809550346611511
4.9207945,137.11,1426834838314092946
7.453236,1725.44,1426861279879745936
4.375465,79.48,1427341292070539704
4.1014986,60.43,1427352529896031552
4.113096,61.14,1427433070415771198
4.4185295,82.97,1427474100077467282
4.761935,116.97,1427552534249882067
6.0494633,423.89,1429095617168355318
5.918299,371.78,1429474634338087520
5.1298337,168.99,1429546857036402768
3.644823,38.28,1429586697601277791
5.080031,160.78,1429715689816270076
4.695375,109.44,1429739628809242362
3.3866732,29.57,1429840927115611459
4.3334074,76.2,1429869685929569163
3.7824326,43.92,1430234049374515117
4.3068795,74.21,1430298052439255913
7.713071,2237.4,1430363131895004160
5.3567896,212.04,1430606282633208193
4.3532186,77.73,1430879860243243082
4.6613603,105.78,1431049462099127036
4.514059,91.29,1431112542003159682
4.2960343,73.41,1431127519197165872
5.517194,248.94,1431165803975109601
7.395295,1628.31,1431287548276281539
3.7214437,41.32,1431689483617391494
4.656997,105.32,1431906897388999033
4.474671,87.77,1431907958441083439
4.6779423,107.55,1431909555250485631
4.4277315,83.74,1431913387036223431
3.555185,34.99,1432033097140951147
5.35319,211.28,1432511428306154738
3.6526294,38.58,1433837761144904661
4.5754395,97.07,1433850836487036550
3.7476742,42.42,1433890521343399541
4.5564427,95.24,1434144768221128811
3.8481667,46.91,1434477023938978279
4.0742927,58.81,1434686287241089905
4.8658643,129.78,1434713635952016709
5.1508913,172.59,1434761546475480647
4.6841774,108.22,1434773684946791490
4.4780674,88.06,1434787124287263381
5.5981054,269.91,1434813410080007991
6.733324,839.93,1435212694641906910
5.2190056,184.75,1435272825438171152
3.63691,37.97,1435600635771780155
3.63691,37.97,1435971481884200971
5.261195,192.71,1436069131701393004
5.303028,200.94,1436074290206626276
3.9504802,51.96,1436148322363712874
5.285155,197.38,1436247123045012283
3.6653202,39.07,1436379452691558616
5.5588617,259.53,1436504753464828109
5.2350073,187.73,1436801451175294235
5.113971,166.33,1436842549157514264
5.113014,166.17,1436857537559667473
3.2292778,25.26,1436897125035766422
5.2917633,198.69,1436899086581348495
5.060619,157.69,1436918128494238239
4.977214,145.07,1437458215493507317
5.2524023,191.02,1437686415128489368
5.230536,186.89,1437696525816102846
4.4607496,86.55,1438084653468209954
4.275786,71.94,1438559320152028239
6.043243,421.26,1438567759231415661
5.6764836,291.92,1438927233554052263
5.5468254,256.42,1438949906163753632
5.461713,235.5,1438990532439338143
5.2414317,188.94,1439743854680512400
4.4900503,89.13,1439755922114731893
5.2414317,188.94,1439787554938530217
5.1270614,168.52,1439793589666665887
5.2006807,181.4,1439793642784633552
5.3341546,207.3,1439804745929940413
5.153734,173.08,1439804783952385266
5.3341546,207.3,1439820564361117784
5.3341546,207.3,1439826806836406698
5.3341546,207.3,1439832447226992346
5.313207,203.0,1439838005332117675
4.6107397,100.56,1439959117954863327
5.1035833,164.61,1440280969889622271
6.0042195,405.13,1440375571187328622
5.687521,295.16,1440378586135901437
5.8141475,335.01,1440379191108051829
5.808054,332.97,1440379869744969989
5.912367,369.58,1440380503685655376
5.78776,326.28,1440381140081945750
4.43254,84.14,1440437333029779868
4.0782566,59.04,1440452937460146388
4.05262,57.55,1440471006837088547
5.408824,223.37,1440503447412524379
4.468131,87.19,1440561606442324359
4.4138026,82.58,1440574803875379613
4.4138026,82.58,1440584443518607959
4.4138026,82.58,1440589578922718789
4.553181,94.93,1440590280843563406
4.4138026,82.58,1440594271666416140
4.7964864,121.08,1440603136430390933
4.7966347,121.1,1440612646540396364
4.7966347,121.1,1440618700454181964
4.7966347,121.1,1440624801797350723
4.8393145,126.38,1440630639829981407
5.2986765,200.07,1440631869772401641
7.6599813,2121.72,1440643273152693106
5.037408,154.07,1440774438248211873
4.1190743,61.5,1440778290236070774
3.9777434,53.4,1440787519314967722
5.537962,254.16,1441084616927661043
4.410325,82.3,1441137839035622984
4.14797,63.31,1441160886865425023
5.1765685,177.07,1441236760211782955
5.8523655,348.06,1441242761387593730
5.3240786,205.22,1441320778090431951
4.7887425,120.15,1441342928490021853
4.8493586,127.66,1441351695377465909
4.7887425,120.15,1441359218706314539
4.8268824,124.82,1441374921639861116
4.8268824,124.82,1441378955479034925
4.017088,55.54,1441849596816114119
5.6807795,293.18,1441862035674129714
4.1146054,61.23,1441876910828037716
5.3986373,221.1,1441888440738368271
3.9147856,50.14,1441898510590278343
4.5391903,93.61,1441900398466307170
5.22109,185.14,1441989390465546884
5.5872536,267.0,1442003847438152331
5.121079,167.52,1442015737949303100
5.045909,155.39,1442541582724543146
4.3402376,76.73,1442572899253219140
5.605065,271.8,1442606264868339854
5.132881,169.5,1442626871559154359
5.201998,181.63,1442657951146103585
4.3924584,80.84,1442737091813117833
5.2788725,196.15,1443279714161738779
4.5316753,92.91,1444042478482680909
3.8476233,46.88,1444182752084993697
7.5582504,1916.49,1444395383854425891
7.3464484,1550.68,1444420095327985943
6.030118,415.76,1444667155027954310
7.2764773,1445.89,1444778630759430438
7.3582387,1569.07,1444790239931636750
4.8283906,125.01,1444891113532803000
4.8283906,125.01,1444917976286381087
4.2026205,66.86,1444925112946958433
4.8283906,125.01,1444925171897816329
4.8283906,125.01,1444931358500297658
4.8283906,125.01,1444935806321485220
4.820875,124.07,1444936168296867116
4.8283906,125.01,1444944890146021843
4.8283906,125.01,1444950236141616338
5.2373266,188.17,1444987925118327919
5.2373266,188.17,1444994584586419703
4.964023,143.17,1444999308560997484
7.6820006,2168.95,1445018727330012840
5.2373266,188.17,1445091658138580735
5.2373266,188.17,1445091767704396179
5.2373266,188.17,1445093167612264447
4.7727623,118.25,1445098990208503044
3.360297,28.8,1445101660027371113
5.2373266,188.17,1445226061842491679
5.2373266,188.17,1445280868106755847
5.2373266,188.17,1445335681957837520
4.1683455,64.61,1445475325404802003
4.489053,89.04,1445550205168082603
4.9131765,136.07,1445566707057719417
3.9954512,54.35,1445585685756828083
3.5534072,34.93,1445636772140708085
3.1103091,22.43,1445678122505593159
5.0299006,152.92,1445715218125150464
5.788809,326.62,1445916692238038328
4.126587,61.97,1446177148565063985
4.9068613,135.21,1446254271461840977
4.0194654,55.67,1446310969713513439
3.899346,49.37,1446323800916890461
5.5670977,261.67,1446346947523813013
5.475425,238.75,1446386283823817549
7.396936,1630.98,1446397230604532868
4.744699,114.97,1446496219031818646
4.5086203,90.8,1446538543093450421
6.059103,427.99,1446551970397463405
3.3568819,28.7,1446622730978920555
5.327528,205.93,1446779563179378687
4.4089346,82.18,1446834871729247678
5.335566,207.59,1447066887223966057
5.0641246,158.24,1447105732460228122
4.7455745,115.07,1447119474187816538
4.7783823,118.91,1447187185598126872
4.758381,116.56,1447196798908352817
5.917043,371.31,1447638348670512465
4.3562584,77.96,1447641047293843756
6.330878,561.65,1447680541805954801
6.2014694,493.47,1447684363093544927
5.0410438,154.63,1447739079245407419
3.5884056,36.18,1447789505349119535
5.6624556,287.85,1447807598683975572
5.243061,189.25,1447809538599246015
3.4857702,32.65,1447838726388811418
7.82368,2499.08,1447841262107070156
7.789042,2414.0,1447844077877747276
8.006922,3001.66,1447846787148850471
4.6733856,107.06,1447870885823316441
5.5839095,266.11,1447904028282331834
5.0933146,162.93,1448347913717310015
4.3649936,78.65,1448447495554722096
5.050099,156.04,1449189356667919400
5.2342844,187.59,1449257071548889485
3.670993,39.29,1449276022141507504
4.699978,109.94,1449506517332174299
5.783822,325.0,1449802399815043863
5.686954,294.99,1449834515580480156
5.2823668,196.84,1449835019608938959
5.4742126,238.46,1449835577215723304
5.6366644,280.53,1449836216707820924
5.5529184,257.99,1449836718512166894
5.6685805,289.62,1449837221342758627
5.629575,278.54,1449837684546364380
5.550384,257.34,1449838368033748336
5.752887,315.1,1449838894088543432
5.083449,161.33,1449882673728393046
7.4018683,1639.04,1449912475050150908
5.647109,283.47,1451241607235619099
4.5938835,98.88,1451291618814291331
5.0064316,149.37,1451315613624384169
4.2774935,72.06,1451329753421368596
5.094715,163.16,1451332993121511155
4.9847097,146.16,1451336854732609794
5.022224,151.75,1451339784918145395
4.930156,138.4,1451357511200924340
5.5249376,250.87,1451366354997674118
5.205724,182.31,1451366379470159668
5.2637086,193.2,1451397461947342179
4.7910447,120.43,1451402326965497062
5.2493196,190.44,1451403975362132863
5.263367,193.13,1451453137939534025
4.5368986,93.4,1451950753775340665
5.040899,154.61,1451964614908573375
5.0086985,149.71,1451977612606645868
4.58117,97.63,1451987395033097698
4.1948566,66.34,1452031837112553919
5.070525,159.26,1452032277341886502
4.217111,67.84,1452046303649351355
4.2961764,73.42,1452051091522665613
5.076611,160.23,1452051133149938976
5.076611,160.23,1452076326685923732
5.052708,156.45,1452079877123897432
5.052708,156.45,1452082512024483930
6.068075,431.85,1452104425251349621
6.069322,432.39,1452111176076154709
4.53231,92.97,1452164494559448504
5.3357677,207.63,1452227802292224457
5.1826897,178.16,1452262806585316443
3.3512294,28.54,1452321155768745593
5.444697,231.53,1452633185579411666
5.171038,176.1,1452654355272027621
4.758491,116.57,1452668130746323655
4.1284842,62.08,1452683797270843122
4.3997965,81.43,1452698078425104469
8.094726,3277.14,1452825870809472666
4.528955,92.66,1452833381205729971
4.0139847,55.37,1452841857638279568
3.9181151,50.31,1452845643664402470
4.252463,70.28,1452866299107144506
6.767268,868.93,1452908807319447012
4.220026,68.04,1452921164273488935
5.6661286,288.91,1453036504870126125
8.084249,3242.98,1453433849899058085
3.8854477,48.69,1453491716708292955
3.5272887,34.03,1453496906191574562
5.847868,346.49,1453541778685347934
5.2373266,188.17,1453617812673695099
5.2373266,188.17,1453642086746692471
5.2373266,188.17,1453649654467720229
5.2373266,188.17,1453657842012702019
5.2373266,188.17,1453666939343200243
4.5957193,99.06,1453680877383351190
4.3104053,74.47,1453704541974146289
6.202143,493.81,1454091013240516162
4.0793276,59.11,1454470224583438994
3.5893793,36.21,1454480505961412500
4.444092,85.12,1454886922248630200
5.030715,153.04,1454894165280720115
4.895223,133.65,1454894251529998728
3.2902327,26.85,1455040662717821997
3.2219203,25.08,1455043955702945426
4.6611085,105.75,1455077033238083765
6.731056,838.03,1455155049186437174
6.734021,840.52,1455159610874187290
7.081329,1189.55,1455164883043558131
7.101248,1213.48,1455181981463252621
5.268976,194.22,1455208546877813452
4.405149,81.87,1455680093555279920
4.8474936,127.42,1455729775599307363
5.014292,150.55,1455861057351695930
4.284146,72.54,1455863543022377701
4.328719,75.85,1455996067951065700
5.925505,374.47,1456428596056028153
5.9764876,394.05,1456471243797269714
4.534761,93.2,1456488130588285169
4.902224,134.59,1456528473626896052
4.098397,60.24,1456599768375934795
4.3594956,78.22,1456612169416416861
4.4038296,81.76,1456621607719003025
4.873496,130.78,1456660783507471997
4.2207704,68.09,1457118561510134640
3.7204792,41.28,1457140159099353442
4.3743606,79.39,1457219029159224040
5.1320744,169.37,1457226803382772342
5.2403426,188.73,1457294358779920698
4.244324,69.71,1457480298297152783
5.4027543,222.02,1457831575777192088
5.7200017,304.91,1457862369899025539
4.910948,135.77,1457933226102002675
5.7611732,317.72,1459138231005504283
3.207613,24.72,1459995180862093103
3.8937593,49.1,1459997328139990180
3.355539,28.66,1460032034983397584
4.0561676,57.75,1460033917764496862
5.2350073,187.73,1460291149864966919
5.2350073,187.73,1460311985559060696
5.2373266,188.17,1460326387250542365
5.2373266,188.17,1460367443640548934
5.2385974,188.41,1460374166020464984
5.3341546,207.3,1460380329913159653
3.170595,23.82,1460731207720387958
3.1996083,24.52,1460736188873348726
3.2006428,24.55,1460738681211380216
3.424643,30.71,1460744155537252114
6.0120177,408.31,1460790667371663580
5.3341546,207.3,1460840258636232994
5.3341546,207.3,1460846170357654545
5.105649,164.95,1460861820560243476
4.0819335,59.26,1460869979508743911
5.105649,164.95,1460903360883960089
5.3264136,205.7,1460921484754207223
5.016571,150.89,1460930110124907897
5.097028,163.54,1460934672636904607
4.2971077,73.49,1460946104222245920
5.19157,179.75,1460959128109244625
4.097619,60.2,1460960902161270621
4.090925,59.8,1460977167072258657
4.7760687,118.64,1460986450907677186
4.1437435,63.04,1460990032073076183
5.693987,297.08,1461043883285164357
4.7760687,118.64,1461046014305445848
5.302593,200.86,1461064678998191788
5.302593,200.86,1461093703203065703
5.1429024,171.21,1461304112122370421
4.4108377,82.34,1461335901720610777
4.6351604,103.04,1461430608690904235
4.965248,143.34,1461446889167693875
4.883687,132.12,1461613613701921384
5.302593,200.86,1461617316935991724
5.302593,200.86,1461634959977600539
5.221231,185.16,1461653055135690418
5.221231,185.16,1461669169435348529
5.169102,175.76,1461686106940084999
5.174102,176.64,1461696783298342774
5.169102,175.76,1461724848642838318
5.169102,175.76,1461760873746961800
5.221231,185.16,1461804938091994442
5.221231,185.16,1461805411361041795
5.221231,185.16,1461837340010491592
5.221231,185.16,1461837347151687804
4.9172683,136.63,1462178866534338351
4.9788184,145.3,1462232552032999354
5.6498566,284.25,1462245173525082047
5.161966,174.51,1462308632057034422
5.777579,322.98,1462320563723931007
5.294104,199.16,1462333471384575567
5.294104,199.16,1462333481776170308
5.276775,195.74,1462383380760075065
5.276775,195.74,1462383458755756164
4.1127586,61.12,1462435884811396454
5.113971,166.33,1462530659018384980
5.113971,166.33,1462531146733572277
5.218779,184.71,1462818362781353622
5.6291566,278.43,1462944387187963620
5.202533,181.73,1463032815470479178
5.202533,181.73,1463032828320516134
5.2524023,191.02,1463052309328525363
5.2524023,191.02,1463052318761544778
5.2986526,200.07,1463056082798223424
5.202533,181.73,1463066889155994569
5.202533,181.73,1463066900866297801
5.206086,182.38,1463090865712852668
5.206086,182.38,1463090873739610634
4.5199504,91.83,1463184743128360954
4.2042785,66.97,1463705746992343685
7.36115,1573.64,1464508756417907266
4.3430195,76.94,1465061371767047223
5.896161,363.64,1465063796788099345
5.738243,310.52,1465103757326364481
5.592432,268.39,1465104647433287203
4.096622,60.14,1465111694967732982
5.7383475,310.55,1465128507586326376
4.6030893,99.79,1465132706700708492
4.521768,92.0,1465188169066060052
5.202533,181.73,1465194630258616970
5.202533,181.73,1465194645878223353
5.1389804,170.54,1465225518234711156
5.1389804,170.54,1465225528722897691
5.157762,173.78,1465235966580552488
4.911419,135.83,1465350843850552507
4.071365,58.64,1465397564762755857
5.646548,283.31,1465755806647005943
5.5513887,257.6,1465800246163874572
4.5485377,94.49,1465858240251407263
4.4522343,85.82,1465885492565947244
4.726296,112.88,1465950090680525867
5.300078,200.35,1466020007565752346
5.3201566,204.42,1466023133260653374
4.7837505,119.55,1466023146998017893
5.3201566,204.42,1466023232694922340
4.1161275,61.32,1466115211239965304
6.1108103,450.7,1466445753349069477
4.781035,119.23,1466448573847274539
5.6482706,283.8,1466490664145052707
7.276812,1446.37,1466539752378540288
4.4057403,81.92,1466541326407756832
4.8858285,132.4,1466548508356207791
5.172878,176.42,1466605174884176138
4.752483,115.87,1466714538991886614
5.289948,198.33,1466729655056111563
5.2810616,196.58,1466729799477008631
4.7837505,119.55,1466806815361879799
4.853985,128.25,1466831248269281791
4.853985,128.25,1466831257612272716
5.058715,157.39,1466852283833182454
5.058715,157.39,1466852295915190514
5.3745866,215.85,1467148441490890851
4.206436,67.12,1467204632899514958
4.475238,87.82,1467232996070509282
5.267584,193.95,1467273738078693523
4.8415093,126.66,1467290899086705299
5.092732,162.83,1467295534963754631
5.1454716,171.65,1467300139732667201
5.250102,190.59,1467367966166397694
5.2510934,190.77,1467367978405995074
4.5422535,93.9,1467397541403014832
5.1304326,169.09,1467405641118007680
5.19102,179.65,1467435456797360898
5.202533,181.73,1467435471469108037
5.0319176,153.23,1467442101346571444
4.961845,142.86,1467452486975196994
4.954024,141.74,1467452496495536399
5.120374,167.4,1467474748694785596
5.120374,167.4,1467474757814117207
5.61737,275.16,1467530417223162127
3.5735893,35.64,1467749012711328534
3.6123707,37.05,1467760328886209936
5.684532,294.28,1467937701571150353
5.2373266,188.17,1468114938603823063
5.4433107,231.21,1468182314609588275
5.525967,251.13,1468185373402469674
5.3341546,207.3,1468203029175915681
4.8283906,125.01,1468226005047739794
4.9072185,135.26,1468292663246898449
6.400706,602.27,1468696629418045576
7.059721,1164.12,1468713132130522396
6.8003783,898.19,1468729519013494163
4.5822153,97.73,1470097036799291669
3.9902372,54.07,1470125562358127470
4.7213717,112.32,1470182379346958266
7.4971495,1802.9,1470244041868020116
7.4668603,1749.11,1470250766135370400
7.5167394,1838.56,1470258985692240721
4.9300933,138.39,1470261982222514021
7.6352434,2069.87,1470263512643006839
5.0179334,151.1,1470268537960194369
7.5214586,1847.26,1470268971908384090
5.113911,166.32,1470270578626336529
4.8642287,129.57,1470272032080802218
5.256028,191.72,1470272416682092384
7.832571,2521.4,1470274195489087810
8.08397,3242.08,1470291110748037241
4.899828,134.27,1470299448750225351
5.516451,248.75,1470324727610311720
4.395967,81.12,1470350028897891521
5.320284,204.44,1470842594160421771
3.532002,34.19,1470879830331553063
3.68145,39.7,1470979764215729445
3.699878,40.44,1470985122047950178
3.3158014,27.54,1471001016891001231
5.2845464,197.26,1471040780409704386
7.729902,2275.38,1471144705241118229
5.2102175,183.13,1471637631712221223
4.7202168,112.19,1471660316057889600
5.0892735,162.27,1471710002247748994
5.678916,292.63,1471718230597168342
4.832133,125.48,1471733298180337893
4.047327,57.24,1471778830356127772
5.779407,323.57,1471787335774075340
5.821723,337.55,1471806062467325510
3.2394378,25.52,1471934180103390169
3.2682827,26.27,1471938534466162556
5.2982545,199.99,1472283362439843399
5.7826467,324.62,1472295345475369099
7.4080977,1649.29,1472354125519068786
4.9523463,141.51,1472478934124765228
5.825129,338.7,1472490830105792455
5.476593,239.03,1472492116156473706
5.1784863,177.41,1472913744826018780
4.259347,70.76,1472923994162582221
5.4918547,242.71,1472941900296764911
5.5473566,256.56,1472947176468345079
5.9320464,376.93,1473073781448623695
5.8726172,355.18,1473098842430655981
7.8254104,2503.41,1473123174977324233
4.775785,118.6,1473185928697993252
5.2656293,193.57,1473745841066802558
5.4279857,227.69,1473787311303283511
4.6107535,100.56,1474059949648855197
3.6900954,40.05,1474111841753145931
3.6764126,39.5,1474117138045869234
3.690293,40.06,1474373286787403415
3.6664014,39.11,1474378395626347152
5.0992618,163.9,1474482924363965433
4.458588,86.37,1474547219957677633
5.244215,189.47,1474784042581021859
5.3400173,208.52,1475114880125455017
4.420799,83.16,1475178857527258530
5.792574,327.86,1475312391871157754
5.118303,167.05,1475393806426290049
4.677378,107.49,1475405081618693730
5.5269213,251.37,1475411223029133510
4.3998604,81.44,1475445759270002623
4.7747593,118.48,1475961687414126557
5.3583026,212.36,1476077638607205170
5.35653,211.99,1476105286331514335
7.482864,1777.32,1476121021342726077
4.547263,94.37,1476127841299718697
5.3989863,221.18,1476137472201275946
7.773901,2377.73,1476235961942989176
3.6585708,38.81,1476508466617594974
3.799884,44.7,1476520095875575675
3.130431,22.88,1476526524695686619
3.6534452,38.61,1476533258781952363
4.6602774,105.67,1476555180890022314
4.675947,107.33,1476561455386153701
3.6129787,37.08,1476660562730449048
5.2548943,191.5,1476664465012349496
3.745859,42.35,1476733611849549559
7.343644,1546.34,1476759686534486246
5.450235,232.81,1476792691879996313
5.7361455,309.87,1476800640337506566
5.550235,257.3,1476850037869043773
5.189721,179.42,1476870302094081503
5.2113066,183.33,1476872034741762762
4.777147,118.76,1477187264315383306
5.482976,240.56,1477332626134314777
4.5494137,94.58,1477346296824251366
5.37916,216.84,1477363017124677081
4.6360593,103.14,1477416320289378493
3.812496,45.26,1477425545379266817
3.1236053,22.73,1477470733901504296
5.5110645,247.41,1477497419163963044
4.9060636,135.11,1477575662859078537
5.64026,281.54,1477580454829047722
4.4711967,87.46,1477589678024468484
5.921419,372.94,1477636876960265472
4.100142,60.35,1477699740901421943
3.522734,33.88,1477737161383209668
3.746277,42.36,1477753092424958623
3.7161522,41.11,1477763961932772836
5.1692905,175.79,1478040279184956822
5.598503,270.02,1478087836152168721
5.6494565,284.14,1478137667572969475
5.556034,258.79,1478172933685498451
6.1317086,460.22,1478175215654984996
4.4045615,81.82,1478233468495619373
5.5244374,250.75,1478276440528723186
6.016537,410.16,1478334864438660553
4.8540564,128.26,1479065188168750520
5.2764993,195.68,1479543475595475396
4.05152,57.48,1479580992358537282
4.480589,88.29,1479715508154606531
6.3040166,546.76,1479746459094353814
4.4528136,85.87,1479895797841412145
5.7896967,326.91,1480266912718226622
4.9162993,136.5,1480269406905528993
5.846255,345.94,1480327315862919300
5.467821,236.94,1480453659006747067
4.4054065,81.89,1480882111661342725
4.71757,111.9,1481068155363937686
4.679843,107.75,1481701550370448773
4.6975374,109.68,1481867936568959506
5.341401,208.81,1482009744709226963
5.180189,177.72,1482043421204095605
5.452147,233.26,1482050417264416990
4.65543,105.15,1482586272645953715
4.971169,144.2,1482614600008321055
3.8128715,45.28,1482635000013679802
3.845394,46.78,1482643547910943667
3.7804527,43.84,1482650095507116477
5.092718,162.83,1482656932334237964
5.0615826,157.84,1482682955331414662
5.313968,203.15,1482718267636965975
3.7732809,43.52,1483107607860809723
4.900259,134.32,1483122254571743898
3.6879218,39.96,1483132193275887380
3.5509844,34.85,1483146986534018131
3.5509536,34.85,1483272450357080093
4.020916,55.75,1483337118424420643
3.913232,50.06,1483337309435121848
3.4605582,31.83,1483456960107477890
3.483228,32.56,1483467617914954380
3.7612827,43.0,1483469457166652093
3.606833,36.85,1483491972980879585
3.4723327,32.21,1483503792081747044
3.4810305,32.49,1483505467503404543
3.7472048,42.4,1483507320752390531
3.7074506,40.75,1483508503365810191
3.4879193,32.72,1483511044809701149
5.528507,251.77,1484687656858027279
3.848142,46.91,1485248251556227123
5.113656,166.28,1485277134007295525
5.8339553,341.71,1485422620982464344
4.8316517,125.42,1485480606208497075
4.5972524,99.21,1485519712292978187
5.7630253,318.31,1485521525568629148
4.7296147,113.25,1485568247462295287
4.9147854,136.29,1485572606462113037
5.6662645,288.95,1485652478917007696
5.530405,252.25,1486041657667319503
4.2389016,69.33,1486090398245351866
5.2887173,198.09,1486186586608711146
5.5136533,248.06,1486220127242926733
4.85628,128.55,1486830579682023325
4.4251676,83.53,1486903047629133929
3.9651196,52.73,1487500928503705780
4.011596,55.23,1487534530328264754
4.744442,114.94,1487678222593310164
7.6933284,2193.66,1488444054522829189
7.289318,1464.57,1488465105129530693
4.6712866,106.84,1490431558634395529
4.7161984,111.74,1490447242766502015
7.593177,1984.61,1490492261345632064
7.563376,1926.34,1490498653224025271
7.7674522,2362.44,1490542311299908066
4.465464,86.96,1490586898425220623
5.0852556,161.62,1490821826708324517
5.434751,229.24,1491139086771923143
5.2084756,182.82,1491170285090726585
5.3184853,204.07,1491176761923963404
4.356666,78.0,1491231406115882232
4.591436,98.64,1491274819095470071
3.9312048,50.97,1491411876197190382
4.949055,141.04,1492004222489473249
4.253824,70.37,1492497644950353593
4.893074,133.36,1492603676639049810
6.088414,440.72,1492650781456816471
4.48828,88.97,1493326483779473439
5.234694,187.67,1493349759221487461
8.319707,4103.96,1493456768393024318
5.121257,167.55,1493547886974660798
4.7107873,111.14,1494060383095295003
7.6156597,2029.73,1494218228028258869
7.5984583,1995.12,1494363446786312418
4.8362556,126.0,1494387493828590900
6.1839933,484.92,1494942765624980544
6.174805,480.49,1495682230606346520
3.5194423,33.77,1496227962064336911
5.577151,264.32,1496256744298933158
5.499678,244.61,1496354153291644904
5.6470675,283.46,1496401716682878826
5.433345,228.91,1496874742684109740
4.530124,92.77,1496906219523118931
4.7441106,114.91,1496954468559586906
4.4993706,89.96,1496984493165806125
5.4032526,222.13,1497052140878646273
5.1253376,168.23,1497101669856208564
4.806649,122.32,1497137550963649922
7.8113575,2468.48,1497187630706463563
5.269958,194.41,1497234293855913990
5.299379,200.21,1497256990299403945
4.451617,85.77,1497360416924498873
4.452828,85.87,1497380350818056503
5.444134,231.4,1497839166574402637
5.924386,374.05,1498002735045870806
4.89973,134.25,1498475364495933453
7.7521276,2326.52,1498481623230973349
3.4081502,30.21,1498489409340583120
7.4644556,1744.91,1498492382772380454
5.486597,241.43,1498722563722923695
4.9944735,147.6,1500538986313917390
5.8677673,353.46,1500589613144239356
5.92067,372.66,1500751722620166366
5.525111,250.91,1501337040956634934
4.7814326,119.28,1501375305479278031
7.364245,1578.52,1501408800646630000
7.385898,1613.08,1501421273235386335
7.39647,1630.22,1502247823804565986
3.8164172,45.44,1502778768579924596
5.3879213,218.75,1502810416156445934
5.3786573,216.73,1502819688417130756
5.405618,222.65,1502823190899001960
5.349013,210.4,1502823218138262874
5.4023438,221.93,1502823242998160842
5.4546485,233.84,1502823267206681835
5.4351797,229.33,1502823300827969602
5.3850255,218.12,1502823324453556301
5.4089665,223.4,1502823349348333378
5.3846755,218.04,1502823378254541112
5.4189677,225.65,1502823392491622770
4.5034237,90.33,1503553287500631304
5.6771455,292.11,1503587700145258384
4.6530414,104.9,1503614589324437162
5.5064716,246.28,1503648630267830676
4.129694,62.16,1505243349806396318
5.3341546,207.3,1505759719445522535
5.3341546,207.3,1505760139643964059
4.5519557,94.82,1505980473810327210
5.383486,217.78,1505982110570002598
4.0549254,57.68,1506384161296559448
5.5206685,249.8,1506564429326148604
5.547862,256.69,1506570233397481099
4.6439266,103.95,1506686956162852386
5.800622,330.51,1507124591006187796
4.6367173,103.2,1507869135891288726
4.5723624,96.77,1507933716859332708
4.4575114,86.27,1507970119867840215
5.2350073,187.73,1508050579843398126
4.584639,97.97,1508074008977923948
5.1101985,165.7,1508077291311045868
4.627526,102.26,1508117013231274793
5.302593,200.86,1508131132249001046
5.302593,200.86,1508141719975727629
5.169102,175.76,1508165013622619856
5.201776,181.59,1508165057867503518
5.2196975,184.88,1508194931225710978
5.221231,185.16,1508206782748998093
5.1933255,180.07,1508523525779686829
5.216282,184.25,1508647669628882867
5.294104,199.16,1508692818595261370
5.1479774,172.08,1508704167428210205
5.276775,195.74,1508704207487313291
5.113971,166.33,1508763518474807782
5.202533,181.73,1508778122923978550
5.2524023,191.02,1508786776854352659
5.202533,181.73,1508802573551935186
5.206086,182.38,1508817213813186779
4.6509056,104.68,1508887993154841139
5.2031035,181.84,1508945468042940696
5.0438046,155.06,1509253214524973151
5.666033,288.89,1510311767458317985
4.934866,139.05,1510668249097703243
4.7380767,114.21,1510680812408535999
5.202533,181.73,1510812061657017728
4.901141,134.44,1510859362785593201
5.1389804,170.54,1510867486934835406
5.53368,253.07,1510883478634173043
5.57472,263.68,1510889022960696283
5.5618806,260.31,1510890849191244460
5.525125,250.92,1510890869078000290
5.242905,189.22,1510896874203237474
5.6198435,275.85,1510899007099012568
5.5640507,260.88,1510900400755820923
5.512304,247.72,1510905502522320645
5.362006,213.15,1510906115180062631
5.4769506,239.12,1510908652983664037
5.2421627,189.08,1510910639132922743
5.57717,264.32,1510913293825013136
5.52102,249.89,1510913311588683035
5.285583,197.47,1510937179888191500
5.225558,185.96,1510966222649093911
5.259795,192.44,1510977333550255977
5.3201566,204.42,1510989034351958182
5.2917633,198.69,1510996713681635878
4.794934,120.9,1511006986093548806
5.2000003,181.27,1511035570413097684
5.5578938,259.28,1511354037698074518
5.61683,275.02,1511479511426610210
4.2092323,67.3,1511511522203538902
4.853985,128.25,1511551390084765770
5.058715,157.39,1511569856213743846
5.0412736,154.67,1511578895970621892
5.2458196,189.77,1511587214721113655
4.840042,126.47,1511598334426746000
5.202533,181.73,1511626409049281818
4.9262285,137.86,1511633136349144898
5.147789,172.05,1511643714724848015
4.8725266,130.65,1511653123800998669
5.301406,200.62,1511665152513985571
4.891931,133.21,1511686579576107938
4.2853103,72.63,1511702911892470789
4.9309344,138.51,1511707065540027215
4.728078,113.08,1511822457869963718
5.6653852,288.7,1512076009661289624
5.649825,284.24,1512105241974232794
5.833333,341.49,1512152457262736751
5.8619328,351.4,1512162981697231113
5.513072,247.91,1512210468592196754
4.738935,114.31,1512271358546201015
4.540573,93.74,1512304538659376692
3.615772,37.18,1512307610488477523
5.6385007,281.04,1512310435397721554
5.490323,242.34,1512334321510718640
4.918927,136.86,1512495421025607667
4.8187485,123.81,1512530725731864069
5.629758,278.59,1512858688710529562
6.037117,418.68,1512860236368201436
5.612192,273.74,1512861321704791318
5.466256,236.57,1512862296737841917
5.9321404,376.96,1512863422327906179
5.510473,247.27,1512866203039623642
5.887499,360.5,1512866799162453583
5.5110784,247.42,1512869780805007594
5.662704,287.93,1512900649095731123
4.924932,137.68,1513048777635901776
4.8350334,125.84,1513081707787886971
4.752288,115.85,1513093967248502345
4.6995125,109.89,1513115681118178749
4.8547297,128.35,1513128967869507626
4.990645,147.03,1513136355986706843
4.646986,104.27,1513145204085408668
4.473416,87.66,1513154452147237024
4.561853,95.76,1513217292341031183
4.9843893,146.11,1513228171453486252
4.9893923,146.85,1513249153185844846
4.8304377,125.27,1513264996012865411
3.66343,38.99,1513469563440816163
3.782433,43.92,1513488773006766099
4.869059,130.2,1513716492464356496
7.289893,1465.41,1514442824959938928
7.66815,2139.12,1514576646620753652
4.524816,92.28,1515108067816925471
3.8910565,48.96,1515115399206422489
3.6109464,37.0,1515119407665404637
5.136446,170.11,1515315153666963505
5.574238,263.55,1515769725669632268
4.0207815,55.74,1515806994719414950
4.9681063,143.75,1515994996452759082
5.928856,375.72,1516020303773809729
4.3969502,81.2,1516542010453506704
6.4786115,651.07,1516556389253967445
6.5192714,678.08,1516562385947901542
5.2373266,188.17,1516615811175605174
5.3341546,207.3,1516625804360908609
4.4138026,82.58,1516649303587644245
5.696963,297.96,1516703866513101950
8.232923,3762.82,1516798146192411344
4.237239,69.22,1517222416429221001
5.292228,198.79,1517479020186893562
5.4287543,227.87,1518111461419691435
4.2183285,67.92,1518254479788683722
4.6508164,104.67,1518668897208991032
4.9347653,139.04,1518766271807443749
4.9235325,137.49,1518772655725047900
5.467119,236.78,1519542083266349115
5.3476024,210.1,1520156329300506474
5.302804,200.9,1520189966932430036
5.4521747,233.26,1520264017678758558
4.9169936,136.59,1520865777438891209
5.0187197,151.22,1520926301115278169
4.563955,95.96,1521559024666466405
4.5637703,95.94,1521592347899762738
5.7533474,315.24,1521611356980702893
5.5721254,262.99,1521653356685233764
5.333783,207.22,1521814663337306711
3.5598216,35.16,1522387125170335156
5.4455137,231.72,1522444408335300280
6.43674,624.37,1522473886585795040
7.2979155,1477.22,1522552925516269312
7.3161016,1504.33,1522556353828445777
7.454743,1728.04,1522631649812204664
7.5164847,1838.09,1522636417811599205
4.8725214,130.65,1523111200875310438
5.801126,330.67,1523186007866359489
5.616592,274.95,1523298389983759894
5.985327,397.55,1523727868916783852
3.6693518,39.23,1523804940782866048
5.603593,271.4,1523844188508154935
4.9681063,143.75,1523900051961276075
3.3964043,29.86,1523924524162549696
3.345445,28.37,1523942309277037754
3.4158647,30.44,1523949326349301194
5.6796045,292.83,1523996938658847897
4.188235,65.91,1524625204338808450
4.0285296,56.18,1525163870636695472
6.518401,677.49,1525338202996555065
4.382826,80.06,1525953654881978476
4.4113297,82.38,1525961059526499769
4.5624294,95.82,1525970799535168443
4.600288,99.51,1525995809480093600
5.74848,313.71,1526213842410632577
4.2517734,70.23,1526747137079016670
4.4854264,88.71,1526767754370909745
4.416821,82.83,1526850551118651133
4.690192,108.87,1526858935356207928
4.14558,63.15,1526893732428606997
4.0578895,57.85,1526999509848418531
4.523614,92.17,1527453303354509852
5.4268327,227.43,1527458740774565630
5.62787,278.07,1527460728625836127
5.851736,347.84,1527493612015368095
4.488371,88.98,1527508167401926091
3.5584466,35.11,1527538410972809447
5.507203,246.46,1528099331596566996
5.4331913,228.88,1528130797455643619
4.5455203,94.21,1528156652765053161
4.7922883,120.58,1528785247049018413
5.2696466,194.35,1528846928228023157
5.6259255,277.53,1529758383271736708
5.3356023,207.6,1530288946112653374
5.104354,164.74,1530983548647741893
5.795055,328.67,1530988151693990930
5.126619,168.45,1531059749250601677
5.5165095,248.77,1531076234894631246
5.0396814,154.42,1531223887046838769
5.012046,150.21,1531234410227888598
5.153601,173.05,1531239728090317082
4.3860245,80.32,1531679478460185533
4.6803946,107.81,1531690906254053053
4.570301,96.57,1531690941363056306
4.938506,139.56,1531727682297340710
5.7471337,313.29,1531774044693632796
4.5001884,90.03,1531780481267023044
4.1293445,62.14,1531815817670665286
5.5657363,261.32,1531862356423854526
4.9681063,143.75,1531994396400452060
4.9681063,143.75,1531994659766874430
3.6585684,38.81,1532140542753707973
3.7065647,40.71,1532379150409679233
5.0689807,159.01,1532508614264622843
5.242604,189.16,1532565672493115333
6.8198133,915.81,1532599677090381378
3.70874,40.8,1533207281367979253
4.909894,135.63,1533349656480571074
4.9379253,139.48,1533374823193444934
4.9681063,143.75,1533489527309778665
4.896959,133.88,1533489669098564803
4.9681063,143.75,1533491226635014813
5.0264444,152.39,1533931124696787553
5.3358083,207.64,1534097623421172238
5.5520344,257.76,1534211447068175026
5.266505,193.74,1534644609420573238
5.1680484,175.57,1534867125375427062
5.3433595,209.21,1534902178739046159
3.7185473,41.2,1535270634438054294
4.248161,69.98,1535491676782674977
5.789142,326.73,1535536687474376310
5.6936336,296.97,1535539660254531438
5.808142,333.0,1535542288394905638
5.766506,319.42,1535544402305469941
4.5679684,96.35,1535715840303845878
4.2013683,66.78,1536099316973420138
5.1595163,174.08,1536239921751862051
5.1442327,171.44,1536248962292456895
4.960072,142.6,1536268874345678286
4.9681063,143.75,1536299796619402690
5.004572,149.09,1536320021955225611
4.9681063,143.75,1536325756004807032
5.514968,248.38,1536325819475075294
4.9681063,143.75,1536328288151088560
3.833681,46.23,1536438029711475706
5.1800375,177.69,1536814710341574125
5.3341546,207.3,1536943947922627588
4.421701,83.24,1536985796786353940
4.816492,123.53,1536987127300311760
5.003596,148.95,1537039459314640665
5.5162735,248.71,1537051952733400742
3.6818955,39.72,1537206082003007024
4.3569508,78.02,1537669488113809828
4.5971723,99.2,1537741977935838419
4.603599,99.84,1537847584600764037
4.603599,99.84,1537847605342780315
4.8283906,125.01,1537886059176524864
4.8283906,125.01,1537886249588753099
4.644438,104.0,1537966362095074054
4.644438,104.0,1537966861349420010
4.1993613,66.64,1538336545668612089
4.999942,148.4,1538941001433477855
5.3720703,215.31,1539038626939475945
4.26348,71.06,1539307465281130646
5.1636314,174.8,1539674143051354411
4.1668773,64.51,1539731550707116510
4.150441,63.46,1539783559623577546
5.013642,150.45,1540471373850058839
4.3048553,74.06,1540488481112154158
4.454588,86.02,1540718238482127176
4.362674,78.47,1541131533078957225
4.2959414,73.4,1541140530891882874
3.6617026,38.93,1541175952281043397
5.514968,248.38,1541391628194937470
4.9681063,143.75,1541391699643200038
4.9681063,143.75,1541391782034657120
4.443449,85.07,1541442776193227940
4.4084826,82.14,1542027150581812230
4.210879,67.42,1542182021781319584
5.106065,165.02,1542663668375497171
5.4709783,237.69,1542688795248551324
5.112004,166.0,1542711684941146026
5.5306473,252.31,1543258069750643168
3.7775738,43.71,1543494163543783170
4.2308273,68.77,1543573011593895163
4.1532016,63.64,1543653420935275182
4.554759,95.08,1543667775890383536
5.5363445,253.75,1544193716438948681
5.4554887,234.04,1544246964047740629
4.962692,142.98,1544273789671049776
4.962692,142.98,1544273926843687306
4.9546576,141.83,1544273946346844858
4.8283906,125.01,1544319899423774094
4.644438,104.0,1544330618482844420
4.223499,68.27,1544371642738590788
4.3264756,75.68,1544548174177899655
4.5820055,97.71,1544748113060613586
5.064194,158.25,1544855445404440571
5.0180974,151.12,1544915388026958852
3.8313298,46.12,1545207178004291449
4.474671,87.77,1545534273942943350
5.358835,212.48,1545635116047069451
3.5914717,36.29,1545635355117907487
5.4625993,235.71,1545869252327877055
5.8206267,337.18,1546414278050501825
4.5278525,92.56,1546478264416208179
5.0569406,157.11,1546942726237832827
5.0907683,162.51,1546951735405448104
5.067986,158.85,1547014394198189052
4.697369,109.66,1547223007416480667
7.6341677,2067.65,1547694230972602551
5.2569847,191.9,1547784321240819108
4.296814,73.47,1547788594644764496
4.644438,104.0,1547865274898333807
4.8128304,123.08,1547866388426887989
4.644438,104.0,1547879437592775147
4.8283906,125.01,1547881259502298318
6.4331284,622.12,1548178014374619383
4.656327,105.25,1548441238238941651
3.5153582,33.63,1548523992104670926
4.932613,138.74,1548597365745446712
4.6464496,104.21,1548927786860793117
5.7505174,314.35,1549083623639530710
3.6580863,38.79,1549115479809346337
6.484326,654.8,1549275198390312353
4.9715643,144.25,1549410452090176831
6.273058,530.1,1549421575781439933
5.4619846,235.56,1549457811807411081
5.024239,152.05,1549870946243426623
4.095123,60.05,1550180975343067226
5.088747,162.19,1550589181826545865
4.2253065,68.4,1550869860285132261
4.577674,97.29,1550915954111485222
5.1798806,177.66,1551321117261139618
3.8375437,46.41,1551682422678814037
5.094203,163.07,1552160580444458949
4.325328,75.59,1552165423114417147
5.327086,205.84,1552191914475429682
5.412877,224.28,1552205641003543754
4.3157086,74.87,1552317739046581025
4.564679,96.03,1552332453373480150
4.7811193,119.24,1552785861101399793
5.3320255,206.86,1552794741983520610
5.465398,236.37,1552953758532830494
4.775573,118.58,1553768450087014133
5.0557246,156.92,1553768476666291081
4.733828,113.73,1553812724721274460
4.7259574,112.84,1553816677578929321
4.551088,94.74,1553822317028439424
5.5288234,251.85,1554170391862495059
5.6365337,280.49,1554177992110919706
4.176978,65.17,1554272327416027360
3.8028345,44.83,1554330906106672296
4.1625414,64.23,1554366591599847311
5.222279,185.36,1554542558375819722
5.7913733,327.46,1554979312461807841
4.7037873,110.36,1555134659485597465
3.2815962,26.62,1555345638629833474
4.750548,115.65,1556401626398519139
4.93588,139.2,1556450374330409926
4.433166,84.2,1556539781169353221
3.919463,50.37,1556565523031239173
4.4279203,83.76,1556703728764100055
4.9612074,142.77,1557085522074654325
4.4474907,85.41,1557099897496870311
5.153196,172.98,1557103301070157171
5.0027595,148.82,1557127182417483863
3.8811283,48.48,1557127561488284680
3.9095361,49.88,1557133281179497298
7.0608387,1165.42,1557162540434489063
3.8310618,46.11,1557191522790481805
3.8131304,45.29,1557195749148420615
5.2142625,183.88,1557263733240643355
5.4022145,221.9,1557812523251907491
4.883489,132.09,1557862684417064352
5.8536253,348.5,1557883588159763987
4.998925,148.25,1557895760077301487
4.9554353,141.94,1557895954783170630
4.8283906,125.01,1557913758603276309
4.3750286,79.44,1557960399204326236
5.411787,224.03,1558000455141920623
5.2362614,187.97,1558267529722907914
5.1509347,172.59,1558512665682953975
6.3116975,550.98,1558556622813747720
6.2766767,532.02,1558594876185937497
5.2548532,191.49,1558914174699379170
4.126728,61.97,1559269472405951265
5.8071184,332.66,1559291378556541490
3.802093,44.79,1559305334240501648
4.8674808,129.99,1559971767567841132
4.595551,99.04,1560231234386119953
4.5907826,98.57,1560315683422985144
4.632318,102.75,1561006127381071767
4.2173986,67.86,1561144653676200355
6.7865005,885.81,1561408145773066126
4.782317,119.38,1561457203207465866
5.408902,223.39,1561472854757653453
5.0949407,163.19,1561530849473390200
6.184731,485.28,1561681223831115800
4.9099264,135.63,1561716189090418210
5.0885057,162.15,1561845603081566143
5.2725487,194.91,1562150475993598744
4.353883,77.78,1562221909901302878
5.459991,235.1,1562284788413178721
5.548627,256.88,1562291130258600736
5.034841,153.68,1562308474645926784
4.998454,148.18,1562308980250119822
5.062218,157.94,1562329580192490490
4.9469504,140.75,1562340185023374666
4.522267,92.04,1562347827595825791
5.8228345,337.93,1562386064624048321
4.460152,86.5,1562551833915607421
3.9402218,51.43,1562874899281218643
3.9076307,49.78,1562885483306328299
3.915519,50.18,1562896855932269198
4.9393106,139.67,1562910950649708734
3.915519,50.18,1562912478699788975
5.863286,351.88,1563044363463963629
5.312593,202.88,1563108633062759974
3.59514,36.42,1563640225412318513
5.6066923,272.24,1563686228580186338
5.8162093,335.7,1563802780929227238
5.7297974,307.91,1563827966674839355
5.4825187,240.45,1563969304419372285
5.788902,326.65,1564322942446716042
5.8680243,353.55,1564369702322944311
7.4547305,1728.02,1564535947722085335
7.5713844,1941.83,1564553692369493845
4.992761,147.34,1565144144382422746
4.0729003,58.73,1566030230905438595
5.6837754,294.06,1566035391273149756
4.8834867,132.09,1566545388635881050
4.815782,123.44,1566586160185117980
5.260683,192.61,1566657185240941815
3.3513181,28.54,1566817327546233655
3.4338155,30.99,1566833546047365004
5.241201,188.9,1567372027086346670
5.680342,293.05,1567415582934197159
4.280339,72.26,1567452883818467728
3.53433,34.27,1567458498844851566
3.5808966,35.91,1567535293279249205
5.024756,152.13,1567899019068257969
4.9122868,135.95,1567978928342102099
5.109384,165.57,1567985873659883473
5.011912,150.19,1567989652879713455
5.0291266,152.8,1567993271916185793
3.4220257,30.63,1567996218616987656
5.015566,150.74,1567998077717270659
3.5825157,35.96,1568013560112185475
3.5237405,33.91,1568019909429104558
4.0841813,59.39,1568064326892310476
4.9681063,143.75,1568124098721313673
5.052076,156.35,1568129534783891926
4.8155093,123.41,1568281181743318128
5.3720064,215.29,1568634198153902459
5.376258,216.21,1568774938396357222
4.1617265,64.18,1568806405747616785
4.9681063,143.75,1568910349987276743
5.7930784,328.02,1568913030992377996
4.8283906,125.01,1568915625932354541
4.603599,99.84,1568921572367221074
4.717895,111.93,1568968202629700937
4.7267175,112.92,1568973277489757263
3.334113,28.05,1569002493148736939
7.3175673,1506.53,1569007586819864216
3.4140491,30.39,1569036470145641667
5.942366,380.83,1569356457249893249
4.181415,65.46,1569459426407327054
4.3567624,78.0,1569467260888031795
5.3640018,213.58,1569475549806570919
4.838249,126.25,1569517982471913357
4.3460946,77.18,1569544689274284454
5.0881805,162.09,1569565716734674937
6.0570903,427.13,1569598154325361772
5.6763477,291.88,1569614618270936693
4.1684403,64.61,1570123436884051000
4.1178694,61.43,1570265755726418419
5.6995564,298.73,1570497120713216853
4.298895,73.62,1571713438712645540
5.5298023,252.09,1571858220040029878
3.817731,45.5,1572342411794224976
4.9989038,148.25,1572384195644458600
3.6667042,39.12,1572793601295971536
5.3456373,209.69,1573058133520338625
4.404769,81.84,1573117675347174653
4.4728413,87.61,1573184691445457964
4.758866,116.61,1573209547364775837
5.1186023,167.1,1573254062910601757
3.8709,47.99,1573295676544414781
3.5242338,33.93,1573785429401060039
5.5364513,253.78,1573881482386609944
4.2527947,70.3,1573964299105561234
5.346784,209.93,1573979758604063006
4.369211,78.98,1574013671387832555
5.826916,339.31,1574462061137150864
5.2970123,199.74,1574562078735914819
6.948202,1041.28,1574564096739283807
5.2903233,198.41,1574589047755743504
5.226414,186.12,1574610282098430562
5.033609,153.49,1574625843806221427
5.014262,150.55,1574642734326440849
5.1275573,168.6,1574644031414351572
4.9317927,138.63,1574760542225568017
4.4019165,81.61,1575922374703075963
4.3965983,81.17,1576302000335009666
4.4039536,81.77,1576316851551479829
4.505389,90.5,1576318106474015241
5.480809,240.04,1576732145225352385
5.571713,262.88,1576740458960482740
4.9538517,141.72,1576784396911593123
5.317744,203.92,1576843542388720964
5.259427,192.37,1577468880178549785
5.3429604,209.13,1577468887531161850
5.516273,248.71,1577469016640741758
5.3885846,218.89,1577469026136534461
4.575476,97.07,1577474829658198008
4.5489583,94.53,1577477901362927313
4.369211,78.98,1577486916211326429
3.8317106,46.14,1577487250375154930
3.9193876,50.37,1577531071908809189
5.988603,398.86,1577629256455964699
3.4065897,30.16,1577727371821587545
3.8127959,45.28,1577733761606886180
5.1802006,177.72,1577734568722228205
4.3160467,74.89,1578125010939265256
4.645571,104.12,1578174451653136693
5.721065,305.23,1578292438946364337
5.5072303,246.47,1578294570650936479
5.536751,253.85,1578296869665536438
5.405009,222.52,1578298198260378313
5.509695,247.08,1578299470316826251
5.514832,248.35,1578300569804112834
5.4717684,237.88,1578355667613419556
3.602596,36.69,1578594799695170267
4.2539487,70.38,1578872329193794854
4.4407907,84.84,1578888266875880483
4.4264593,83.63,1578911470497920221
5.3808103,217.2,1578931390661197845
5.526096,251.16,1578937934262204010
5.771288,320.95,1578939589737960918
4.1869173,65.82,1579054299186157444
4.1572027,63.89,1579589863670566012
5.439707,230.37,1580301434852291155
4.464756,86.9,1580462237021146002
5.776484,322.62,1581101950390813178
5.1695137,175.83,1581281842411096005
6.1054873,448.31,1581292333571505248
3.488601,32.74,1581374715746154776
3.3613408,28.83,1581388718734887536
6.0097504,407.38,1581763244445931075
5.447824,232.25,1581764159610763769
5.8377743,343.02,1581766334027253299
4.818596,123.79,1581823190935427843
4.7913156,120.46,1581830533993323391
5.6845927,294.3,1581902367739167921
3.8647285,47.69,1581913565413592022
4.175583,65.08,1581931148386522992
3.911935,50.0,1581950099868663459
4.369211,78.98,1581979815205546857
4.962692,142.98,1582016488482623964
4.603599,99.84,1582031371602719693
4.644438,104.0,1582094228373530954
4.8128304,123.08,1582115621848335971
4.9100757,135.65,1582137573776679157
3.911935,50.0,1582436051608496133
3.4406705,31.21,1582797330374048829
4.3692307,78.98,1583153724212106963
4.4715967,87.5,1583186287292577738
4.6332297,102.85,1583230255241318095
4.2865834,72.72,1584926931368166582
4.6419563,103.75,1584958635040615561
5.397869,220.94,1585472666496253319
4.5820446,97.71,1585590611911455980
5.616573,274.95,1585662784156859250
5.852596,348.14,1585726817355897739
4.8983917,134.07,1586343234554507221
4.355344,77.89,1586350062026224729
4.9492316,141.07,1586354552737034062
4.869865,130.3,1586358697623087051
4.938969,139.63,1586362045846748395
4.28324,72.47,1586911339607371042
5.5238113,250.59,1586912270759788401
4.2716217,71.64,1586920573276813245
4.5650606,96.07,1586931156550793986
4.3591685,78.19,1589358053923533522
4.312646,74.64,1589688860349945052
4.369211,78.98,1589889222934397836
4.369211,78.98,1589889239926426429
4.369211,78.98,1589889259431437589
4.369211,78.98,1589920562109215824
4.369211,78.98,1589920579198780306
4.369211,78.98,1589920593611689554
3.4575493,31.74,1589995927264839632
3.6296463,37.7,1591410822722062137
5.22022,184.97,1591957619521786700
5.3833027,217.74,1592127100840080923
5.7956386,328.86,1592596827673530032
5.8697386,354.16,1592850639200269648
5.6265635,277.71,1592921256822055059
4.134524,62.46,1593578865327289786
4.0278597,56.14,1594090669860089888
4.5408177,93.77,1594152490252683017
4.5903254,98.53,1594165941369832067
5.4745765,238.55,1594217386553883970
5.456429,234.26,1594272973224949795
5.398739,221.13,1594440139272757506
5.878215,357.17,1594905462379683085
4.3910832,80.73,1595228527122029666
4.369773,79.03,1595994810740160188
5.22735,186.3,1596392556173770021
4.972846,144.44,1596452011874820819
3.7685242,43.32,1596643796928187349
4.3638134,78.56,1596985033359157947
4.676463,107.39,1597008326645860163
5.715474,303.53,1597018704737639023
4.042462,56.97,1597056630017300992
4.2830677,72.46,1597072590792423072
4.100021,60.34,1597080907068637888
4.7575607,116.46,1597082101924374898
4.1300898,62.18,1597095671648250140
4.452561,85.85,1597119189145045145
4.317539,75.0,1597291329193388623
4.187983,65.89,1597694682236071414
4.145695,63.16,1597701989456757689
4.227159,68.52,1597736285345030095
4.158811,64.0,1597744293636379954
4.215583,67.73,1597755781996146399
4.3092027,74.38,1597767915155831973
5.246959,189.99,1597768912132785880
4.0924807,59.89,1597777336642659317
4.1895947,66.0,1597779179010735604
4.2714515,71.63,1597803002820158567
5.3416843,208.86,1598054461153957456
3.791029,44.3,1598343233063766714
3.6105576,36.99,1598467652689096491
3.5442245,34.61,1598470752571845561
4.481675,88.38,1598539467337652062
4.2774353,72.06,1598560882787253700
5.645383,282.98,1598643228652849228
4.915809,136.43,1599059278126543075
4.1217556,61.67,1599295628013771135
5.3571415,212.12,1599324130959186522
3.7601128,42.95,1599329636674268770
4.613501,100.84,1599437163997682644
4.2969747,73.48,1599938548417061887
4.422089,83.27,1599938750048148559
4.4887824,89.01,1599943763855429949
4.455996,86.14,1599943765975036584
4.487965,88.94,1599943771309424563
4.446804,85.35,1599943774631402576
4.472051,87.54,1599943778977453228
5.2246118,185.79,1599955631267538788
5.3306375,206.57,1599957304088580790
4.8632565,129.45,1599957873265678512
5.1026025,164.45,1599958376281158570
5.5737767,263.43,1599990789324564328
5.5682273,261.97,1600572388994234776
4.487225,88.87,1600579717858726377
4.482611,88.47,1600580502543651256
4.44529,85.22,1600580526416677001
4.4545584,86.02,1600580555420367352
4.4902186,89.14,1600580584589504384
4.51287,91.18,1600580612440323532
4.470363,87.39,1600580636125602370
4.400831,81.52,1600580667507384899
4.5162635,91.49,1600580714380275632
4.2272406,68.53,1600586361512191332
4.4157805,82.75,1600614653955386733
3.5997741,36.59,1600775626846097634
4.341045,76.79,1601385990779653473
4.5273166,92.51,1601399424818686660
5.7839985,325.06,1602020351151598583
4.469782,87.34,1602101433588860176
4.0247726,55.97,1602115342257892694
4.326211,75.66,1602215496604147985
4.345502,77.13,1602250572444605121
5.8014884,330.79,1602375221241156514
4.531238,92.87,1602670845841641921
4.280631,72.29,1602711260229283257
3.7967393,44.56,1602818880061565612
4.086637,59.54,1602886800894328817
5.641134,281.78,1602925611160590362
6.052361,425.12,1603012116159754636
4.281851,72.37,1603501294071391010
5.053391,156.55,1603573293042452671
5.4055686,222.64,1603647692808128664
5.005915,149.29,1603678572063552606
5.9266067,374.88,1604177628877816817
5.8642206,352.21,1604274871970093032
5.915133,370.6,1604453050269449247
5.419254,225.71,1604737985081813734
5.5741143,263.52,1604933801833997994
4.45456,86.02,1605002241133006861
5.1364,170.1,1605074570487421093
3.6364257,37.96,1605079545311583862
5.3295603,206.35,1605132200822893990
5.5470395,256.48,1605143133937242446
5.528722,251.82,1605152988123171042
4.8145924,123.3,1605678104670226855
4.697341,109.66,1605982590537682348
3.5345309,34.28,1606024404238943653
3.5345309,34.28,1606034202713692036
3.572183,35.59,1606042226847717879
5.151205,172.64,1606333021254324287
5.299958,200.33,1606641129102153791
5.1894913,179.38,1606771341859451677
4.4608502,86.56,1606971707429035061
4.9884496,146.71,1607124978434426595
5.1442666,171.45,1607245312115402394
4.0454416,57.14,1607369378305214545
3.7554116,42.75,1607415542759182211
5.4283795,227.78,1607839799342917558
4.9690795,143.89,1607842722698183019
6.02166,412.26,1607874069530698694
5.088869,162.21,1608281019532833379
4.035783,56.59,1608533693494793884
4.116627,61.35,1608544712663808076
4.0550365,57.69,1608545584442500572
4.069395,58.52,1608545776152920638
6.0399776,419.88,1608583682144982832
4.1939383,66.28,1608677662580334885
5.209023,182.92,1608707384766483229
5.431042,228.39,1609295971931455365
5.1495504,172.35,1609312922834902371
4.8787837,131.47,1609312923050163893
5.169261,175.78,1609312923087396427
4.953819,141.72,1609313198571117549
4.986315,146.4,1609313198585069648
5.0704355,159.24,1609313199008507827
4.8996515,134.24,1609313199053924382
4.2396326,69.38,1609338925848768203
5.618951,275.6,1609418206867705218
5.6182246,275.4,1609510748868918686
4.162645,64.24,1610187773546351473
4.249121,70.04,1610208267350718123
4.121069,61.63,1611672975441341955
4.737856,114.19,1611675883212686621
4.350954,77.55,1611949810216431461
4.173433,64.94,1612181116267558296
5.956718,386.34,1612188855177670529
5.0075145,149.53,1612238663444428129
5.0743475,159.87,1612238663659987255
4.64702,104.27,1612242000655069322
4.938715,139.59,1612245156500483725
4.9287834,138.21,1612245156556316045
4.811063,122.86,1612334364896239314
4.7854943,119.76,1612335782878370897
5.412641,224.22,1612361314594716409
5.567673,261.82,1612365334041283162
5.8768783,356.69,1613883788899896181
4.2683125,71.4,1614084609021856170
5.386148,218.36,1614341247967188369
5.2954955,199.44,1614389576232087622
4.344124,77.02,1614484203015041786
5.2787538,196.13,1614520978927225695
4.9072104,135.26,1614609408863777075
4.356509,77.98,1615085544046982553
4.48788,88.93,1615085785406953819
5.1958375,180.52,1615146156356771655
4.4733696,87.65,1615192561583142650
5.525113,250.91,1616039356411173534
5.5348253,253.36,1616071699495198984
5.7367897,310.07,1616148840238354399
5.5632095,260.66,1616606370835960935
5.280989,196.56,1616631860475297465
4.554408,95.05,1617216474686545025
5.206594,182.47,1617298036105965099
4.0767217,58.95,1617304449818556731
5.625199,277.33,1617433596155269051
6.046947,422.82,1617445622808659903
6.1746764,480.43,1617446542652279709
4.372423,79.24,1617542635340808110
5.586914,266.91,1618196639862047278
4.7955623,120.97,1618292708334807690
5.8064585,332.44,1618403747125074505
4.3655515,78.69,1618712586686485961
4.775068,118.52,1618792598316982726
4.7869244,119.93,1618798291530320072
4.8512087,127.89,1618798291530459013
5.87481,355.96,1618845299713397461
3.949104,51.89,1618851022375632094
5.435232,229.35,1618852697839705035
6.038451,419.24,1618871944808919007
5.930665,376.4,1618875647100198040
4.5303917,92.79,1619184878550306555
4.3859854,80.32,1619364527377344661
5.470599,237.6,1619429060945381936
5.5087852,246.85,1619455935389260112
5.5868382,266.89,1619518551868419785
5.683404,293.95,1619622493144563574
5.7122445,302.55,1619643460017961650
6.198718,492.12,1619667195124227422
5.549494,257.11,1620160446652835689
5.414578,224.66,1620309820157293875
4.235729,69.11,1620352905857941300
5.331609,206.77,1620353959810860249
5.779312,323.54,1620441980534159617
4.240647,69.45,1620544727472650911
4.0025496,54.74,1620548445357132299
4.2322245,68.87,1620584187836396797
4.5460553,94.26,1621169602940353889
4.644358,104.0,1622405273157290339
5.2256474,185.98,1622410864205821214
5.6752067,291.55,1622433802230201204
5.434676,229.22,1623040000950263812
4.5914226,98.63,1623050550276212085
6.150706,469.05,1623052966076589269
5.1368246,170.17,1623059638427920889
4.8699336,130.31,1623063737572910623
5.18581,178.72,1623076390549384579
4.2333164,68.95,1623099949153138609
3.733961,41.84,1623119048523321261
5.5772038,264.33,1623129686970060286
4.000191,54.61,1623138583509947870
5.3178806,203.95,1623146846300338649
5.502278,245.25,1623148881271962433
5.7081714,301.32,1623173296504381003
5.16896,175.73,1623190571518716752
4.9943013,147.57,1623202651319366192
4.088635,59.66,1623289005520410092
4.8448834,127.09,1623327963640139928
4.1420054,62.93,1623422686545366771
4.3183227,75.06,1623698503647246314
4.336189,76.42,1623736444955650039
5.265978,193.64,1623826314272517165
5.4120407,224.09,1623827780965193394
4.770292,117.95,1623845411597283708
4.7123713,111.32,1623845411602757124
4.487496,88.9,1623852635437942326
4.4833508,88.53,1623853332444576256
4.3097196,74.42,1623878629650061442
4.4025116,81.66,1623879857767770489
4.361246,78.35,1623881988012393482
4.2576513,70.64,1623920817849866843
5.8136115,334.83,1623922730425823108
5.2302184,186.83,1623934637415285973
4.3346143,76.3,1623937138593018917
5.22289,185.47,1623949305537469025
5.484262,240.87,1623953029687564482
5.5338154,253.11,1623953029915342309
5.485282,241.12,1623953030009714275
4.3294673,75.9,1624022739720889697
4.2132297,67.57,1624083033690179790
4.5728464,96.82,1624093495268601656
5.537296,253.99,1624473518060044037
5.3780966,216.61,1624475167123870759
5.4996305,244.6,1624476030551625052
5.1317244,169.31,1624477204989352494
5.3323607,206.93,1624530674931650876
4.3508477,77.54,1624577081445143978
3.9424968,51.55,1624595358914694581
4.7774467,118.8,1624617912674163231
4.8234205,124.39,1624620202902766334
4.819103,123.85,1624620203253643177
4.0798974,59.14,1624648894361025347
4.8230953,124.35,1624671760089278137
4.90432,134.87,1624671760645865480
5.2720504,194.82,1624673786649187324
5.3727283,215.45,1624684747087799363
5.3556447,211.8,1624684747166408054
5.254604,191.45,1624684747207025152
5.360916,212.92,1624688722094392051
5.4977937,244.15,1624688951143003846
5.443507,231.25,1624688951344161235
4.942354,140.1,1624698841791453919
4.780138,119.12,1624698841966708063
4.698773,109.81,1624698843736165035
4.587689,98.27,1624699444954979358
4.7777944,118.84,1624699445044491979
4.684393,108.24,1624699445202049531
5.518203,249.19,1624700584468001564
5.465649,236.43,1624701769294432138
4.997002,147.97,1624702751893229465
4.8016934,121.72,1624703309543162633
4.936052,139.22,1624703310016776171
4.977663,145.13,1624708937768021695
5.3727875,215.46,1624716826532302348
6.6553307,776.91,1624724595747680248
4.166014,64.46,1624794369706735571
5.1444244,171.47,1624830615452428968
4.2963657,73.43,1624840186884911676
4.57372,96.9,1624856751762995739
4.7390943,114.33,1624871931032735339
4.430673,83.99,1625285893786206641
5.1593456,174.05,1625295604690580424
3.8827038,48.56,1625422680844215473
4.227125,68.52,1625426765386885390
5.288585,198.06,1625504274013126118
4.65921,105.55,1626044726558449961
4.276667,72.0,1626101399366367215
5.6859593,294.7,1626106516912435728
4.387279,80.42,1626232797832626778
6.7744193,875.17,1626754314673186210
7.5811925,1960.97,1626768168900355885
5.230794,186.94,1627476332785377234
4.6511965,104.71,1627488784141524758
4.7941422,120.8,1627488784713363698
5.4708657,237.67,1627517053427726418
5.7114897,302.32,1627534537860116208
5.6404586,281.59,1627563248689020225
4.4212084,83.2,1627614363534703194
5.89781,364.24,1627614566182236455
4.2993774,73.65,1627632577483775757
6.518733,677.72,1627648983779456690
5.3187456,204.13,1627760009939842495
4.2963285,73.43,1627768202002757057
4.3112216,74.53,1627772331177955866
4.0548773,57.68,1628052685173823279
4.034554,56.52,1628138785897559967
5.127528,168.6,1628159352653248378
5.470102,237.48,1628252002588664107
4.5210752,91.93,1628331735033752352
5.5689244,262.15,1628348473973944118
4.957491,142.24,1628835289144785312
5.793605,328.19,1628941112051611481
5.317586,203.89,1629007196196409727
5.217627,184.5,1629026606128883559
4.9675975,143.68,1629031122495008845
5.02481,152.14,1629031122893128661
4.3564367,77.98,1629151074457483165
4.2303624,68.74,1629663947736344374
5.215201,184.05,1629665680007607626
5.0467057,155.51,1629665827025963435
4.207972,67.22,1629744195651174031
4.4213567,83.21,1629759769751089467
3.5945103,36.4,1629768534624233956
4.15769,63.92,1629781526948450351
4.5410733,93.79,1629788146034270031
5.454563,233.82,1630301637882455060
6.0606503,428.65,1630328935822083094
5.1406474,170.83,1630350691136785469
5.181247,177.9,1630353401506160477
5.6424537,282.15,1630476141068876765
6.1422777,465.11,1630658378282856382
5.757197,316.46,1630682047190333505
4.4775567,88.02,1631096605784827375
4.33584,76.39,1631106137425720718
5.512204,247.7,1631279557029123807
4.886929,132.55,1631878571495159256
5.2113028,183.33,1631998643584773134
5.0992026,163.89,1632188413099400167
3.6501095,38.48,1632389744477218125
4.4014263,81.57,1632426841507804542
4.7292967,113.22,1632481902437389187
5.604861,271.74,1632551836995531721
5.888823,360.98,1632586963062736407
4.44294,85.02,1632701588534708754
4.70577,110.58,1633207649584248217
5.443956,231.36,1633442049135844887
5.444046,231.38,1633481220688568804
4.9784384,145.25,1634173586831215837
4.3866425,80.37,1634663904294293978
5.2088995,182.89,1634810166873429085
5.104603,164.78,1634934844495079409
4.989589,146.88,1634967341613293342
4.59629,99.12,1635415580775580493
4.8803782,131.68,1635425326638454345
5.260222,192.52,1635476638805690260
3.2633166,26.14,1635510751457644003
3.706495,40.71,1635528579763033108
4.8095407,122.68,1636170298429607848
3.7621903,43.04,1636200950804626153
4.7192736,112.09,1636205606669632794
3.847495,46.88,1636853498336900196
4.789897,120.29,1636879277798249447
4.386982,80.4,1636880345539458076
5.393599,219.99,1637115535096848199
4.2266836,68.49,1637132622924427904
5.8375196,342.93,1637548987424817996
5.577783,264.48,1637564053055252997
3.458554,31.77,1637621809893887698
3.5039644,33.25,1637672159421458921
4.4278603,83.75,1637683614648202809
4.304182,74.01,1638262185245325891
4.509778,90.9,1638598314818484233
4.590979,98.59,1638617372952902822
4.308194,74.31,1638983984527918882
4.3689547,78.96,1639015710859379836
5.1863403,178.81,1639034499396602189
5.076553,160.22,1639095232133330151
4.4383297,84.63,1639168450002473107
5.396733,220.68,1639234646179063961
4.2031326,66.9,1639370628846095784
5.2357545,187.87,1639679918599330962
4.3323693,76.12,1639802533049813861
5.1229296,167.83,1639817024116344964
5.355877,211.85,1639828450384359308
5.1329355,169.51,1639910511955388459
3.560657,35.19,1639922444964667734
5.7292647,307.74,1640494282944327296
4.1717114,64.83,1640531146236283085
5.230296,186.85,1640535717985831414
4.0712714,58.63,1640643424954646932
5.0494857,155.94,1641238282366881150
4.4783683,88.09,1641263299092617617
4.1220875,61.69,1641448248155099496
4.017617,55.57,1641968079336475278
5.1390285,170.55,1641990282665686667
4.4387565,84.67,1642117620418446025
4.6210055,101.6,1642187415330358222
3.9598174,52.45,1642564234889273609
5.426803,227.42,1642591754909643254
5.314028,203.17,1642619684931211730
4.6284947,102.36,1642686390483103971
4.779884,119.09,1642945376088078912
4.546756,94.33,1642973894234585873
4.4572363,86.25,1642979573527101296
4.379807,79.82,1642982585986828194
4.3977847,81.27,1642984701651536060
4.891381,133.14,1642987919517473790
4.8402557,126.5,1642988173657997023
4.4501333,85.64,1642989901378426678
4.8329196,125.58,1643003234014078429
4.893097,133.37,1643006961957509758
4.0690236,58.5,1643335571205549905
4.793236,120.69,1643391621493663714
4.369211,78.98,1643525618029317226
5.743529,312.16,1643561089800155772
4.980172,145.5,1643660518671808864
5.445027,231.6,1644015287878672196
5.256998,191.9,1644015298917010463
5.395491,220.41,1644015311914830536
5.490274,242.32,1644015324445703949
5.505168,245.96,1644015338704298009
5.308882,202.12,1644015350420944136
5.2713585,194.68,1644015366310959814
5.3705034,214.97,1644015388296639763
5.370978,215.07,1644015405083346503
5.3639565,213.57,1644015420129130398
5.3662114,214.05,1644016141703846619
5.3372674,207.94,1644016157855986575
5.3394227,208.39,1644016166903704146
5.3178873,203.95,1644016176658403084
5.133485,169.61,1644016191970347310
5.0456367,155.34,1644016207994297482
5.167063,175.4,1644016220791636342
4.9768496,145.02,1644016237944067200
5.015427,150.72,1644016253659202019
4.7006707,110.02,1644051857812326002
3.890862,48.95,1644106708069848298
4.429886,83.92,1644126608531900018
4.8719053,130.57,1644129309973274188
4.4424753,84.99,1644150781856542786
3.8339872,46.25,1644196420190345216
3.9853249,53.8,1644235395299325998
4.5090876,90.84,1644477980044980616
5.2376146,188.22,1644864306975894171
4.593618,98.85,1644874692377515751
4.2761507,71.96,1644929313891874891
5.609504,273.01,1645005647913707076
4.342564,76.9,1645022779913765560
4.242689,69.59,1645100304535604621
4.9235477,137.49,1645102768304079775
5.8223004,337.75,1645109330476648794
3.826854,45.92,1645497073547376200
5.323306,205.06,1645545698730626307
5.366555,214.12,1645560017838329398
5.4744225,238.51,1645573548092816588
4.130238,62.19,1645594736674702639
4.337522,76.52,1645604402282225972
4.9080853,135.38,1645842394079817814
4.350453,77.51,1646432417446411967
4.167963,64.58,1646436419013981037
4.179472,65.33,1646935301944310250
4.32843,75.83,1646961185266075207
4.7217865,112.37,1647163724868207818
3.44847,31.45,1647324976038702489
4.5959263,99.08,1647514954911153722
4.353275,77.73,1647673937312832607
4.4194574,83.05,1647683486274876685
5.586451,266.79,1647709790917339347
4.3725166,79.24,1647843077035137790
4.5499506,94.63,1647919769225419454
5.755756,316.0,1647949069732098355
4.801721,121.72,1648021882930854900
4.8101697,122.75,1648034015675179930
5.789186,326.75,1648076261985847380
5.590221,267.79,1648387211550359193
4.348026,77.33,1648428068360296585
5.035536,153.78,1648439394142692357
5.3454146,209.64,1648492699411853842
4.385832,80.3,1648513746862784297
4.21643,67.79,1648556328166031230
5.4328475,228.8,1648736200174133078
4.8261604,124.73,1648783569387519653
4.8128285,123.08,1648813582373632642
5.3098903,202.33,1649074549380378413
4.4910145,89.21,1649168914957430619
5.3403416,208.58,1649204637247501071
5.7701097,320.57,1649231351687151170
5.361412,213.03,1649256649927773396
4.6751795,107.25,1649294502418264306
5.2789526,196.16,1649313419905422384
5.602064,270.99,1649448751722366190
5.2641573,193.28,1649876502103685826
5.8033257,331.4,1649896844573185988
3.989225,54.01,1649904424701359366
3.9493604,51.9,1649929948331911860
4.294661,73.31,1649949098264099652
4.4126487,82.49,1649993727686677541
4.67458,107.19,1650044278380520692
4.3348575,76.31,1650058191873830225
3.9646573,52.7,1650080805218234841
3.9395168,51.39,1650095950290012876
3.8788223,48.37,1650105336353681083
5.1244683,168.08,1650121523118578396
5.1244683,168.08,1650121667865130287
5.423462,226.66,1650124655897552849
3.9231734,50.56,1650174402492870751
5.3341546,207.3,1650187294286888197
4.3354397,76.36,1650708100846085442
5.825867,338.95,1650710315530250311
4.542097,93.89,1650795602966866642
4.6989903,109.84,1650824237121066433
3.8766334,48.26,1650876968361136369
4.832366,125.51,1650886038279884445
3.932545,51.04,1650896147382972502
4.9319906,138.66,1651383084404915158
5.045715,155.36,1651403222025220532
5.5227656,250.33,1651953462286742887
5.60011,270.46,1652766310170894743
4.398532,81.33,1652835051152201584
4.356163,77.96,1652901933715525816
4.3957477,81.11,1652932220441456270
4.9662313,143.49,1652960319125627383
4.3245454,75.53,1653061273990906116
5.9971304,402.27,1653502862215693162
5.2036366,181.93,1653555174501849445
5.894062,362.88,1653577778060536600
5.0927124,162.83,1653620947167416653
4.6139183,100.88,1653637263989664663
3.9401243,51.42,1653652727370516582
3.9462795,51.74,1653663029021601415
3.9277654,50.79,1653679452641793208
4.557394,95.33,1653691124243694323
4.239444,69.37,1653775778422222437
4.048043,57.29,1653784125216808931
6.210052,497.73,1653784798034496194
5.037567,154.09,1653803882254642807
4.615644,101.05,1653853816455813300
3.9485042,51.86,1654251578160666409
4.504356,90.41,1654259760989310769
4.606668,100.15,1654430496036322459
4.9808793,145.6,1654578621997308553
6.131835,460.28,1654636365140982193
5.4718657,237.9,1654914763005165735
3.4559479,31.69,1654931161239674613
4.1345205,62.46,1654953141707135896
3.4595087,31.8,1654965275234828624
3.4700978,32.14,1654975739922719374
3.4659193,32.01,1654980433328434473
3.9577103,52.34,1654990642415915067
5.447352,232.14,1655001399950697653
5.4660535,236.52,1655003133806546258
3.894337,49.12,1655043652102943526
4.921672,137.23,1655064458708943494
4.5900583,98.5,1655131111367883869
4.59744,99.23,1655136643363656418
5.6226215,276.61,1655152984687604622
4.617804,101.27,1655195527033239599
4.5581803,95.41,1655608408614276440
4.4035525,81.74,1656028839927712297
4.421693,83.24,1656043765682405790
4.436087,84.44,1656045990530062123
5.588347,267.29,1656594238577093750
4.3328986,76.16,1656816812489200325
5.0146227,150.6,1657338878190004589
4.057664,57.84,1657822518300262479
4.343602,76.98,1657825125630745278
4.764999,117.33,1657939515360324710
4.437802,84.59,1658151267758370553
4.770675,118.0,1658558693571755372
3.4037268,30.08,1658567446843446671
4.588011,98.3,1658570271632935679
4.5912757,98.62,1658599962074235985
4.582042,97.71,1658625632265833677
4.6480765,104.38,1658637221607996296
4.708382,110.87,1658652312667007412
6.849542,943.45,1658676303105967004
4.6141696,100.9,1658697650317339637
4.828144,124.98,1658699270650100677
4.607482,100.23,1658716232141210092
4.0054665,54.9,1658764482921679576
4.466558,87.06,1659263091204998655
4.463053,86.75,1659268126127670590
5.625974,277.54,1659290696470231345
5.7220073,305.52,1659327095892733360
4.219679,68.01,1659395168344811086
4.711225,111.19,1659483793594145995
4.2570453,70.6,1659991510567794330
5.9647675,389.46,1660200465619707342
5.8769217,356.71,1660205695003176438
4.3028984,73.91,1660207372043457607
5.1887236,179.24,1660218256737351661
4.7173986,111.88,1660900639883717355
4.876164,131.13,1661028973453260704
4.050123,57.4,1661503769680957422
4.8447948,127.08,1661578744899579181
4.9170523,136.6,1661645319926290498
4.8053875,122.17,1661657084973950733
4.881864,131.88,1661658784808057465
3.879791,48.41,1661715397948254476
5.1560063,173.47,1661755357309165794
4.0197554,55.69,1661818009532647238
4.1791124,65.31,1661866103625142815
4.233087,68.93,1661872554427668516
4.469894,87.35,1661876389522886772
4.1899533,66.02,1662204321290994420
4.1769543,65.17,1662239500082915548
4.278767,72.15,1662243629411827535
4.2606044,70.85,1662250513072160163
4.1959386,66.42,1662260579786014815
5.5578065,259.25,1662893883999958127
5.8984127,364.46,1662894063691142390
5.4390616,230.23,1662894089002122461
5.4092727,223.47,1662894141164637201
5.7242904,306.22,1662894206490065110
5.399278,221.25,1662894300782819528
5.681739,293.46,1662894355581888168
5.5710955,262.72,1662894540563607071
5.4586363,234.78,1662894624400741371
5.427003,227.47,1663238202130439676
5.2673683,193.9,1663272090611222202
4.191547,66.13,1663675327793818087
3.5847924,36.05,1663782266516305049
5.4261217,227.27,1663790341390383978
3.6010363,36.64,1663812224516573249
3.5656831,35.36,1663815717357165138
4.5205607,91.89,1663849277205170350
5.414398,224.62,1663850205307394674
5.580041,265.08,1664335250057963173
4.579324,97.45,1664409787356811383
4.2253947,68.4,1664418590310194906
4.06205,58.09,1664477636898640647
4.1595,64.04,1664482379974445296
5.420336,225.95,1664497915087944321
3.5245893,33.94,1664523646764145059
4.9907722,147.05,1664545925177100939
4.7982287,121.3,1664572491624363748
4.739857,114.42,1664714325035496421
4.1954103,66.38,1665062821024992480
4.362079,78.42,1665293945164970881
4.760554,116.81,1665305682689199762
4.760554,116.81,1665305701878332958
4.3516645,77.61,1665316743395395031
4.369211,78.98,1665324742353212026
4.369211,78.98,1665324826226472288
4.352189,77.65,1665329053121282013
4.9072185,135.26,1665339264124179068
4.9073668,135.28,1665339283271578835
5.1270614,168.52,1665373703737590402
4.525744,92.36,1665762527490863384
5.362737,213.31,1665786903377058577
3.9120889,50.0,1665976950898978634
4.102541,60.49,1666052244777304985
4.45913,86.41,1666089642937759938
4.486043,88.77,1666710136468066199
3.8232963,45.75,1666756068683425158
5.631062,278.96,1667485340009116582
5.577365,264.37,1667489700597683956
5.836813,342.69,1667493941174014893
5.713152,302.82,1667503326678772891
5.220178,184.97,1667503565627501408
5.5025787,245.32,1667504022286193233
5.682485,293.68,1667504658159297841
5.0681734,158.88,1667504859810244437
4.8487935,127.59,1667505095078701340
5.5864916,266.8,1667509718473898878
3.6257558,37.55,1667598869043886648
5.367906,214.41,1667956640894439119
4.3153567,74.84,1667986634861775887
4.538946,93.59,1667994855647014202
4.26088,70.87,1668016125633776546
4.3257995,75.63,1668042627108436642
5.535174,253.45,1668050868904414953
4.7511826,115.72,1668221364645655760
4.3504558,77.51,1668306918874552344
4.5608873,95.67,1668649815621637501
4.812899,123.09,1668668623221738210
3.9613092,52.53,1668685676205462999
3.871744,48.03,1668698785224835055
4.5539064,95.0,1668749147947629193
4.3043633,74.02,1668849820508669916
5.0432963,154.98,1668928526070596749
3.4212875,30.61,1669063277311317718
4.5673513,96.29,1669423735833345066
4.4150443,82.69,1669429773707939579
3.8886852,48.85,1669488948478736790
3.8995118,49.38,1669491068197943374
3.80969,45.14,1669494001230879844
4.4824576,88.45,1669511278100267488
5.414725,224.69,1669588649736676486
5.420816,226.06,1669590884580076426
4.3522716,77.65,1669633912054819244
4.3374815,76.51,1669652002773439101
4.246495,69.86,1669662449952872832
4.3388114,76.62,1669734713620691695
5.2021074,181.65,1669774535190746894
5.6625137,287.87,1670185959155189286
4.8894887,132.89,1670220714591763218
4.404765,81.84,1670237151221071933
3.9973552,54.45,1670337737292681540
4.130094,62.18,1670466889499486021
4.0220456,55.82,1670469176208214294
5.4017096,221.79,1670863641087723771
5.7533407,315.24,1670864094614976538
5.432695,228.76,1670864649686849207
4.1733885,64.94,1670869419792428021
4.397695,81.26,1670884108390121990
4.396485,81.17,1670901188130578295
4.9048634,134.94,1670904083488130804
5.09269,162.83,1671010029538268788
5.2193995,184.82,1671722339450630432
3.9709806,53.04,1671935077669059332
4.0049896,54.87,1672483095823748489
4.1656156,64.43,1673198157896947314
3.9985452,54.52,1673198944861260787
5.466852,236.71,1673273530913772704
4.3988156,81.35,1673310031253023327
5.0421386,154.8,1673430987406323022
5.189693,179.41,1673676146147429731
5.5595217,259.7,1673836311859770305
4.205616,67.06,1673878779437801480
5.948535,383.19,1673943458830282329
4.3669224,78.8,1674037485333942126
4.5354214,93.26,1674047737066230171
4.498029,89.84,1674058847780559340
4.50297,90.28,1674060473539460068
4.47795,88.05,1674061557197165055
4.6427455,103.83,1674086410323052228
3.5897644,36.23,1674352432602079007
5.042088,154.79,1674461154316478771
3.7456453,42.34,1674515680387952238
3.7318702,41.76,1674531727183461345
3.773154,43.52,1674537320897590486
5.9339275,377.63,1674561144824275094
5.335022,207.48,1674646765546985121
5.141413,170.96,1674648213381140105
4.4654875,86.96,1674654953980985656
4.4976754,89.81,1674703062378355330
4.4957805,89.64,1674714852255488860
4.644438,104.0,1674757277923222162
4.644438,104.0,1674757471305109239
4.644438,104.0,1674763799348903115
4.6240096,101.9,1675360919400223700
4.612112,100.7,1675364565559001378
4.581629,97.67,1675376643518432186
4.9016356,134.51,1675454146148454257
5.169175,175.77,1675513104573686496
5.1970186,180.73,1675517721211179327
5.267993,194.03,1675552464505941318
4.5790706,97.42,1675573552735024197
3.8635046,47.63,1675892985943765870
4.875392,131.03,1676004980814740104
3.7686095,43.32,1676549544338812451
4.742799,114.75,1676701601188948567
5.521671,250.05,1677030285090905994
5.829531,340.2,1677036728327630452
3.787307,44.14,1677286612068662961
5.585432,266.52,1677401916855658361
5.4403825,230.53,1677477937703824479
5.3356094,207.6,1677796447612783223
4.1908727,66.08,1678077430539480371
5.5419745,255.18,1678149365149054167
5.731445,308.41,1678214817097121559
4.5633802,95.91,1678270570350102107
6.4172616,612.32,1678358802901586880
4.630077,102.52,1678375184825124725
4.5302896,92.79,1678377506366745674
4.6158004,101.07,1678417910447283764
4.288654,72.87,1678526717627765405
4.66724,106.4,1678534782728964674
5.3058147,201.51,1678812370817126427
5.256589,191.83,1678859406294699974
4.328155,75.8,1678948692247100555
3.933632,51.09,1678986264501370701
4.073947,58.79,1679010068636521018
5.2827964,196.92,1679230345385172757
5.2119727,183.46,1679551094468065196
5.214329,183.89,1679554067383597968
5.2133427,183.71,1679556822782203029
5.1478276,172.06,1679559075375536312
5.214329,183.89,1679559196002176466
4.8095655,122.68,1679564944619401092
4.9183927,136.78,1679675877966564441
4.1435847,63.03,1679936352737669734
3.4424982,31.26,1679942405106647631
3.5266337,34.01,1679957154798501829
5.722414,305.64,1680660856487197869
5.79719,329.37,1680905207774221301
5.374356,215.8,1680983380199025466
5.19127,179.7,1681034217059144531
5.7393146,310.85,1681194262678781220
5.218935,184.74,1681428249660512411
4.8124804,123.04,1681666154762398139
4.2945704,73.3,1681696951293486968
4.409487,82.23,1681705230090553307
4.367125,78.82,1681707149199550963
4.7420087,114.66,1681764135721706684
6.030106,415.76,1681822245011923905
5.6391883,281.23,1681826816517043696
5.052652,156.44,1681873698158679188
3.5021205,33.19,1681884664734932475
4.0099754,55.15,1681897914524888636
3.974714,53.23,1681898024694154440
4.3643217,78.6,1681948429711892282
5.122672,167.78,1681967853714858716
4.4490848,85.55,1681990468900926205
5.3951035,220.32,1681995939515276356
4.5056634,90.53,1681997822376741338
4.296292,73.43,1682041846871458535
4.524805,92.28,1682125949396816893
4.552094,94.83,1682127020418612347
4.423134,83.36,1682127873594125199
4.4996862,89.99,1682128754667783792
3.8953514,49.17,1682521966073188866
4.479701,88.21,1682558281625191005
4.314924,74.81,1682568674840455840
4.249093,70.04,1682619250596243068
4.386038,80.32,1682635379137313167
4.425088,83.52,1682640914294104034
6.5998535,734.99,1683147010280837113
5.6283426,278.2,1683235062284817008
4.351628,77.6,1683254780510523907
4.385361,80.27,1683290660328246984
3.982756,53.66,1683324586654739668
3.9004874,49.43,1683364852607084226
4.678041,107.56,1683418261724468497
4.6575603,105.38,1683492918955920276
5.5221343,250.17,1683498735495812309
5.4719615,237.93,1683865330127634307
4.8027806,121.85,1683879479810257006
4.954111,141.76,1683904101005657011
4.9205127,137.07,1683919268625773152
5.1126494,166.11,1683988769498493589
5.051164,156.2,1684004643293947935
5.063404,158.13,1684006837829373065
4.00739,55.0,1684032999223423163
5.8171687,336.02,1684065716100971551
4.850928,127.86,1684075367881577596
5.4333253,228.91,1684076959722984877
4.7548823,116.15,1684082640926545748
5.5861664,266.71,1684094795418458585
4.230688,68.76,1684099238901797977
5.093827,163.01,1684114953365077092
5.2928543,198.91,1684114965987257950
5.192264,179.88,1684143306382830167
5.7395134,310.91,1684154613863514256
4.720577,112.23,1684197135882472212
4.7226768,112.47,1684283739565910968
4.5857935,98.08,1684352670093135223
4.680597,107.83,1684594783385079743
3.9302516,50.92,1684615509626056319
3.9726195,53.12,1684623965995250872
4.076304,58.93,1684631048435425168
4.867301,129.97,1684651801073553132
5.0974855,163.61,1684683413809527110
5.967115,390.38,1684688447105480942
5.5810018,265.34,1684689624274700562
5.6600747,287.17,1684690590907875766
6.089513,441.21,1684691697440486449
4.8561997,128.53,1684697048603936419
5.1611915,174.37,1684701393825649553
3.9101446,49.91,1684708415405473878
5.166783,175.35,1684708612517082014
5.357519,212.2,1684733138400498157
5.495218,243.52,1684737364238338830
5.0731344,159.67,1684754766626965295
5.229102,186.63,1684754802572010593
3.8141212,45.34,1684793837033513933
3.9515913,52.02,1684840048042088763
4.075252,58.87,1684854308121603744
4.732762,113.61,1684902045441069560
4.6055307,100.04,1684920185182514118
4.687739,108.61,1684989543899834393
4.302929,73.92,1685009398669037387
4.8566175,128.59,1685342153968385861
3.9332054,51.07,1685374881723591727
4.8444977,127.04,1685408681258517814
3.998806,54.53,1685466237433017227
4.857356,128.68,1685482123859429891
4.397719,81.27,1685483438448373787
3.9686313,52.91,1685512856930652314
3.994409,54.29,1685522818081433564
4.8874764,132.62,1685574745890475467
4.7669983,117.57,1685594184913956721
5.341108,208.74,1685643535914121927
4.4276204,83.73,1685708445191424914
4.47353,87.67,1685710483003221999
3.9727352,53.13,1686060115528864191
4.8755727,131.05,1686108487510808661
6.205719,495.58,1686115381127123721
4.649156,104.5,1686154087727265374
3.9834337,53.7,1686159996157224053
5.1519446,172.77,1686175005899650053
4.146737,63.23,1686176083542545148
4.7548256,116.14,1686200078793532519
4.9558372,142.0,1686307380773043029
5.899535,364.87,1686323262828609467
4.877496,131.3,1686370850638341839
4.8584447,128.82,1686388095481263537
5.126531,168.43,1686461750697922156
4.368849,78.95,1686789195136289590
4.4449944,85.2,1686800664052978074
4.525751,92.37,1687093322509049436
4.471291,87.47,1687792336089820224
4.520138,91.85,1687868994980908315
4.0067306,54.97,1688291652106696304
4.305232,74.09,1688304920194193035
4.807777,122.46,1688347515443984790
5.2262754,186.1,1688348474509834339
5.0335174,153.47,1688359067403123703
4.811238,122.88,1688363598471394932
5.3096385,202.28,1688422303257648255
4.194749,66.34,1688521030457691874
4.300766,73.76,1688971416222959492
4.369845,79.03,1688981115333910053
4.3585806,78.15,1688985137546297420
5.9806743,395.71,1689029922938176583
5.226504,186.14,1689084227207022827
6.1868,486.29,1689132846958051806
5.7299356,307.95,1689142258785265503
4.9931073,147.39,1689699364433849597
5.6732244,290.97,1689700612814389552
4.432507,84.14,1689703194661780253
4.174249,64.99,1689707489352432008
5.454061,233.71,1689712326986621695
5.53362,253.06,1689713867249046814
4.5999856,99.48,1689713957405960196
5.0609083,157.73,1689725242710504646
5.022626,151.81,1689728491261305810
4.3734126,79.31,1689729364081304578
4.1164556,61.34,1689734170667214193
4.8821588,131.92,1689734660172547489
4.9716735,144.27,1689737037722385482
4.8913836,133.14,1689738526591026594
4.3661876,78.74,1689741610112575813
4.9230356,137.42,1689743544943498055
5.3375797,208.01,1689744487899803613
4.1125655,61.1,1689745344652819444
5.0009074,148.55,1689750860801220866
4.71426,111.53,1689754388749234168
4.073415,58.76,1689756671844032562
4.397621,81.26,1689758123796163353
5.029493,152.86,1689759237657680208
4.977679,145.14,1689768905073960489
4.9751244,144.77,1689780124870542498
4.309539,74.41,1689785568424514751
3.8176422,45.5,1689786169776323245
5.016445,150.87,1689787626813439693
4.9628496,143.0,1689794899112278509
4.418645,82.98,1689795531284960305
4.3441067,77.02,1689798607599533802
5.2464824,189.9,1689801049852113008
4.977549,145.12,1689804486156260442
4.991564,147.17,1689814023044906708
6.0469007,422.8,1689817201621475407
5.0645094,158.3,1689822465339711786
4.1867666,65.81,1689843380550258164
4.5136776,91.26,1689843502743720327
4.193894,66.28,1689846919155198226
4.3812428,79.94,1689847132800234708
4.2967668,73.46,1689861937015266395
4.408715,82.16,1689865694784288576
4.433539,84.23,1689868301128728309
4.4747286,87.77,1689869786441122423
4.899879,134.27,1689870660155101328
5.2885957,198.07,1689897900641719415
5.7821355,324.45,1689907563693973355
4.3594685,78.22,1689913033505994051
5.3080735,201.96,1689918584151730269
4.9593368,142.5,1689920911451341131
5.299317,200.2,1689935941049812362
4.502452,90.24,1689938826974270315
5.582681,265.78,1689941488970314853
4.373844,79.35,1689943132492843450
4.4618773,86.65,1689945061952321435
4.411036,82.35,1689948511526716856
5.2754116,195.47,1689953078667960223
5.285833,197.52,1689953472611685542
5.3734875,215.61,1689957676931218536
4.9051924,134.99,1689959511439907149
5.155935,173.46,1689959612330803446
5.9547873,385.59,1689962517003607927
4.4043164,81.8,1689969893722387785
4.408563,82.15,1689971539719229447
4.385589,80.29,1689972917718470272
5.0574713,157.19,1689998202201292740
5.0536,156.59,1690014921726278657
5.188797,179.25,1690037938774475588
4.629363,102.45,1690038091197343680
4.371906,79.19,1690044265482544054
4.49038,89.16,1690044372593212663
4.4038553,81.77,1690053229423178864
4.2796044,72.21,1690072932744032302
4.135889,62.55,1690074682089846198
4.1261816,61.94,1690077062160900192
5.4613385,235.41,1690078825831118883
5.6226344,276.62,1690083158372156109
4.7364492,114.03,1690085565241647409
4.3227205,75.39,1690085783563810065
4.4591537,86.41,1690087694760055787
4.4840055,88.59,1690088805456194693
4.954151,141.76,1690092399867476828
4.235795,69.12,1690151509969722328
4.321222,75.28,1690156041624645797
4.7105002,111.11,1690202828633981782
4.820103,123.98,1690343152061811436
5.4810033,240.09,1690383698559639873
4.519072,91.75,1690409007812650154
4.098549,60.25,1690416051027648142
4.46659,87.06,1690416649926862198
4.434436,84.3,1690421804816139616
5.4325356,228.73,1690438816352311184
4.1598597,64.06,1690451152964989283
4.1205945,61.6,1690471782959345268
4.7472005,115.26,1690473088186296417
5.0772834,160.34,1690473260671880442
4.486355,88.8,1690484413432254453
4.5661907,96.18,1690488791076867050
5.0361214,153.87,1690492872385031985
4.5765176,97.18,1690492947199471977
4.398742,81.35,1690498050147803642
5.1127644,166.13,1690503259455144816
4.3580666,78.11,1690509217465441904
4.3790746,79.76,1690515566617784280
4.067322,58.4,1690517437777993265
4.4039254,81.77,1690518670249408789
5.93121,376.61,1690519585199653463
4.3799324,79.83,1690520135529295819
3.8768704,48.27,1690524711379088560
4.336146,76.41,1690524994926563023
4.413474,82.56,1690527090152157222
4.474239,87.73,1690559111577396251
4.50377,90.36,1690562836803953500
4.3147345,74.79,1690566248325091945
4.844606,127.05,1690570114011762111
4.4100833,82.28,1690589439627083553
4.9336653,138.89,1690611765210434565
4.4966593,89.72,1690629749257179762
4.4109254,82.35,1690631424218415350
4.5394654,93.64,1690657579324224642
4.5280385,92.58,1690657616842320056
4.523791,92.18,1690657644766861905
4.547753,94.42,1690657816379273614
4.5762486,97.15,1690657942064076717
5.375394,216.02,1690657975561937422
4.2920036,73.11,1690658036059428614
4.552193,94.84,1690658045959872014
4.358232,78.12,1690658114232897433
4.724424,112.67,1690658171005856475
4.395215,81.06,1690658258644535319
4.635029,103.03,1690658346043224212
4.653926,105.0,1690658966080412605
5.2505765,190.68,1690661628047688299
5.1701117,175.93,1690667392296423893
4.1377187,62.66,1690689315326979726
5.2851863,197.39,1690690341594947369
4.7384677,114.26,1690699265981822611
5.052323,156.39,1690700324694932302
4.3568993,78.01,1690707968761372686
4.3530483,77.72,1690710868631359961
4.101251,60.42,1690717698833005615
4.300207,73.72,1690721429631322509
4.1934648,66.25,1690722766472511362
4.600006,99.48,1690736338635351476
4.724841,112.71,1690736526347591243
4.2173076,67.85,1690809029682887938
4.094433,60.01,1690832031637272821
4.4507384,85.69,1690835570766885216
4.116858,61.37,1690851809849130654
5.5843406,266.22,1691149969732070467
4.6330447,102.83,1691295403171403607
4.531907,92.94,1691327066980137478
4.0951223,60.05,1691335487170077662
5.833606,341.59,1691373404448885892
4.841297,126.63,1691394301268984479
4.8395786,126.42,1691858478057432754
4.112871,61.12,1691983064948998196
4.30582,74.13,1692455488177235237
5.559422,259.67,1692614290855762800
6.357819,576.99,1692703058477448525
4.3472695,77.27,1692717409341947260
5.9427533,380.98,1692719487005905044
4.343265,76.96,1692725038611874741
4.421187,83.19,1692725051444428427
5.525554,251.03,1692849199459462250
4.4347696,84.33,1692856122455323867
3.4900885,32.79,1692912001912023276
4.198744,66.6,1693400792935541674
3.5248811,33.95,1693437795932933905
4.372066,79.21,1693499984161040367
4.829415,125.14,1693552559682484140
3.6941428,40.21,1693559639139346646
5.623599,276.88,1693629899580638194
5.067154,158.72,1693730712170458270
5.6473804,283.55,1694286771041594545
4.468302,87.21,1694366923669372970
4.7199655,112.16,1694390421511004134
5.399627,221.32,1694763869703219945
4.1125894,61.1,1694882292589673721
5.959095,387.26,1694886733506643771
4.6612105,105.76,1694973070922789545
4.668006,106.49,1694975751048723621
4.656023,105.22,1694977154626860749
4.6568313,105.3,1694977978490169997
4.6538177,104.99,1694979116963218289
4.42532,83.54,1695011831666235487
5.686283,294.8,1695027550959853656
5.959095,387.26,1695031233991565290
3.6604502,38.88,1695063411753462536
5.231315,187.04,1695468506615348021
5.614036,274.25,1695507127713385275
5.8878627,360.63,1695527127600171678
5.989349,399.15,1695537644297022098
3.675143,39.45,1695550210736397618
3.5498617,34.81,1695564008964716357
5.707429,301.1,1695618770141315477
4.179464,65.33,1695622900350448912
4.1962204,66.43,1695624244756728557
3.5780942,35.81,1695631504079900310
4.60672,100.16,1695641543761970143
5.04077,154.59,1695733871262116482
5.053704,156.6,1695736845366754650
4.3617024,78.39,1695748564015223553
4.1519666,63.56,1696049755518904941
4.219093,67.97,1696058281187747545
5.2586684,192.23,1696205110197385374
4.483302,88.53,1696254685023580225
4.5777073,97.29,1696273447053507425
5.688317,295.4,1696283132301915572
4.54179,93.86,1696315254224962035
4.505788,90.54,1696315331418629267
4.881571,131.84,1696349346426234933
4.8757987,131.08,1696370839600470110
4.8757987,131.08,1696398536939250848
4.4247465,83.49,1696424597363328080
5.59128,268.08,1696463541479434637
5.172055,176.28,1696504325373056345
5.3401685,208.55,1696515587398171152
5.1531935,172.98,1696521949370236093
5.1362867,170.08,1696526554749006206
4.429393,83.88,1696602550219640024
4.1128235,61.12,1696649477239412245
4.557719,95.37,1697133040082290059
4.122724,61.73,1697157564228741575
4.497028,89.75,1697271187891474259
4.6927047,109.15,1697712410900009952
4.644566,104.02,1697718803816622436
4.504982,90.47,1697844032710596472
4.543824,94.05,1697921591971823570
5.535106,253.43,1698443645187898704
4.52089,91.92,1698461591701416068
6.142586,465.26,1698479440739501240
3.3257787,27.82,1698496782861511728
3.8335392,46.23,1698509206068782283
4.2953606,73.36,1698509847890521632
4.7962465,121.06,1698554292656545276
4.1955333,66.39,1698598474332880044
3.896024,49.21,1698600252168207237
4.4947004,89.54,1698603496254017286
4.8851547,132.31,1698614080216033034
5.3556433,211.8,1698702969738281498
5.172341,176.33,1698704984201861424
5.214223,183.87,1698762256636619349
4.6667814,106.35,1698787456275319725
5.0818324,161.07,1699115814519033443
5.7884865,326.52,1699142567003545533
4.872807,130.69,1699170626433406082
4.5913486,98.63,1699187372914749344
4.286143,72.69,1699265856252342221
4.0668817,58.37,1699279891041370819
4.0790906,59.09,1699282831339640627
5.3179793,203.97,1699312671860272487
4.9422436,140.08,1699339271080876099
4.288232,72.84,1699358497064632055
4.7087774,110.92,1699382147110403664
5.8727145,355.21,1699390794753202948
4.5511107,94.74,1699423620199270138
5.397275,220.8,1699565443356179679
3.9729152,53.14,1699819410999607763
5.0700974,159.19,1699925612088404260
3.97638,53.32,1699953270760380936
3.9801235,53.52,1699966400298675286
5.214988,184.01,1699974135421204684
4.459179,86.42,1700054338134202148
5.7919745,327.66,1700221811911500770
5.647929,283.7,1700228443389503099
5.149476,172.34,1700230666784760569
5.570051,262.45,1700276666176159148
5.250091,190.58,1700290509739528206
4.6062546,100.11,1700295360509115832
4.6689453,106.59,1700322529483135692
5.097539,163.62,1700609318034039796
4.2669473,71.3,1700677441334734597
5.6946974,297.29,1700696846681742070
4.2821107,72.39,1700738308978754730
3.6833909,39.78,1700784942451960401
4.8059936,122.24,1700832544134833905
5.319924,204.37,1700850668460863330
5.509844,247.11,1700871721963847545
5.5605993,259.98,1700900530461368591
4.885569,132.37,1700915570418223965
5.4153295,224.83,1700968944277631895
5.036563,153.94,1700986832548944680
5.94344,381.24,1701003473347068307
4.7145553,111.56,1701362238180887538
4.582244,97.73,1701362811513811285
4.653191,104.92,1701365369184847924
4.6000977,99.49,1701392626541294614
4.309886,74.43,1701405494457198959
5.8005567,330.48,1701420285037040827
5.0633535,158.12,1701429588839107239
4.9426775,140.14,1701437626390613243
4.3417444,76.84,1701440357201025643
3.5403438,34.48,1701480957489535111
5.2319427,187.16,1701494752330894273
4.7572618,116.43,1701648940557670955
4.598286,99.31,1701691268730492724
3.499125,33.09,1701802691580091042
5.0015235,148.64,1702161643239036594
4.9196167,136.95,1702234476045729147
5.4345155,229.18,1702273794184743025
4.479904,88.23,1702291264442703288
4.411076,82.36,1702413842751898307
3.7374158,41.99,1702425072975167162
4.7601037,116.76,1702432146078940939
3.7361953,41.94,1702447599780304133
3.523257,33.89,1703002703240223738
4.728506,113.13,1703117507456828081
4.1367364,62.6,1703121586761087744
5.109775,165.63,1703498628416527230
5.4197106,225.81,1703526418016613262
4.0052404,54.89,1703616820174071719
4.142689,62.97,1703620773909588271
4.873382,130.76,1703654227692408675
4.3456903,77.15,1703659174749943846
4.4209065,83.17,1703669193143937188
4.5448966,94.15,1703701707924564662
4.1679997,64.59,1703757918975970465
3.814477,45.35,1703782634187055879
4.5960326,99.09,1703834144461457505
4.4538217,85.95,1703843287301344029
4.0396066,56.8,1703847147482873000
5.0977635,163.66,1703848496300141666
4.594175,98.91,1703861573650629442
5.8720846,354.99,1704169196897549674
5.175875,176.95,1704189245209743073
6.047457,423.04,1704192007383773917
5.9601083,387.65,1704192832634988106
4.378531,79.72,1704236044775208382
4.854285,128.29,1704243502469719630
5.9727516,392.58,1704265465826249017
4.710408,111.1,1704268683393948397
5.9727516,392.58,1704272581390481053
5.9727516,392.58,1704273677777871458
3.5842783,36.03,1704283408600857032
3.595645,36.44,1704283687665791609
3.683168,39.77,1704283781615429721
3.3997438,29.96,1704323912882668058
5.4279838,227.69,1704357621202943807
5.1744037,176.69,1704383212936889190
4.665484,106.22,1704443996708090428
4.200869,66.74,1704458863970729354
4.672311,106.94,1704460395887266027
3.3920765,29.73,1704506517439116583
4.7656345,117.41,1704515786931569447
4.3486648,77.38,1704594799423161368
4.2442484,69.7,1704596355960185329
5.0270977,152.49,1704836535942038317
4.3407254,76.76,1704938760523764107
5.431112,228.4,1704944773246799762
5.6578937,286.54,1704958005049966761
4.515643,91.44,1704996399241404135
4.509417,90.87,1705025520868439261
5.0692253,159.05,1705050303982394728
5.0509853,156.18,1705065712336069477
5.6907344,296.11,1705073880224505382
4.280123,72.25,1705084405670430923
5.259394,192.36,1705086405986005360
4.204498,66.99,1705090857447573694
4.5469904,94.35,1705090864475494709
5.555995,258.78,1705091140413600734
4.5846596,97.97,1705097317511391829
4.633686,102.89,1705110901559662429
3.9819722,53.62,1705123049699489547
5.6324325,279.34,1705128165866649835
4.354381,77.82,1705284823178078042
5.108652,165.45,1705592218927098346
4.3653626,78.68,1705685876206426478
4.3698125,79.03,1705691499421300150
5.2785077,196.08,1705795117333062905
5.720757,305.14,1705958353266861489
7.2483273,1405.75,1705966268460096008
4.7727237,118.24,1705985760055373601
4.622117,101.71,1705988265072747984
4.796022,121.03,1705996063106952512
4.775123,118.52,1706004230204189355
5.5609665,260.07,1706009415227508185
4.590577,98.55,1706372644815716337
4.3833127,80.1,1706402024655013899
4.926393,137.88,1706446150820499929
4.921503,137.21,1706480132138039890
4.5614476,95.72,1706488934950855505
4.6755958,107.3,1706535334829667651
4.682255,108.01,1706538637695520229
5.4497237,232.69,1706548074921139569
5.4497237,232.69,1706581048000997071
4.744078,114.9,1706609672384551583
4.727993,113.07,1706611767207856028
4.0559874,57.74,1707079645173400654
6.0974016,444.7,1707239678550657523
6.0974016,444.7,1707256683694506951
6.0974016,444.7,1707261541142091329
6.0974016,444.7,1707277398350111950
6.0974016,444.7,1707284260205823889
6.0974016,444.7,1707288006312952704
4.36461,78.62,1707297890548437285
4.0942373,59.99,1708020847623127327
4.5350347,93.23,1708092890903094072
4.3717237,79.18,1708101565616012951
3.96729,52.84,1708104552122475712
4.7871337,119.96,1708175699394017485
4.549346,94.57,1708192920171401144
6.546372,696.71,1708209285410169309
6.626069,754.51,1708210973150773487
5.5224833,250.26,1708220838396357950
5.572433,263.07,1708617048002200163
5.9824643,396.42,1708619823275157300
6.047945,423.24,1708628840467678117
5.316809,203.73,1708632921514926631
4.458726,86.38,1708637891236413987
3.9911861,54.12,1708651667549504872
5.352371,211.11,1708656173111247165
5.6784067,292.48,1708657544494743734
4.4197555,83.08,1708658215831907993
5.3463182,209.83,1708676484755543229
5.5807557,265.27,1708677365749271385
5.94088,380.27,1708697826297623898
6.1194344,454.61,1708711464518585776
4.2029057,66.88,1708715379715272730
4.240956,69.47,1708719068779142904
6.068193,431.9,1708728617563669646
4.7064414,110.66,1708733768701425440
4.7227354,112.48,1708734052170931963
6.047945,423.24,1708761934957742052
6.047945,423.24,1708774165763933382
6.1241946,456.78,1708781286043060844
4.635089,103.04,1708789742889975770
4.702423,110.21,1708799142470014164
4.8107305,122.82,1708801882212765217
5.7874813,326.19,1708815804564720646
4.0759163,58.9,1708833744025783061
3.9686923,52.92,1708872021373341395
6.981854,1076.91,1708951131108864095
5.3695564,214.77,1709301486985923598
4.3605175,78.3,1709314085052513993
4.705888,110.6,1709352129434131497
3.885947,48.71,1709355513531331496
4.455311,86.08,1709356474595795352
5.6741,291.23,1709373864190808398
5.6305494,278.82,1709388889901450723
4.845744,127.2,1709431704532636130
3.861801,47.55,1709440055326851472
4.842566,126.79,1709521283834966558
5.387476,218.65,1709670095986962321
4.315491,74.85,1709673957679049430
6.2464566,516.18,1709712979110081196
4.6435323,103.91,1709739459204206917
4.659675,105.6,1709990732304322299
5.7722445,321.26,1709999818296397663
5.5889635,267.46,1710006019663951336
5.574582,263.64,1710009628258094618
5.739954,311.05,1710013184185232001
4.457418,86.26,1710021596619609179
3.7159262,41.1,1710035656159497698
5.742886,311.96,1710036099530135800
5.710429,302.0,1710038969206070925
5.8515735,347.78,1710042132490664143
5.9666767,390.21,1710045566549404199
5.966583,390.17,1710049020828902502
5.8514986,347.76,1710051353961427684
5.9644985,389.36,1710055809807608281
5.7327933,308.83,1710061028689449940
5.790666,327.23,1710067248375526946
5.9285007,375.59,1710071372764615734
5.82578,338.93,1710074577198375500
5.5427675,255.38,1710080009171189435
5.902253,365.86,1710087891542640403
5.658399,286.69,1710091082024098971
5.424505,226.9,1710095023493199081
4.44462,85.17,1710100504163138401
7.200828,1340.54,1710103921570451211
3.4867096,32.68,1710105022154029871
4.457569,86.28,1710122676484516084
5.06414,158.24,1710127943480718006
4.2738714,71.8,1710133780438312851
5.0178795,151.09,1710138003442838099
4.296146,73.42,1710140750570515832
5.1157246,166.62,1710163878039067491
5.5985885,270.04,1710165500092250068
4.9489794,141.03,1710167334218925850
5.628525,278.25,1710179572292192414
4.608552,100.34,1710198894253682051
4.6093287,100.42,1710213232998887598
4.217648,67.87,1710275696628420851
5.63451,279.92,1710312952242416543
4.6835794,108.16,1710347658597259311
4.6561365,105.23,1710349032585383343
4.676572,107.4,1710699175550551686
5.296815,199.7,1710704891586972815
6.2678294,527.33,1710757760469731735
4.4389563,84.69,1710759817803200067
4.600311,99.52,1710770010767803523
4.4735117,87.66,1710788241093517732
5.324406,205.29,1710804470910251065
4.537561,93.46,1710843837683658715
4.557039,95.3,1710857353226707535
4.44462,85.17,1710908761063573022
3.4354198,31.04,1710910778643164774
4.7584906,116.57,1710916195625632876
4.4925356,89.35,1710927144001559649
3.465685,32.0,1710933895114537069
3.4579055,31.75,1710942291887152062
5.6325045,279.36,1710966284420954936
4.618329,101.32,1711075262578317048
4.5871344,98.21,1711084456018780228
4.6676235,106.44,1711094558296707287
5.187183,178.96,1711099461539753954
4.8954363,133.68,1711131597492284186
3.7593122,42.92,1711355849482084021
5.608101,272.63,1711395866410437733
5.0451703,155.27,1711436380940364842
5.0272427,152.51,1711437402098293948
5.0703387,159.23,1711438012685305811
4.8799143,131.62,1711438650156593716
5.379729,216.96,1711469691903280738
4.3908234,80.71,1711475459723922046
4.487568,88.9,1711489864977442907
3.4844735,32.61,1711490112595852296
3.5793288,35.85,1711492050007535948
4.4289865,83.85,1711495509051774265
3.5793288,35.85,1711497170726582645
3.4610114,31.85,1711499433158494940
3.742132,42.19,1711507788446357979
5.1088653,165.48,1711514294087409083
4.618241,101.32,1711523760394943748
5.3153768,203.44,1711524726581368582
3.4477491,31.43,1711526530644201751
5.277798,195.94,1711531064862821093
4.771354,118.08,1711575280920803663
4.956903,142.15,1711575380808530898
4.9964027,147.88,1711602075070414962
4.423395,83.38,1711604261033123397
3.5809345,35.91,1711604705977250235
4.610324,100.52,1711607959256063123
3.5793288,35.85,1711611823363162572
5.0494847,155.94,1711615204970970132
3.4123683,30.34,1711618586800237577
3.4123683,30.34,1711622732597555544
5.309485,202.25,1711622951383812410
3.4377851,31.12,1711628307325237588
3.4996374,33.1,1711632889200020113
3.6113365,37.02,1711643963354701069
3.4668221,32.03,1711649691132958039
3.4342546,31.01,1711652436810502937
4.9262853,137.87,1711658507560123358
3.8372898,46.4,1711658656993615106
4.5689015,96.44,1711660549667619034
3.4437978,31.31,1711669029820634834
3.4669352,32.04,1711669620732359351
4.754831,116.14,1711669839372304875
3.4669352,32.04,1711674135310130860
3.4490364,31.47,1711674802612935130
3.4297826,30.87,1711681215141944768
3.5119956,33.52,1711685241438865824
4.5760455,97.13,1711689152363179675
3.417348,30.49,1711700467799233738
3.4356194,31.05,1711702153236965456
3.6910644,40.09,1711741036443303611
4.476408,87.92,1711751877003552830
4.5436983,94.04,1711814048499758945
4.34651,77.21,1711825714282622441
4.3446817,77.07,1711840175744202319
4.3661985,78.74,1711847391717379270
4.3956146,81.09,1711851989346581348
4.489228,89.05,1711852217941201913
4.585374,98.04,1711852224549874376
4.3870883,80.41,1711853080087071106
4.3591,78.19,1711854459082819773
4.8984313,134.08,1712117897740940245
4.6716285,106.87,1712241714838667030
4.52715,92.49,1712267898105409843
4.3920484,80.81,1712277613861468549
4.5298686,92.75,1712307174234138355
6.0962963,444.21,1712461869229272143
4.739379,114.36,1712469537960023279
4.5765777,97.18,1712565519416828400
4.878611,131.45,1712909886589632709
3.8711593,48.0,1713044039566702889
4.6911125,108.97,1713075272417711090
4.60317,99.8,1713148940894491560
4.3705425,79.09,1713154476962126874
4.608091,100.29,1713228071989185309
4.7122416,111.3,1713228090165100586
4.996712,147.93,1713228418044898732
3.4364917,31.08,1713628067512780523
3.4513736,31.54,1713640943649899468
5.581019,265.34,1713674785362063372
3.4276676,30.8,1713692522879114896
5.3212986,204.65,1713700116379603664
3.4834363,32.57,1713719502826301745
3.437105,31.1,1713725102889442205
3.5324326,34.21,1713744097054595680
3.4026775,30.04,1713754225821915052
3.4057655,30.14,1713768451549961178
3.3892875,29.64,1713790074419660200
4.815512,123.41,1713880305382079825
4.815512,123.41,1713880615456933651
4.8800087,131.63,1713908237725814272
4.529135,92.68,1713908361719563951
4.523821,92.19,1713908571902738039
4.2895246,72.93,1713999877445659227
4.536632,93.38,1714019154254978483
4.744791,114.98,1714028827594789328
4.8777075,131.33,1714043684017029422
4.3691573,78.98,1714077649849450759
4.3691573,78.98,1714089919160177665
4.3651667,78.66,1714099169185025870
3.9142475,50.11,1714297162314818844
4.2452707,69.77,1714352159935255639
6.2597704,523.1,1714360076015268833
5.1174517,166.91,1714372352789146133
4.5868263,98.18,1714388572510612268
5.456964,234.38,1714397235779946490
5.282379,196.84,1714399961356649161
5.436457,229.63,1714416591796552522
3.5015702,33.17,1714431992363418643
3.3768737,29.28,1714436799055988275
4.2452707,69.77,1714453367636295798
4.2452707,69.77,1714507108958061169
5.8939304,362.83,1714524223290226460
5.902063,365.79,1714528494413566181
5.859904,350.69,1714531569719409706
